<?xml version="1.0" encoding="UTF-8"?>
<!--======  Schema XML ======-->
<!-- <!DOCTYPE Schema SYSTEM "DJMap.dtd"> -->
<Schema author="ychen" connectorname="XML" creator="scottk"
    datecreated="2008-04-22T21:08:51Z"
    datemodified="2011-12-07T19:31:15Z" designedfor="Source"
    location="xmldb:ref:///C:/etl/R4.8/WebServices/Schemas/ETLWebServicesInput.ss.xml"
    schemaVersion="1.2"
            version="1.0">
  <RecordLayouts>
    <RecordLayout
            length="0" name="ETLWebServiceRequests"
                status="0">
      <Origin
                    origintype="0"/>
      <Fields>
        <Field
                        name="Request">
          <Datatype
                        dataalias="Record" dataautoinc="no"
                        datacurrency="no" dataidentity="no"
                        datalength="0" datarowversion="no"
                    datatype="11"/>
        </Field>
      </Fields>
      <RecordLayoutOptions>
        <Option
                    name="uniquenameprefix"
            value="FIELD1"/>
      </RecordLayoutOptions>
    </RecordLayout>
    <RecordLayout
            length="18" name="Request" status="0">
      <Origin
                    origintype="0"/>
      <Fields>
        <Field
                        name="[Request]save-arevent-with-shortnames">
          <Datatype
                        dataalias="Record" dataautoinc="no"
                        datacurrency="no" dataidentity="no"
                        datalength="0" datarowversion="no"
                    datatype="11"/>
        </Field>
        <Field
                        name="[Request]assign-consumer-tag">
          <Datatype
                        dataalias="Record" dataautoinc="no"
                        datacurrency="no" dataidentity="no"
                        datalength="0" datarowversion="no"
                    datatype="11"/>
        </Field>
        <Field
                        name="[Request]assign-consumer-account-tag">
          <Datatype
                        dataalias="Record" dataautoinc="no"
                        datacurrency="no" dataidentity="no"
                        datalength="0" datarowversion="no"
                    datatype="11"/>
        </Field>
        <Field
                        name="RequestType">
          <Datatype
                        dataalias="string attribute" dataautoinc="no"
                        datacurrency="no" dataidentity="no"
                        datalength="18" datarowversion="no"
                    datatype="0"/>
        </Field>
        <Field
                        name="[Request]assign-consumer-payment-tag">
          <Datatype
                        dataalias="Record" dataautoinc="no"
                        datacurrency="no" dataidentity="no"
                        datalength="0" datarowversion="no"
                    datatype="11"/>
        </Field>
      </Fields>
      <RecordLayoutOptions>
        <Option
                    name="uniquenameprefix"
            value="FIELD1"/>
      </RecordLayoutOptions>
    </RecordLayout>
    <RecordLayout
            length="80" name="[Request]save-arevent-with-shortnames"
                status="0">
      <Origin
                    origintype="0"/>
      <Fields>
        <Field
                        name="consumer-agency-identifier">
          <Datatype
                        dataalias="string" dataautoinc="no"
                        datacurrency="no" dataidentity="no"
                        datalength="16" datarowversion="no"
                    datatype="0"/>
        </Field>
        <Field
                        name="consumer-account-agency-identifier">
          <Datatype
                        dataalias="string" dataautoinc="no"
                        datacurrency="no" dataidentity="no"
                        datalength="16" datarowversion="no"
                    datatype="0"/>
        </Field>
        <Field
                        name="action-code-shortname">
          <Datatype
                        dataalias="string" dataautoinc="no"
                        datacurrency="no" dataidentity="no"
                        datalength="16" datarowversion="no"
                    datatype="0"/>
        </Field>
        <Field
                        name="result-code-shortname">
          <Datatype
                        dataalias="string" dataautoinc="no"
                        datacurrency="no" dataidentity="no"
                        datalength="16" datarowversion="no"
                    datatype="0"/>
        </Field>
        <Field
                        name="message-text">
          <Datatype
                        dataalias="string" dataautoinc="no"
                        datacurrency="no" dataidentity="no"
                        datalength="16" datarowversion="no"
                    datatype="0"/>
        </Field>
      </Fields>
      <RecordLayoutOptions>
        <Option
                    name="uniquenameprefix"
            value="FIELD1"/>
      </RecordLayoutOptions>
    </RecordLayout>
    <RecordLayout
            length="32" name="[Request]assign-consumer-tag"
                status="0">
      <Origin
                    origintype="0"/>
      <Fields>
        <Field
                        name="tag-short-name">
          <Datatype
                        dataalias="string" dataautoinc="no"
                        datacurrency="no" dataidentity="no"
                        datalength="16" datarowversion="no"
                    datatype="0"/>
        </Field>
        <Field
                        name="consumer-agency-identifier">
          <Datatype
                        dataalias="string" dataautoinc="no"
                        datacurrency="no" dataidentity="no"
                        datalength="16" datarowversion="no"
                    datatype="0"/>
        </Field>
      </Fields>
      <RecordLayoutOptions>
        <Option
                    name="uniquenameprefix"
            value="FIELD1"/>
      </RecordLayoutOptions>
    </RecordLayout>
    <RecordLayout
            length="32" name="[Request]assign-consumer-account-tag"
                status="0">
      <Origin
                    origintype="0"/>
      <Fields>
        <Field
                        name="tag-short-name">
          <Datatype
                        dataalias="string" dataautoinc="no"
                        datacurrency="no" dataidentity="no"
                        datalength="16" datarowversion="no"
                    datatype="0"/>
        </Field>
        <Field
                        name="agency-consumer-account-id">
          <Datatype
                        dataalias="string" dataautoinc="no"
                        datacurrency="no" dataidentity="no"
                        datalength="16" datarowversion="no"
                    datatype="0"/>
        </Field>
      </Fields>
      <RecordLayoutOptions>
        <Option
                    name="uniquenameprefix"
            value="FIELD1"/>
      </RecordLayoutOptions>
    </RecordLayout>
    <RecordLayout
            length="32" name="[Request]assign-consumer-payment-tag"
                status="0">
      <Origin
                    origintype="0"/>
      <Fields>
        <Field
                        name="tag-short-name">
          <Datatype
                        dataalias="string" dataautoinc="no"
                        datacurrency="no" dataidentity="no"
                        datalength="16" datarowversion="no"
                    datatype="0"/>
        </Field>
        <Field
                        name="consumer-payment-id">
          <Datatype
                        dataalias="string" dataautoinc="no"
                        datacurrency="no" dataidentity="no"
                        datalength="16" datarowversion="no"
                    datatype="0"/>
        </Field>
      </Fields>
      <RecordLayoutOptions>
        <Option
                    name="uniquenameprefix" value="FIELD1"/>
      </RecordLayoutOptions>
    </RecordLayout>
  </RecordLayouts>
</Schema>
