<?xml version="1.0" encoding="UTF-8"?>
<!--======  Schema XML ======-->
<!-- <!DOCTYPE Schema SYSTEM "DJMap.dtd"> -->
<Schema author="scottk" connectorname="XML" creator="scottk"
    datecreated="2008-04-22T21:05:35Z"
    datemodified="2008-04-24T21:23:21Z" designedfor="Source"
    location="xmldb:ref:///C:/etl/R4.8/WebServices/Schemas/ETLWebServicesConfig.ss.xml"
    schemaVersion="1.2"
            version="1.1">
  <RecordLayouts>
    <RecordLayout
            length="0" name="TitaniumWebServices"
                status="0">
      <Origin
                originconnectstring="xmldb:ref:///C:/etl/R4.8/WebServices/Schemas/ETLWebServicesConfig.ss.xml"
                originrname="TitaniumWebServices"
                    origintype="1"/>
      <Fields>
        <Field
                        name="TitaniumWebService">
          <Datatype
                        dataalias="Record" dataautoinc="no"
                        datacurrency="no" dataidentity="no"
                        datalength="0" datarowversion="no"
                    datatype="11"/>
        </Field>
      </Fields>
      <RecordLayoutOptions>
        <Option
                    name="uniquenameprefix"
            value="FIELD1"/>
      </RecordLayoutOptions>
    </RecordLayout>
    <RecordLayout
            length="100" name="TitaniumWebService"
                status="0">
      <Origin
                originconnectstring="xmldb:ref:///C:/etl/R4.8/WebServices/Schemas/ETLWebServicesConfig.ss.xml"
                originrname="TitaniumWebService"
                    origintype="1"/>
      <Fields>
        <Field
                        name="ServiceName">
          <Datatype
                        dataalias="string" dataautoinc="no"
                        datacurrency="no" dataidentity="no"
                        datalength="20" datarowversion="no"
                    datatype="0"/>
        </Field>
        <Field
                        name="WsdlURL">
          <Datatype
                        dataalias="string" dataautoinc="no"
                        datacurrency="no" dataidentity="no"
                        datalength="16" datarowversion="no"
                    datatype="0"/>
        </Field>
        <Field
                        name="ServiceEndPoint">
          <Datatype
                        dataalias="string" dataautoinc="no"
                        datacurrency="no" dataidentity="no"
                        datalength="16" datarowversion="no"
                    datatype="0"/>
        </Field>
        <Field
                        name="SchemaDirectory">
          <Datatype
                        dataalias="string" dataautoinc="no"
                        datacurrency="no" dataidentity="no"
                        datalength="16" datarowversion="no"
                    datatype="0"/>
        </Field>
        <Field
                        name="RequestSchema">
          <Datatype
                        dataalias="string" dataautoinc="no"
                        datacurrency="no" dataidentity="no"
                        datalength="16" datarowversion="no"
                    datatype="0"/>
        </Field>
        <Field
                        name="ResponseSchema">
          <Datatype
                        dataalias="string" dataautoinc="no"
                        datacurrency="no" dataidentity="no"
                        datalength="16" datarowversion="no"
                    datatype="0"/>
        </Field>
      </Fields>
      <RecordLayoutOptions>
        <Option
                    name="uniquenameprefix" value="FIELD1"/>
      </RecordLayoutOptions>
    </RecordLayout>
  </RecordLayouts>
</Schema>
