<?xml version="1.0" encoding="UTF-8"?>
<!--======  Map XML ======-->
<!-- <!DOCTYPE Map SYSTEM "DJMap.dtd"> -->
<Map author="mkussoff" creator="mkussoff"
    datecreated="2011-08-29T21:00:17Z"
    datemodified="2011-10-28T13:22:30Z" schemaVersion="1.2"
            version="1.6">
  <MapSources>
    <MapSource
                name="MapSource1">
      <MapSchema
                originallocation="xmldb:ref:///C:/etl/Trunk/TitaniumFullCycle/Schemas"
                schemaname="../Schemas/TitaniumFullCycle.ss.xml"/>
      <RecordLayoutEvents
                    recordlayoutname="Record56">
        <Event
                        name="AfterEveryRecord">
          <Action
                            name="ClearMapPut Record">
            <Parameter
                            name="target name"
                            position="0"><![CDATA[Target]]></Parameter>
            <Parameter
                            name="record layout"
                            position="1"><![CDATA[R1]]></Parameter>
            <Parameter
                            name="buffered"
                position="4"><![CDATA[false]]></Parameter>
          </Action>
        </Event>
      </RecordLayoutEvents>
      <RecordLayoutEvents
                    recordlayoutname="Record65">
        <Event
                        name="AfterEveryRecord">
          <Action
                            name="ClearMapPut Record">
            <Parameter
                            name="target name"
                            position="0"><![CDATA[Target]]></Parameter>
            <Parameter
                            name="record layout"
                            position="1"><![CDATA[R1]]></Parameter>
            <Parameter
                            name="buffered"
            position="4"><![CDATA[false]]></Parameter>
          </Action>
        </Event>
      </RecordLayoutEvents>
    </MapSource>
  </MapSources>
  <MapTargets>
    <MapTarget
                    name="MapTarget1">
      <MapSchema>
        <Schema
                    connectorname="SQL Server 2005 Mass Insert"
                            designedfor="Target">
          <RecordLayouts>
            <RecordLayout
                            length="1352" name="R1"
                                status="0">
              <Origin
                                    origintype="0"/>
              <Fields>
                <Field
                                    name="payer_nm">
                  <Datatype
                                    dataalias="varchar"
                                    dataautoinc="no"
                                    datacurrency="no"
                                    dataidentity="no"
                                    datalength="128" datanulls="yes"
                                    datarowversion="no"
                                    datatype="151"
                                    datavariablelength="no"/>
                </Field>
                <Field
                                    name="payer_cntct_nm">
                  <Datatype
                                    dataalias="varchar"
                                    dataautoinc="no"
                                    datacurrency="no"
                                    dataidentity="no"
                                    datalength="128" datanulls="yes"
                                    datarowversion="no"
                                    datatype="151"
                                    datavariablelength="no"/>
                </Field>
                <Field
                                    name="payer_idntfr_txt">
                  <Datatype
                                    dataalias="varchar"
                                    dataautoinc="no"
                                    datacurrency="no"
                                    dataidentity="no"
                                    datalength="64" datanulls="yes"
                                    datarowversion="no"
                                    datatype="151"
                                    datavariablelength="no"/>
                </Field>
                <Field
                                    name="payer_addrss_ln_1_txt">
                  <Datatype
                                    dataalias="varchar"
                                    dataautoinc="no"
                                    datacurrency="no"
                                    dataidentity="no"
                                    datalength="128" datanulls="yes"
                                    datarowversion="no"
                                    datatype="151"
                                    datavariablelength="no"/>
                </Field>
                <Field
                                    name="payer_addrss_ln_2_txt">
                  <Datatype
                                    dataalias="varchar"
                                    dataautoinc="no"
                                    datacurrency="no"
                                    dataidentity="no"
                                    datalength="128" datanulls="yes"
                                    datarowversion="no"
                                    datatype="151"
                                    datavariablelength="no"/>
                </Field>
                <Field
                                    name="payer_addrss_city_txt">
                  <Datatype
                                    dataalias="varchar"
                                    dataautoinc="no"
                                    datacurrency="no"
                                    dataidentity="no"
                                    datalength="128" datanulls="yes"
                                    datarowversion="no"
                                    datatype="151"
                                    datavariablelength="no"/>
                </Field>
                <Field
                                    name="payer_addrss_cnty_txt">
                  <Datatype
                                    dataalias="varchar"
                                    dataautoinc="no"
                                    datacurrency="no"
                                    dataidentity="no"
                                    datalength="128" datanulls="yes"
                                    datarowversion="no"
                                    datatype="151"
                                    datavariablelength="no"/>
                </Field>
                <Field
                                    name="payer_addrss_st_cd_txt">
                  <Datatype
                                    dataalias="varchar"
                                    dataautoinc="no"
                                    datacurrency="no"
                                    dataidentity="no"
                                    datalength="20" datanulls="yes"
                                    datarowversion="no"
                                    datatype="151"
                                    datavariablelength="no"/>
                </Field>
                <Field
                                    name="payer_addrss_pstl_code_txt">
                  <Datatype
                                    dataalias="varchar"
                                    dataautoinc="no"
                                    datacurrency="no"
                                    dataidentity="no"
                                    datalength="32" datanulls="yes"
                                    datarowversion="no"
                                    datatype="151"
                                    datavariablelength="no"/>
                </Field>
                <Field
                                    name="payer_addrss_cntry_cd">
                  <Datatype
                                    dataalias="int" dataautoinc="no"
                                    datacurrency="no"
                                    dataidentity="no" datalength="4"
                                    datamsbfirst="no"
                                    datanulls="yes"
                                    dataprecision="9"
                                    datarowversion="no"
                                    datasigned="yes"
                                    datatype="2"/>
                </Field>
                <Field
                                    name="payer_phn_nmbr_txt">
                  <Datatype
                                    dataalias="varchar"
                                    dataautoinc="no"
                                    datacurrency="no"
                                    dataidentity="no"
                                    datalength="20" datanulls="yes"
                                    datarowversion="no"
                                    datatype="151"
                                    datavariablelength="no"/>
                </Field>
                <Field
                                    name="payer_fax_nmbr_txt">
                  <Datatype
                                    dataalias="varchar"
                                    dataautoinc="no"
                                    datacurrency="no"
                                    dataidentity="no"
                                    datalength="20" datanulls="yes"
                                    datarowversion="no"
                                    datatype="151"
                                    datavariablelength="no"/>
                </Field>
                <Field
                                    name="payer_medcare_rgn_txt">
                  <Datatype
                                    dataalias="varchar"
                                    dataautoinc="no"
                                    datacurrency="no"
                                    dataidentity="no"
                                    datalength="128" datanulls="yes"
                                    datarowversion="no"
                                    datatype="151"
                                    datavariablelength="no"/>
                </Field>
                <Field
                                    name="payer_medcaid_idntfr_txt">
                  <Datatype
                                    dataalias="varchar"
                                    dataautoinc="no"
                                    datacurrency="no"
                                    dataidentity="no"
                                    datalength="64" datanulls="yes"
                                    datarowversion="no"
                                    datatype="151"
                                    datavariablelength="no"/>
                </Field>
                <Field
                                    name="payer_plan">
                  <Datatype
                                    dataalias="Text"
                                    dataautoinc="no"
                                    datacurrency="no"
                                    dataidentity="no"
                                    datalength="128" datapadchar=" "
                                    datarowversion="no"
                                    datatype="0"/>
                </Field>
                <Field
                                    name="health_plan_id">
                  <Datatype
                                    dataalias="Text"
                                    dataautoinc="no"
                                    datacurrency="no"
                                    dataidentity="no"
                                    datalength="64" datapadchar=" "
                                    datarowversion="no"
                                    datatype="0"/>
                </Field>
                <Field
                                    name="UniqueConsumerID">
                  <Datatype
                                    dataalias="Text"
                                    dataalign="Left"
                                    dataautoinc="no"
                                    datacurrency="no"
                                    dataidentity="no"
                                    datalength="20" datapadchar=" "
                                    datarowversion="no"
                                    datatype="0"/>
                </Field>
                <Field
                                    name="UniqueConsumerAccountID">
                  <Datatype
                                    dataalias="Text"
                                    dataalign="Left"
                                    dataautoinc="no"
                                    datacurrency="no"
                                    dataidentity="no"
                                    datalength="20" datapadchar=" "
                                    datarowversion="no"
                                    datatype="0"/>
                </Field>
              </Fields>
              <RecordLayoutOptions>
                <Option
                                    name="uniquenameprefix"
                        value="FIELD1"/>
              </RecordLayoutOptions>
            </RecordLayout>
          </RecordLayouts>
        </Schema>
        <MapExpressions>
          <MapExpression
                        fieldname="payer_nm" language="DJScript"
                        recordlayoutname="R1"><![CDATA[Records("Record56").Fields("Payer Name")]]></MapExpression>
          <MapExpression
                        fieldname="payer_cntct_nm" language="DJScript"
                        recordlayoutname="R1"><![CDATA[Records("Record56").Fields("Payer Contact Name")]]></MapExpression>
          <MapExpression
                        fieldname="payer_idntfr_txt" language="DJScript"
                        recordlayoutname="R1"><![CDATA[Records("Record56").Fields("Payer Identifier")]]></MapExpression>
          <MapExpression
                        fieldname="payer_addrss_ln_1_txt"
                        language="DJScript"
                        recordlayoutname="R1"><![CDATA[Records("Record56").Fields("Payer Address Line 1")]]></MapExpression>
          <MapExpression
                        fieldname="payer_addrss_ln_2_txt"
                        language="DJScript"
                        recordlayoutname="R1"><![CDATA[Records("Record56").Fields("Payer Address Line 2")]]></MapExpression>
          <MapExpression
                        fieldname="payer_addrss_city_txt"
                        language="DJScript"
                        recordlayoutname="R1"><![CDATA[Records("Record56").Fields("Payer Address City")]]></MapExpression>
          <MapExpression
                        fieldname="payer_addrss_cnty_txt"
                        language="DJScript"
                        recordlayoutname="R1"><![CDATA[Records("Record56").Fields("Payer Address County")]]></MapExpression>
          <MapExpression
                        fieldname="payer_addrss_st_cd_txt"
                        language="DJScript"
                        recordlayoutname="R1"><![CDATA[Records("Record56").Fields("Payer Address State")]]></MapExpression>
          <MapExpression
                        fieldname="payer_addrss_pstl_code_txt"
                        language="DJScript"
                        recordlayoutname="R1"><![CDATA[Records("Record56").Fields("Payer Address Postal Code")]]></MapExpression>
          <MapExpression
                        fieldname="payer_addrss_cntry_cd"
                        language="DJScript"
                        recordlayoutname="R1"><![CDATA[Records("Record56").Fields("Payer Address Country Code")]]></MapExpression>
          <MapExpression
                        fieldname="payer_phn_nmbr_txt"
                        language="DJScript"
                        recordlayoutname="R1"><![CDATA[Records("Record56").Fields("Payer Phone Number")]]></MapExpression>
          <MapExpression
                        fieldname="payer_fax_nmbr_txt"
                        language="DJScript"
                        recordlayoutname="R1"><![CDATA[Records("Record56").Fields("Payer Fax Number")]]></MapExpression>
          <MapExpression
                        fieldname="payer_medcare_rgn_txt"
                        language="DJScript"
                        recordlayoutname="R1"><![CDATA[Records("Record56").Fields("Payer Medicare Region")]]></MapExpression>
          <MapExpression
                        fieldname="payer_medcaid_idntfr_txt"
                        language="DJScript"
                        recordlayoutname="R1"><![CDATA[Records("Record56").Fields("Payer Medicaid ID")]]></MapExpression>
          <MapExpression
                        fieldname="payer_plan" language="DJScript"
                        recordlayoutname="R1"><![CDATA[Records("Record56").Fields("Payer Plan Name")]]></MapExpression>
          <MapExpression
                        fieldname="health_plan_id" language="DJScript"
                        recordlayoutname="R1"><![CDATA[Records("Record56").Fields("Health Plan Id")]]></MapExpression>
          <MapExpression
                        fieldname="UniqueConsumerID" language="DJScript"
                        recordlayoutname="R1"><![CDATA[Records("Record56").Fields("Unique Consumer ID")]]></MapExpression>
          <MapExpression
                        fieldname="UniqueConsumerAccountID"
                        language="DJScript" recordlayoutname="R1"><![CDATA[Records("Record56").Fields("Unique Consumer Account ID")]]></MapExpression>
        </MapExpressions>
      </MapSchema>
    </MapTarget>
  </MapTargets>
</Map>
