<?xml version="1.0" encoding="UTF-8" ?>
<!--======  Transformation XML ======-->
<!-- <!DOCTYPE Transformation SYSTEM "DJMap.dtd"> -->
<Transformation schemaVersion = "1.2" version = "1.9" creator = "Kim" datecreated = "2012-11-29T03:30:39+05:30" author = "HCLTECH\saravanan_s" datemodified = "2023-05-15T12:18:16.5456653+05:30" partial = "no">
  <LogManager loglocation = "TransformMap.log" messagetypemask = "15"/>
  <ProfileManager enabled = "False" outputfile = "C:\DataConnect_Workspaces\All Djar List 9.2 version_std\All Djar List 9.2 version_std\All Djar List 9.2 version\New bussiness ETL\TitaniumFullCycleNewBusiness.4.8\TitaniumFullCycle\Maps\Execution Profiles\profile.out" filter = "-1"/>
  <MacroManager>
    <MacroSets>
      <MacroSet name = "GLOBAL"/>
    </MacroSets>
  </MacroManager>
  <TransformationOptions>
    <Option name = "truncationhandling" value = "0"/>
    <Option name = "overflowhandling" value = "0"/>
    <Option name = "nonullshandling" value = "0"/>
    <Option name = "maxerrorcount" value = "1"/>
    <Option name = "logfieldcount" value = "5"/>
    <Option name = "clearlogbeforerun" value = "no"/>
  </TransformationOptions>
  <TransformationSources>
    <TransformationSource name = "TransformationSource1" connectorname = "ASCII (Fixed)">
      <TransformationSourceOptions>
        <Option name = "codepage" value = "ANSI"/>
        <Option name = "recsep" value = "LF"/>
        <Option name = "lstrip" value = "False"/>
        <Option name = "tstrip" value = "True"/>
        <Option name = "soffset" value = "0"/>
        <Option name = "tabex" value = "0"/>
        <Option name = "samplesize" value = "1000"/>
        <Option name = "datatypes" value = "standard"/>
        <Option name = "inserteofrecsep" value = "False"/>
        <Option name = "numericformatnormalization" value = "False"/>
        <Option name = "layoutmismatch" value = "0"/>
      </TransformationSourceOptions>
      <DataAccess>
        <ConnectionInfo>
          <ResMgrSession name = "RMSession1" type = "ASCII (Fixed)"/>
          <ConnectionDetail location = "$(TITANIUM_FULL_CYCLE_INPUT_DIR)\$(TITANIUM_FULL_CYCLE_INPUT_FILE)">
            <UExtra><![CDATA[0@@]]></UExtra>
          </ConnectionDetail>
        </ConnectionInfo>
        <SampleInfo type = "All"/>
        <DataAccessOptions>
          <Option name = "filterrecordlimit" value = "2147483647"/>
          <Option name = "sortduplicaterecordsallowed" value = "True"/>
        </DataAccessOptions>
      </DataAccess>
    </TransformationSource>
  </TransformationSources>
  <TransformationTargets>
    <TransformationTarget name = "TransformationTarget1" connectorname = "XML" outputmode = "Replace" updatemode = "UpdateEvery" updatewithnullfields = "no" replacefullrecord = "yes">
      <TransformationTargetOptions>
        <Option name = "encoding" value = "UTF-8"/>
        <Option name = "byteorder" value = "Auto"/>
        <Option name = "writexmldecl" value = "True"/>
        <Option name = "writedtd" value = "None"/>
        <Option name = "dtdfile"/>
        <Option name = "qualifiedrecordnames" value = "False"/>
        <Option name = "processinginstructions" value = "&lt;newbiz xsi:schemaLocation=&quot;http://www.crsoftwareinc.com/xml/ns/titanium/common/v1_0 newbiz.xsd&quot; xmlns=&quot;http://www.crsoftwareinc.com/xml/ns/titanium/common/v1_0&quot; xmlns:xsi=&quot;http://www.w3.org/2001/XMLSchema-instance&quot;&gt; \U+000d\U+000a  &lt;newbiz-header&gt;\U+000d\U+000a    &lt;total-consumers&gt;1&lt;/total-consumers&gt;\U+000d\U+000a    &lt;creditor-name&gt;&lt;/creditor-name&gt;\U+000d\U+000a    &lt;total-principal&gt;1&lt;/total-principal&gt;\U+000d\U+000a    &lt;total-charge&gt;1&lt;/total-charge&gt;\U+000d\U+000a    &lt;total-interest&gt;1&lt;/total-interest&gt;    &lt;total-balance&gt;1&lt;/total-balance&gt;\U+000d\U+000a  &lt;/newbiz-header&gt;\U+000d\U+000a  &lt;consumers&gt;"/>
        <Option name = "footer" value = "  &lt;/consumers&gt;\U+000d\U+000a&lt;/newbiz&gt;"/>
        <Option name = "internalsubset"/>
        <Option name = "doctypename"/>
        <Option name = "writeempty" value = "False"/>
        <Option name = "writeemptyattr" value = "False"/>
        <Option name = "useemptytag" value = "False"/>
        <Option name = "retainrecordorder" value = "False"/>
        <Option name = "formatted" value = "True"/>
        <Option name = "ischildtextnode" value = "True"/>
        <Option name = "updateaddmismatch" value = "True"/>
        <Option name = "layoutmismatch" value = "0"/>
        <Option name = "recordrepetitioncount" value = "0"/>
      </TransformationTargetOptions>
      <DataAccess>
        <ConnectionInfo>
          <ResMgrSession name = "RMSession1" type = "XML"/>
          <ConnectionDetail location = "$(TITANIUM_FULL_CYCLE_OUTPUT_DIR)\$(TITANIUM_FULL_CYCLE_OUTPUT_FILE)"/>
        </ConnectionInfo>
        <SampleInfo type = "All"/>
        <DataAccessOptions>
          <Option name = "filterrecordlimit" value = "2147483647"/>
        </DataAccessOptions>
      </DataAccess>
    </TransformationTarget>
  </TransformationTargets>
  <TransformationMap mapname = "TitaniumFullCycleNewBusiness.map.xml" originallocation = "C:\DataConnect_Workspaces\All Djar List 9.2 version_std\All Djar List 9.2 version_std\All Djar List 9.2 version\New bussiness ETL\TitaniumFullCycleNewBusiness.4.8\TitaniumFullCycle\Maps"/>
</Transformation>