<?xml version="1.0" encoding="UTF-8"?>
<!--======  Transformation XML ======-->
<!-- <!DOCTYPE Transformation SYSTEM "DJMap.dtd"> -->
<Transformation author="mkussoff" creator="mkussoff"
    datecreated="2011-08-29T21:00:17Z"
    datemodified="2011-10-28T13:22:30Z" partial="no" schemaVersion="1.2"
        version="1.6">
	<LogManager
        loglocation="C:\Users\mkusoff\Pervasive\Logs\MapDesigner\TransformMap.log"
            messagetypemask="15"/>
	<TransformationOptions>
		<Option
            name="truncationhandling" value="0"/>
		<Option
            name="overflowhandling" value="0"/>
		<Option
            name="nonullshandling" value="0"/>
		<Option
            name="maxerrorcount" value="1"/>
		<Option
            name="logfieldcount" value="5"/>
		<Option
            name="clearlogbeforerun"
            value="no"/>
	</TransformationOptions>
	<TransformationSources>
		<TransformationSource
            connectorname="ASCII (Fixed)"
                    name="TransformationSource1">
			<TransformationSourceOptions>
				<Option
                    name="codepage" value="ANSI"/>
				<Option
                    name="recsep" value="CR-LF"/>
				<Option
                    name="lstrip" value="False"/>
				<Option
                    name="tstrip" value="False"/>
				<Option
                    name="soffset" value="0"/>
				<Option name="tabex"
                    value="0"/>
				<Option name="samplesize"
                    value="1000"/>
				<Option name="datatypes"
                    value="standard"/>
				<Option
                    name="inserteofrecsep" value="False"/>
				<Option
                    name="numericformatnormalization"
                    value="False"/>
				<Option name="layoutmismatch"
                        value="0"/>
			</TransformationSourceOptions>
			<DataAccess>
				<ConnectionInfo>
					<ResMgrSession
                        name="" resourcemanager="" server=""
                        type="ASCII (Fixed)"
                        userid=""/>
					<ConnectionDetail
                    location="$(TITANIUM_FULL_CYCLE_INPUT_DIR)\$(TITANIUM_FULL_CYCLE_INPUT_FILE)"/>
				</ConnectionInfo>
				<SampleInfo
                        type="All"/>
				<DataAccessOptions>
					<Option
                        name="filterrecordlimit"
                        value="2147483647"/>
					<Option
                        name="sortduplicaterecordsallowed"
            value="True"/>
				</DataAccessOptions>
			</DataAccess>
		</TransformationSource>
	</TransformationSources>
	<TransformationTargets>
		<TransformationTarget
            connectorname="SQL Server 2005 Mass Insert"
            name="TransformationTarget1" outputmode="Replace"
            replacefullrecord="yes" updatemode="UpdateEvery"
                    updatewithnullfields="no">
			<TransformationTargetOptions>
				<Option
                    name="encoding" value="OEM"/>
				<Option
                    name="commitfrequency" value="0"/>
				<Option
                    name="constraintddl"/>
				<Option name="systables"
                    value="False"/>
				<Option name="views"
                    value="True"/>
				<Option name="idwrites"
                    value="False"/>
				<Option name="tablock"
                    value="True"/>
				<Option name="updateaddmismatch"
                    value="True"/>
				<Option name="layoutmismatch"
                    value="0"/>
				<Option name="recordrepetitioncount"
                        value="0"/>
			</TransformationTargetOptions>
			<DataAccess>
				<ConnectionInfo>
					<ResMgrSession
                        name="SQLServer2005MassInsert-1"
                        resourcemanager="$(DBNAME)"
                        server="$(SQLSERVER)"
                        type="SQL Server 2005 Mass Insert"
                        userid="$(DBUSERNAME)">
						<Password><![CDATA[AQBBAKQAwABhAHAAegA5APkA+AC9AF0ALAAGAJYA]]></Password>
					</ResMgrSession>
					<ConnectionDetail
                    table="ETL.TitaniumFullCyclePayers"/>
				</ConnectionInfo>
				<SampleInfo
                        type="All"/>
				<DataAccessOptions>
					<Option
                        name="filterrecordlimit"
        value="2147483647"/>
				</DataAccessOptions>
			</DataAccess>
		</TransformationTarget>
	</TransformationTargets>
	<TransformationMap
        mapname="TitaniumFullCycleNewMDPayers.map.xml" originallocation=""/>
</Transformation>
