<?xml version="1.0" encoding="UTF-8"?>
<!--======  Map XML ======-->
<!-- <!DOCTYPE Map SYSTEM "DJMap.dtd"> -->
<Map author="chrish" creator="chrish" datecreated="2012-05-10T03:42:39Z"
    datemodified="2012-05-10T03:42:39Z" schemaVersion="1.2"
            version="1.6">
  <MapEvents>
    <Event
                name="BeforeTransformation">
      <Action
                    name="Execute">
        <Parameter name="expression"
            position="0"><![CDATA[dim connectString
dim usr_id
DIM SQLDatabase as DJImport


' Declares the import spoke type. 
Set SQLDatabase = new djimport "SQL Server 2005"  'new djimport "SQL Server 2005"

' Sets the import connect string. 
connectString = "server=" & MacroValue("SQLSERVER") & ";database=" & MacroValue("DBNAME") & ";userid=" & MacroValue("DBUSERNAME") & ";password=" & MacroValue("DBPASSWORD")
SQLDatabase.connectstring = connectString

sqlStatement = "select usr_id from usr where usr_usrnm = 'system'"
SQLDatabase.sqlStatement = sqlStatement
usr_id = SQLDatabase.fields("usr_id")
DefineMacro("USRID", usr_id, "PAYMENT CLERK")
]]></Parameter>
      </Action>
    </Event>
    <Event
                name="AfterTransformation">
      <Action
                    name="ClearMapPut Record">
        <Parameter
                    name="target name"
                    position="0"><![CDATA[Target]]></Parameter>
        <Parameter
                    name="record layout"
                    position="1"><![CDATA[Request]]></Parameter>
        <Parameter
                    name="buffered"
                position="4"><![CDATA[false]]></Parameter>
      </Action>
      <Action
                    name="ClearMapPut Record">
        <Parameter
                    name="target name"
                    position="0"><![CDATA[Target]]></Parameter>
        <Parameter
                    name="record layout"
                    position="1"><![CDATA[import-and-post-payment-batch-request]]></Parameter>
        <Parameter
                    name="buffered"
            position="4"><![CDATA[false]]></Parameter>
      </Action>
    </Event>
  </MapEvents>
  <MapSources>
    <MapSource
                    name="MapSource1">
      <MapSchema>
        <Schema
                    connectorname="Null" creator="chrish"
                    datecreated="2010-02-04T17:04:27Z"
                            designedfor="Source">
          <RecordLayouts>
            <RecordLayout
                            length="4" name="R1"
                                status="0">
              <Origin
                                    origintype="0"/>
              <Fields>
                <Field
                                    name="Record Number">
                  <Datatype
                                    dataalias="Integer"
                                    dataautoinc="no"
                                    datacurrency="no"
                                    dataidentity="no" datalength="4"
                                    dataprecision="9"
                                    datarowversion="no"
                                    datasigned="yes"
                                    datatype="2"/>
                </Field>
              </Fields>
              <RecordLayoutOptions>
                <Option
                                    name="uniquenameprefix"
            value="FIELD1"/>
              </RecordLayoutOptions>
            </RecordLayout>
          </RecordLayouts>
        </Schema>
      </MapSchema>
    </MapSource>
  </MapSources>
  <MapTargets>
    <MapTarget
                name="MapTarget1">
      <MapSchema originallocation=""
                        schemaname="Schemas/WS_Payment.ss.xml">
        <MapExpressions>
          <MapExpression
                        fieldname="RequestType" language="DJScript"
                        recordlayoutname="Request"><![CDATA["PAYMENT"]]></MapExpression>
          <MapExpression
                        fieldname="batch-name" language="DJScript"
                        recordlayoutname="import-and-post-payment-batch-request"><![CDATA["WSP" & Left(Month(Date()), 1) & Day(Date()) & Right(Minute(Time()), 1) & Right(Second(Time()), 1)]]></MapExpression>
          <MapExpression
                        fieldname="assigned-to-clerk-id"
                        language="DJScript"
                        recordlayoutname="import-and-post-payment-batch-request"><![CDATA[MacroValue("USRID")]]></MapExpression>
          <MapExpression
                        fieldname="batch-type-reference"
                        language="DJScript"
                        recordlayoutname="import-and-post-payment-batch-request"><![CDATA["IMPORT"]]></MapExpression>
          <MapExpression
                        fieldname="process-post-payment-batch"
                        language="DJScript"
                        recordlayoutname="import-and-post-payment-batch-request"><![CDATA["true"]]></MapExpression>
          <MapExpression
                        fieldname="system-id" language="DJScript"
                        recordlayoutname="import-and-post-payment-batch-request"><![CDATA[MacroValue("PAYMENT_IMPORT_FILE")]]></MapExpression>
          <MapExpression
                        fieldname="crc" language="DJScript"
                        recordlayoutname="import-and-post-payment-batch-request"><![CDATA[MacroValue("PAYMENT_IMPORT_FILE_CHECKSUM")]]></MapExpression>
        </MapExpressions>
        <MapLockedIndicators>
          <MapLocked
                        fieldname="import-and-post-payment-batch-request" recordlayoutname="Request"/>
        </MapLockedIndicators>
      </MapSchema>
    </MapTarget>
  </MapTargets>
</Map>
