<?xml version="1.0" encoding="UTF-8"?>
<!--======  Transformation XML ======-->
<!-- <!DOCTYPE Transformation SYSTEM "DJMap.dtd"> -->
<Transformation author="chrish" creator="chrish"
    datecreated="2011-01-06T15:54:12Z"
    datemodified="2011-01-06T15:54:12Z" partial="no" schemaVersion="1.2"
        version="1.5">
	<LogManager loglocation="TransformMap.log"
            messagetypemask="15"/>
	<TransformationOptions>
		<Option
            name="truncationhandling" value="0"/>
		<Option
            name="overflowhandling" value="0"/>
		<Option
            name="nonullshandling" value="0"/>
		<Option
            name="maxerrorcount" value="1"/>
		<Option
            name="logfieldcount" value="5"/>
		<Option
            name="clearlogbeforerun"
            value="no"/>
	</TransformationOptions>
	<TransformationSources>
		<TransformationSource
            connectorname="Null"
                    name="TransformationSource1">
			<TransformationSourceOptions>
				<Option
                    name="reccount" value="100"/>
				<Option
                    name="layoutmismatch"
                        value="0"/>
			</TransformationSourceOptions>
			<DataAccess>
				<ConnectionInfo>
					<ResMgrSession
                        name=""
                    type="Null"/>
					<ConnectionDetail>
						<UExtra><![CDATA[0@@]]></UExtra>
					</ConnectionDetail>
				</ConnectionInfo>
				<SampleInfo
                        type="All"/>
				<DataAccessOptions>
					<Option
                        name="filterrecordlimit"
                        value="2147483647"/>
					<Option
                        name="sortduplicaterecordsallowed"
            value="True"/>
				</DataAccessOptions>
			</DataAccess>
		</TransformationSource>
	</TransformationSources>
	<TransformationTargets>
		<TransformationTarget
            connectorname="XML" name="TransformationTarget1"
            outputmode="Replace" replacefullrecord="yes"
            updatemode="UpdateEvery"
                    updatewithnullfields="no">
			<TransformationTargetOptions>
				<Option
                    name="encoding" value="ISO-8859-1"/>
				<Option
                    name="byteorder" value="Auto"/>
				<Option
                    name="writexmldecl" value="True"/>
				<Option
                    name="writedtd" value="None"/>
				<Option
                    name="dtdfile"/>
				<Option
                    name="processinginstructions"/>
				<Option
                    name="footer"/>
				<Option
                    name="internalsubset"/>
				<Option
                    name="doctypename"/>
				<Option name="writeempty"
                    value="True"/>
				<Option name="writeemptyattr"
                    value="True"/>
				<Option name="useemptytag"
                    value="False"/>
				<Option name="retainrecordorder"
                    value="False"/>
				<Option name="formatted"
                    value="True"/>
				<Option name="ischildtextnode"
                    value="True"/>
				<Option name="updateaddmismatch"
                    value="True"/>
				<Option name="layoutmismatch"
                    value="0"/>
				<Option name="recordrepetitioncount"
                        value="0"/>
			</TransformationTargetOptions>
			<DataAccess>
				<ConnectionInfo>
					<ResMgrSession
                        name="" type="XML"/>
					<ConnectionDetail
                    location="$(WEB_SVC_INPUT_DIR)/TmpPmtSOAP.xml">
						<UExtra><![CDATA[0@@]]></UExtra>
					</ConnectionDetail>
				</ConnectionInfo>
				<SampleInfo
                        type="All"/>
				<DataAccessOptions>
					<Option
                        name="filterrecordlimit"
        value="2147483647"/>
				</DataAccessOptions>
			</DataAccess>
		</TransformationTarget>
	</TransformationTargets>
	<TransformationMap
        mapname="CreatePmtReqInfo.map.xml" originallocation=""/>
</Transformation>
