<?xml version="1.0" encoding="UTF-8" ?>
<!--======  Map XML ======-->
<!-- <!DOCTYPE Map SYSTEM "DJMap.dtd"> -->
<Map schemaVersion = "1.2" version = "1.3" creator = "Don" datecreated = "2011-02-18T02:56:32+05:30" author = "HCLTECH\saravanan_s" datemodified = "2023-05-13T09:52:31.7644001+05:30">
  <MapSources>
    <MapSource name = "MapSource1">
      <MapSchema schemaname = "$(SCHEMA_TFC)TitaniumFullCycle.ss.xml"/>
    </MapSource>
  </MapSources>
  <MapTargets>
    <MapTarget
                name="MapTarget1">
      <MapSchema originallocation="$(SCHEMA_TFC)"
                        schemaname="TitaniumFullCycleAccountForwardingReceiver.ss.xml">
        <MapExpressions>
          <MapExpression
                        fieldname="UniqueConsumerId" language="DJScript"
                        recordlayoutname="R1"><![CDATA[Records("Record39").Fields("UniqueConsumerId")]]></MapExpression>
          <MapExpression
                        fieldname="UniqueConsumerAccountId"
                        language="DJScript"
                        recordlayoutname="R1"><![CDATA[Records("Record39").Fields("UniqueConsumerAccountId")]]></MapExpression>
          <MapExpression
                        fieldname="ReceiverShortName"
                        language="DJScript"
                        recordlayoutname="R1"><![CDATA[Records("Record39").Fields("ReceiverShortName")]]></MapExpression>
          <MapExpression
                        fieldname="ForwardRequestDate"
                        language="DJScript"
                        recordlayoutname="R1"><![CDATA[dim dateTime

dateTime = DateConvert("mmddyyyy", "yyyy-mm-dd", Records("Record39").Fields("ForwardRequestDate")) & " 12:00:00"
DateValMask(dateTime, "yyyy-mm-dd H24:MM:SS")]]></MapExpression>
          <MapExpression
                        fieldname="ForwardedDate" language="DJScript"
                        recordlayoutname="R1"><![CDATA[dim dateTime

dateTime = DateConvert("mmddyyyy", "yyyy-mm-dd", Records("Record39").Fields("ForwardedDate")) & " 12:00:00"
DateValMask(dateTime, "yyyy-mm-dd H24:MM:SS")]]></MapExpression>
          <MapExpression
                        fieldname="ForwardedAmount" language="DJScript"
                        recordlayoutname="R1"><![CDATA[Records("Record39").Fields("ForwardedAmount") / 100]]></MapExpression>
          <MapExpression
                        fieldname="SingleForwardRequest"
                        language="DJScript"
                        recordlayoutname="R1"><![CDATA[if (Records("Record39").Fields("SingleForwardRequest") == "") then

	"N"
	
else

	Records("Record39").Fields("SingleForwardRequest")
	
end if]]></MapExpression>
          <MapExpression
                        fieldname="ForwardRecallMode"
                        language="DJScript"
                        recordlayoutname="R1"><![CDATA[if (Records("Record39").Fields("ForwardRecallMode") == "") then

	'Default to 1 which is Forward
	"1"

else

	Records("Record39").Fields("ForwardRecallMode")
	
end if	]]></MapExpression>
          <MapExpression
                        fieldname="ForwardStatusMode"
                        language="DJScript"
                        recordlayoutname="R1"><![CDATA[if (Records("Record39").Fields("ForwardRecallStatus") == "") then

	'Default to 5 which is Completed
	"5"
	
else

	Records("Record39").Fields("ForwardRecallStatus")
	
end if]]></MapExpression>
          <MapExpression
                        fieldname="RecallRequestDate"
                        language="DJScript"
                        recordlayoutname="R1"><![CDATA[dim dateTime

if (Records("Record39").Fields("RecallRequestDate") == "") then

	NULL
	
else 

	dateTime = DateConvert("mmddyyyy", "yyyy-mm-dd", Records("Record39").Fields("RecallRequestDate")) & " 12:00:00"
	DateValMask(dateTime, "yyyy-mm-dd H24:MM:SS")	

end if]]></MapExpression>
          <MapExpression
                        fieldname="RecallDate" language="DJScript"
                        recordlayoutname="R1"><![CDATA[dim dateTime

if (Records("Record39").Fields("RecallDate") == "") then

	NULL
	
else

	dateTime = DateConvert("mmddyyyy", "yyyy-mm-dd", Records("Record39").Fields("RecallDate")) & " 12:00:00"
	DateValMask(dateTime, "yyyy-mm-dd H24:MM:SS")	
	
end if]]></MapExpression>
          <MapExpression
                        fieldname="RecallAmount" language="DJScript"
                        recordlayoutname="R1"><![CDATA[if (Records("Record39").Fields("RecallAmount") == "") then
	
	NULL
	
else

	Records("Record39").Fields("RecallAmount") / 100
	
end if]]></MapExpression>
          <MapExpression
                        fieldname="SingleRecallRequest"
                        language="DJScript" recordlayoutname="R1"><![CDATA[if (Records("Record39").Fields("SingleRecallRequest") == "") then

	"N"
	
else

	Records("Record39").Fields("SingleRecallRequest")
	
end if]]></MapExpression>
        </MapExpressions>
      </MapSchema>
    </MapTarget>
  </MapTargets>
</Map>