<?xml version="1.0" encoding="UTF-8" ?>
<!--======  Map XML ======-->
<!-- <!DOCTYPE Map SYSTEM "DJMap.dtd"> -->
<Map schemaVersion = "1.2" version = "1.17" creator = "Don" datecreated = "2008-06-12T18:41:43+05:30" author = "HCLTECH\saravanan_s" datemodified = "2023-05-13T09:45:50.6213877+05:30">
  <MapSources>
    <MapSource name = "MapSource1">
      <MapSchema schemaname = "..\Schemas\TitaniumFullCycle.ss.xml"/>
    </MapSource>
  </MapSources>
  <MapTargets>
    <MapTarget name = "MapTarget1">
      <MapSchema schemaname = "TitaniumFullCycleAccountUpdate.ss.xml" originallocation = "$(SCHEMA_TFC)">
        <MapExpressions>
          <MapExpression language = "DJScript" recordlayoutname = "accountUpdate" fieldname = "uniqueConsumerId"><![CDATA[clean(Records("Record31").Fields("UniqueConsumerId"))]]></MapExpression>
          <MapExpression language = "DJScript" recordlayoutname = "accountUpdate" fieldname = "uniqueConsumerAccountId"><![CDATA[clean(Records("Record31").Fields("UniqueAccountId"))]]></MapExpression>
          <MapExpression language = "DJScript" recordlayoutname = "accountUpdate" fieldname = "returnDate"><![CDATA[dim ReturnDate
dim dateTime

ReturnDate = clean(Records("Record31").Fields("ReturnDate"))

if (ReturnDate == "") then

	NULL
	
else

	dateTime = DateConvert("mmddyyyy", "yyyy-mm-dd", ReturnDate) & " 12:00:00"
	DateValMask(dateTime, "yyyy-mm-dd H24:MM:SS")
	
end if]]></MapExpression>
          <MapExpression language = "DJScript" recordlayoutname = "accountUpdate" fieldname = "feeSchedule"><![CDATA[dim FeeSchedule

FeeSchedule = clean(Records("Record31").Fields("FeeSchedule"))

if (FeeSchedule == "") then

	null

else

	FeeSchedule

end if
	]]></MapExpression>
          <MapExpression language = "DJScript" recordlayoutname = "accountUpdate" fieldname = "holdReleaseDate"><![CDATA[dim HoldReleaseDate
dim dateTime

HoldReleaseDate = clean(Records("Record31").Fields("HoldReleaseDate"))

if (HoldReleaseDate == "") then

	NULL
	
else

	dateTime = DateConvert("mmddyyyy", "yyyy-mm-dd", HoldReleaseDate) & " 12:00:00"
	DateValMask(dateTime, "yyyy-mm-dd H24:MM:SS")
	
end if]]></MapExpression>
          <MapExpression language = "DJScript" recordlayoutname = "accountUpdate" fieldname = "creditBureauStartReportingDate"><![CDATA[dim tmpDate
dim dateTime

tmpDate = clean(Records("Record31").Fields("CreditBureauStartReportingDate"))

if (tmpDate == "") then

	NULL
	
else

	dateTime = DateConvert("mmddyyyy", "yyyy-mm-dd", tmpDate) & " 12:00:00"
	DateValMask(dateTime, "yyyy-mm-dd H24:MM:SS")
	
end if]]></MapExpression>
          <MapExpression language = "DJScript" recordlayoutname = "accountUpdate" fieldname = "creditBureauDeliquencyDate"><![CDATA[dim tmpDate
dim dateTime

tmpDate = clean(Records("Record31").Fields("CreditBureauDeliquencyDate"))

if (tmpDate == "") then

	NULL
	
else

	dateTime = DateConvert("mmddyyyy", "yyyy-mm-dd", tmpDate) & " 12:00:00"
	DateValMask(dateTime, "yyyy-mm-dd H24:MM:SS")
	
end if]]></MapExpression>
          <MapExpression language = "DJScript" recordlayoutname = "accountUpdate" fieldname = "creditBureauFirstReportDate"><![CDATA[dim tmpDate
dim dateTime

tmpDate = clean(Records("Record31").Fields("CreditBureauFirstReportDate"))

if (tmpDate == "") then

	NULL
	
else

	dateTime = DateConvert("mmddyyyy", "yyyy-mm-dd", tmpDate) & " 12:00:00"
	DateValMask(dateTime, "yyyy-mm-dd H24:MM:SS")
	
end if]]></MapExpression>
          <MapExpression language = "DJScript" recordlayoutname = "accountUpdate" fieldname = "creditBureauLastReportDate"><![CDATA[dim tmpDate
dim dateTime

tmpDate = clean(Records("Record31").Fields("CreditBureauLastReportDate"))

if (tmpDate == "") then

	NULL
	
else

	dateTime = DateConvert("mmddyyyy", "yyyy-mm-dd", tmpDate) & " 12:00:00"
	DateValMask(dateTime, "yyyy-mm-dd H24:MM:SS")
	
end if]]></MapExpression>
          <MapExpression language = "DJScript" recordlayoutname = "accountUpdate" fieldname = "creditBureauSuppressUntilDate"><![CDATA[dim tmpDate
dim dateTime

tmpDate = clean(Records("Record31").Fields("CreditBureauSuppressUntilDate"))

if (tmpDate == "") then

	NULL
	
else

	dateTime = DateConvert("mmddyyyy", "yyyy-mm-dd", tmpDate) & " 12:00:00"
	DateValMask(dateTime, "yyyy-mm-dd H24:MM:SS")
	
end if]]></MapExpression>
          <MapExpression language = "DJScript" recordlayoutname = "accountUpdate" fieldname = "accountIsUnreportable"><![CDATA[select case Records("Record31").Fields("AccountIsUnreportable")

	case "n", "N"
		"N"
		
	case "y", "Y"
		"Y"
	
	case else
	
		NULL

end select]]></MapExpression>
          <MapExpression language = "DJScript" recordlayoutname = "accountUpdate" fieldname = "creditBureauAccountType"><![CDATA[select case Records("Record31").Fields("CreditBureauAccountType")

	case "0", "1", "2", "3"
	
		Records("Record31").Fields("CreditBureauAccountType")		
		
	case else
	
		NULL
		
end select]]></MapExpression>
          <MapExpression language = "DJScript" recordlayoutname = "accountUpdate" fieldname = "creditBureauAccountStatus"><![CDATA[select case Records("Record31").Fields("CreditBureauAccountStatus")

	case "0", "1", "2", "3", "4", "5", "6"
	
		Records("Record31").Fields("CreditBureauAccountStatus")		
		
	case else
	
		NULL
		
end select]]></MapExpression>
          <MapExpression language = "DJScript" recordlayoutname = "accountUpdate" fieldname = "creditBureauAccountPortfolio"><![CDATA[select case Records("Record31").Fields("CreditBureauAccountPortfolio")

	case "0", "1", "2", "3", "4", "5"
	
		Records("Record31").Fields("CreditBureauAccountPortfolio")		
		
	case else
	
		NULL
		
end select]]></MapExpression>
          <MapExpression language = "DJScript" recordlayoutname = "accountUpdate" fieldname = "creditBureauAccountSpeicalComment"><![CDATA[select case Records("Record31").Fields("CreditBureauSpecialComment")

	case "0", "1", "2", "3", "4", "5", "6", "7"
	
		Records("Record31").Fields("CreditBureauSpecialComment")		
		
	case else
	
		NULL
		
end select]]></MapExpression>
          <MapExpression language = "DJScript" recordlayoutname = "accountUpdate" fieldname = "IncludeOnCreditBureauReport"><![CDATA[LogMessage("INFO", "IncludeOnCreditBureauReport=" & Records("Record31").Fields("IncludeOnCreditBureauReport"))
select case Records("Record31").Fields("IncludeOnCreditBureauReport")

	case "n", "N"
		"N"
		
	case "y", "Y"
		"Y"
	
	case else

		LogMessage("INFO", "NULL")	
		NULL

end select]]></MapExpression>
          <MapExpression language = "DJScript" recordlayoutname = "accountUpdate" fieldname = "lastInterestDate"><![CDATA[dim tmpDate
dim dateTime

tmpDate = clean(Records("Record31").Fields("LastInterestDate"))

if (tmpDate == "") then

	NULL
	
else

	dateTime = DateConvert("mmddyyyy", "yyyy-mm-dd", tmpDate) & " 12:00:00"
	DateValMask(dateTime, "yyyy-mm-dd H24:MM:SS")
	
end if]]></MapExpression>
        </MapExpressions>
      </MapSchema>
    </MapTarget>
  </MapTargets>
</Map>