<?xml version="1.0" encoding="UTF-8" ?>
<!--======  Transformation XML ======-->
<!-- <!DOCTYPE Transformation SYSTEM "DJMap.dtd"> -->
<Transformation schemaVersion = "1.2" version = "1.10" creator = "Don" datecreated = "2011-02-14T20:25:50+05:30" author = "HCLTECH\saravanan_s" datemodified = "2023-05-13T09:54:57.2256597+05:30" partial = "no">
  <LogManager loglocation = "C:\Documents and Settings\Don\Pervasive\Logs\MapDesigner\TransformMap.log" messagetypemask = "15"/>
  <ProfileManager enabled = "False" outputfile = "C:\DataConnect_Workspaces\All Djar List 9.2 version_std\All Djar List 9.2 version_std\All Djar List 9.2 version\New bussiness ETL\TitaniumFullCyclePostProcess.4.5\TitaniumFullCycle\Maps\Execution Profiles\profile.out" filter = "65535"/>
  <MacroManager>
    <MacroSets>
      <MacroSet name = "GLOBAL"/>
    </MacroSets>
  </MacroManager>
  <TransformationOptions>
    <Option name = "truncationhandling" value = "0"/>
    <Option name = "overflowhandling" value = "0"/>
    <Option name = "nonullshandling" value = "0"/>
    <Option name = "maxerrorcount" value = "1"/>
    <Option name = "logfieldcount" value = "5"/>
    <Option name = "clearlogbeforerun" value = "no"/>
  </TransformationOptions>
  <TransformationSources>
    <TransformationSource name = "TransformationSource1" connectorname = "ASCII (Fixed)">
      <TransformationSourceOptions>
        <Option name = "codepage" value = "ANSI"/>
        <Option name = "recsep" value = "LF"/>
        <Option name = "lstrip" value = "True"/>
        <Option name = "tstrip" value = "True"/>
        <Option name = "soffset" value = "0"/>
        <Option name = "tabex" value = "0"/>
        <Option name = "samplesize" value = "1000"/>
        <Option name = "datatypes" value = "standard"/>
        <Option name = "inserteofrecsep" value = "False"/>
        <Option name = "numericformatnormalization" value = "False"/>
        <Option name = "layoutmismatch" value = "0"/>
      </TransformationSourceOptions>
      <DataAccess>
        <ConnectionInfo>
          <ResMgrSession name = "RMSession1" type = "ASCII (Fixed)"/>
          <ConnectionDetail location = "$(TITANIUM_FULL_CYCLE_INPUT_DIR)\$(TITANIUM_FULL_CYCLE_INPUT_FILE)"/>
        </ConnectionInfo>
        <SampleInfo type = "All"/>
        <DataAccessOptions>
          <Option name = "filterrecordlimit" value = "2147483647"/>
          <Option name = "sortduplicaterecordsallowed" value = "True"/>
        </DataAccessOptions>
      </DataAccess>
    </TransformationSource>
  </TransformationSources>
  <TransformationTargets>
    <TransformationTarget name = "TransformationTarget1" connectorname = "SQL Server 2005 Mass Insert" outputmode = "DeleteAppend" updatemode = "UpdateEvery" updatewithnullfields = "no" replacefullrecord = "yes">
      <TransformationTargetOptions>
        <Option name = "encoding" value = "OEM"/>
        <Option name = "commitfrequency" value = "0"/>
        <Option name = "constraintddl"/>
        <Option name = "systables" value = "False"/>
        <Option name = "views" value = "True"/>
        <Option name = "idwrites" value = "False"/>
        <Option name = "tablock" value = "True"/>
        <Option name = "updateaddmismatch" value = "True"/>
        <Option name = "layoutmismatch" value = "0"/>
        <Option name = "recordrepetitioncount" value = "0"/>
      </TransformationTargetOptions>
      <DataAccess>
        <ConnectionInfo>
          <ResMgrSession name = "RMSession1" type = "SQL Server 2005 Mass Insert" server = "$(SQLSERVER)" userid = "$(DBUSERNAME)" resourcemanager = "$(DBNAME)">
            <Password><![CDATA[AQBBAKQAwABhAHAAegA5APkA+AC9AF0ALAAGAJYA]]></Password>
          </ResMgrSession>
          <ConnectionDetail table = "ETL.TitaniumFullCycleAccountEffectiveInterest"/>
        </ConnectionInfo>
        <SampleInfo type = "All"/>
        <DataAccessOptions>
          <Option name = "filterrecordlimit" value = "2147483647"/>
        </DataAccessOptions>
      </DataAccess>
    </TransformationTarget>
  </TransformationTargets>
  <TransformationMap mapname = "TitaniumFullCycleAccountEffectiveInterest.map.xml" originallocation = "C:\DataConnect_Workspaces\All Djar List 9.2 version_std\All Djar List 9.2 version_std\All Djar List 9.2 version\New bussiness ETL\TitaniumFullCyclePostProcess.4.5\TitaniumFullCycle\Maps"/>
</Transformation>