<?xml version="1.0" encoding="UTF-8" ?>
<!--======  Map XML ======-->
<!-- <!DOCTYPE Map SYSTEM "DJMap.dtd"> -->
<Map schemaVersion = "1.2" version = "1.10" creator = "Don" datecreated = "2011-02-14T20:25:50+05:30" author = "HCLTECH\saravanan_s" datemodified = "2023-05-13T09:54:57.2256597+05:30">
  <MapSources>
    <MapSource name = "MapSource1">
      <MapSchema schemaname = "$(SCHEMA_TFC)TitaniumFullCycle.ss.xml"/>
    </MapSource>
  </MapSources>
  <MapTargets>
    <MapTarget
                name="MapTarget1">
      <MapSchema originallocation="$(SCHEMA_TFC)"
                        schemaname="TitaniumFullCycleAccountEffectiveInterest.ss.xml">
        <MapExpressions>
          <MapExpression
                        fieldname="UniqueConsumerId" language="DJScript"
                        recordlayoutname="R1"><![CDATA[Records("Record38").Fields("UniqueConsumerId")]]></MapExpression>
          <MapExpression
                        fieldname="UniqueConsumerAccountId"
                        language="DJScript"
                        recordlayoutname="R1"><![CDATA[Records("Record38").Fields("UniqueConsumerAccountId")]]></MapExpression>
          <MapExpression
                        fieldname="InterestStartDate"
                        language="DJScript"
                        recordlayoutname="R1"><![CDATA[dim dateTime

dateTime = DateConvert("mmddyyyy", "yyyy-mm-dd", Records("Record38").Fields("InterestStartDate")) & " 12:00:00"
DateValMask(dateTime, "yyyy-mm-dd H24:MM:SS")]]></MapExpression>
          <MapExpression
                        fieldname="InterestEndDate" language="DJScript"
                        recordlayoutname="R1"><![CDATA[dim dateTime

if (Records("Record38").Fields("InterestEndDate") == "") then
	
	NULL
	
else

	dateTime = DateConvert("mmddyyyy", "yyyy-mm-dd", Records("Record38").Fields("InterestEndDate")) & " 12:00:00"
	DateValMask(dateTime, "yyyy-mm-dd H24:MM:SS")

end if]]></MapExpression>
          <MapExpression
                        fieldname="InterestPercentage"
                        language="DJScript"
                        recordlayoutname="R1"><![CDATA[Records("Record38").Fields("InterestPercentage")]]></MapExpression>
          <MapExpression
                        fieldname="InterestType" language="DJScript"
                        recordlayoutname="R1"><![CDATA[select case Records("Record38").Fields("InterestType")

	case "0", "1", "2", "3", "4"
	
		Records("Record38").Fields("InterestType")
		
	case else
	
		"0"
		
end select		]]></MapExpression>
          <MapExpression
                        fieldname="InterestFrequency"
                        language="DJScript"
                        recordlayoutname="R1"><![CDATA[select case trim(Records("Record38").Fields("InterestFrequency"))

	case "1", "01", "2", "02", "3", "03", "4", "04", "5", "05", "6", "06", _
		 "7", "07", "8", "08", "9", "09"
		 
		Records("Record38").Fields("InterestFrequency")
		
	case else
	
		"0"
		
end select]]></MapExpression>
          <MapExpression
                        fieldname="NumberOfDaysPeriodic"
                        language="DJScript"
                        recordlayoutname="R1"><![CDATA[select case Records("Record38").Fields("InterestType")

	case "4 ", "04"
		
		Records("Record38").Fields("NumberOfDays")
		
	case else
	
		NULL
		
end select]]></MapExpression>
          <MapExpression
                        fieldname="InterestNumberOfDaysInAYear"
                        language="DJScript"
                        recordlayoutname="R1"><![CDATA[if (Records("Record38").Fields("InterestNumberOfDaysInAYear") == "") then

	NULL
	
else

	Records("Record38").Fields("InterestNumberOfDaysInAYear")
	
end if	]]></MapExpression>
          <MapExpression
                        fieldname="AccumulateInterest"
                        language="DJScript" recordlayoutname="R1"><![CDATA[select case Records("Record38").Fields("AccumulateInterest")

	case "y", "Y"
	
		"Y"
		
	case "n", "N"
		
		"N"
		
	case else
	
		"N"
		
end select]]></MapExpression>
        </MapExpressions>
      </MapSchema>
    </MapTarget>
  </MapTargets>
</Map>