<?xml version="1.0" encoding="UTF-8" ?>
<!--======  Map XML ======-->
<!-- <!DOCTYPE Map SYSTEM "DJMap.dtd"> -->
<Map schemaVersion = "1.2" version = "1.3" creator = "Don" datecreated = "2011-07-28T20:17:50+05:30" author = "HCLTECH\saravanan_s" datemodified = "2023-05-13T09:35:39.3015625+05:30">
  <MapSources>
    <MapSource name = "MapSource1">
      <MapSchema schemaname = "$(SCHEMA_TFC)TitaniumFullCycle.ss.xml"/>
    </MapSource>
  </MapSources>
  <MapTargets>
    <MapTarget
                name="MapTarget1">
      <MapSchema originallocation="$(SCHEMA_TFC)"
                        schemaname="TitaniumFullCycleAttachConsumers.ss.xml">
        <MapExpressions>
          <MapExpression
                        fieldname="UniqueConsumerIdPrimary"
                        language="DJScript"
                        recordlayoutname="R1"><![CDATA[Records("Record20").Fields("UniqueConsumerIdPrimary")]]></MapExpression>
          <MapExpression
                        fieldname="UniqueConsumerIdSecondary"
                        language="DJScript"
                        recordlayoutname="R1"><![CDATA[Records("Record20").Fields("UniqueConsumerIdSecondary")]]></MapExpression>
          <MapExpression
                        fieldname="Relationship" language="DJScript" recordlayoutname="R1"><![CDATA[if (Records("Record20").Fields("Relationship") == "") then

	1
	
else

	Records("Record20").Fields("Relationship")
	
end if	]]></MapExpression>
        </MapExpressions>
      </MapSchema>
    </MapTarget>
  </MapTargets>
</Map>