<?xml version="1.0" encoding="UTF-8" ?>
<!--======  Map XML ======-->
<!-- <!DOCTYPE Map SYSTEM "DJMap.dtd"> -->
<Map schemaVersion = "1.2" version = "1.56" creator = "Don" datecreated = "2008-07-19T01:11:41+05:30" author = "HCLTECH\saravanan_s" datemodified = "2023-05-13T09:58:25.6585115+05:30">
  <Variables>
    <Variable name = "createCustomPageFlag" type = "Variant" public = "no">
      <ArrayDefinition><![CDATA[(0 To 500)]]></ArrayDefinition>
    </Variable>
    <Variable name = "firstTimeForThisAccount" type = "Variant" public = "no"/>
    <Variable name = "holdUniqueAccountId" type = "Variant" public = "no"/>
    <Variable name = "holdCustomPageName" type = "Variant" public = "no"/>
    <Variable name = "WriteToStaging" type = "Variant" public = "no"/>
    <Variable name = "FirstTime" type = "Variant" public = "no"/>
    <Variable name = "CreatePage" type = "Variant" public = "no"/>
    <Variable name = "CustomPageIndicator" type = "Variant" public = "no"/>
    <Variable name = "CustomFieldName" type = "Variant" public = "no">
      <ArrayDefinition><![CDATA[(0 To 500)]]></ArrayDefinition>
    </Variable>
    <Variable name = "RecordCountByPage" type = "Variant" public = "no"/>
  </Variables>
  <MapEvents>
    <Event name = "BeforeTransformation">
      <Action name = "Execute">
        <Comment><![CDATA[Initialize the UDP Column Info Table]]></Comment>
        <Parameter position = "0" name = "expression"><![CDATA['Initialize the UDP Column Information table for verification
UDPColumnList_Init()

'UDPColumnList_WriteToFile("C:\Documents and Settings\Don\Desktop\DON.csv", ",")]]></Parameter>
      </Action>
      <Action name = "Execute">
        <Comment><![CDATA[Clear Array for Field Name]]></Comment>
        <Parameter position = "0" name = "expression"><![CDATA[dim x

for x = 0 to 500
CustomFieldName(x) = Null
next x
]]></Parameter>
      </Action>
    </Event>
  </MapEvents>
  <ExpressionModuleList>cm/1/UDPColumnList.itable.rifl
</ExpressionModuleList>
  <MapSources>
    <MapSource name = "MapSource1">
      <MapSchema schemaname = "$(SCHEMA_TFC)TitaniumFullCycle.ss.xml"/>
    </MapSource>
  </MapSources>
  <MapTargets>
    <MapTarget
                name="MapTarget1">
      <MapSchema originallocation="$(SCHEMA_TFC)"
                        schemaname="TitaniumFullCycleAccountCustomPage.ss.xml">
        <MapExpressions>
          <MapExpression
                        fieldname="uniqueConsumerId" language="DJScript"
                        recordlayoutname="accountCustomPage"><![CDATA[clean(Records("Record42").Fields("UniqueConsumerId"))]]></MapExpression>
          <MapExpression
                        fieldname="uniqueConsumerAccountId"
                        language="DJScript"
                        recordlayoutname="accountCustomPage"><![CDATA[clean(Records("Record42").Fields("UniqueConsumerAccountId"))]]></MapExpression>
          <MapExpression
                        fieldname="createCustomPage" language="DJScript"
                        recordlayoutname="accountCustomPage"><![CDATA[CreatePage]]></MapExpression>
          <MapExpression
                        fieldname="customPageShortName"
                        language="DJScript"
                        recordlayoutname="accountCustomPage"><![CDATA["UDEF" & clean(trim(Records("Record42").Fields("CustomPageShortName")))]]></MapExpression>
          <MapExpression
                        fieldname="customPageFieldName"
                        language="DJScript"
                        recordlayoutname="accountCustomPage"><![CDATA["UDEF" & clean(trim(Records("Record42").Fields("CustomPageFieldShortName")))]]></MapExpression>
          <MapExpression
                        fieldname="customPageFieldType"
                        language="DJScript"
                        recordlayoutname="accountCustomPage"><![CDATA[clean(Records("Record42").Fields("CustomPageFieldType"))]]></MapExpression>
          <MapExpression
                        fieldname="customPageFieldText"
                        language="DJScript"
                        recordlayoutname="accountCustomPage"><![CDATA[dim text
dim text2

if ((Records("Record42").Fields("CustomPageFieldType") == "01") OR (Records("Record42").Fields("CustomPageFieldType") == "1")) then

	"convert(datetime, '" & _
	clean(Mid(Records("Record42").Fields("CustomPageInformationField"), 5, 4)) & _
	"-" & _
	clean(Mid(Records("Record42").Fields("CustomPageInformationField"), 1, 2)) & _
	"-" & _
	clean(Mid(Records("Record42").Fields("CustomPageInformationField"), 3, 2)) & _
	" 12:00:00')"

else

	text = clean(trim(Records("Record42").Fields("CustomPageInformationField")))
	text2 = StrReplace("'", "''", text)

	"'" & _
	text2 & _
	"'"

end if

]]></MapExpression>
          <MapExpression
                        fieldname="customPageIndicator"
                        language="DJScript" recordlayoutname="accountCustomPage"><![CDATA[CustomPageIndicator]]></MapExpression>
        </MapExpressions>
      </MapSchema>
    </MapTarget>
  </MapTargets>
</Map>