<?xml version="1.0" encoding="UTF-8" ?>
<!--======  Map XML ======-->
<!-- <!DOCTYPE Map SYSTEM "DJMap.dtd"> -->
<Map schemaVersion = "1.2" version = "1.7" creator = "Don" datecreated = "2008-06-06T18:45:56+05:30" author = "HCLTECH\saravanan_s" datemodified = "2023-05-15T12:36:01.388908+05:30">
  <MapSources>
    <MapSource name = "MapSource1">
      <MapSchema schemaname = "$(SCHEMA_TFC)TitaniumFullCycle.ss.xml"/>
    </MapSource>
  </MapSources>
  <MapTargets>
    <MapTarget
                name="MapTarget1">
      <MapSchema originallocation="$(SCHEMA_TFC)"
                        schemaname="TitaniumFullCycleAccountTag.ss.xml">
        <MapExpressions>
          <MapExpression
                        fieldname="uniqueConsumerId" language="DJScript"
                        recordlayoutname="accountTag"><![CDATA[clean(Records("Record36").Fields("UniqueConsumerId"))]]></MapExpression>
          <MapExpression
                        fieldname="uniqueConsumerAccountId"
                        language="DJScript"
                        recordlayoutname="accountTag"><![CDATA[clean(Records("Record36").Fields("UniqueConsumerAccountId"))]]></MapExpression>
          <MapExpression
                        fieldname="tagShortName" language="DJScript"
                        recordlayoutname="accountTag"><![CDATA[clean(Records("Record36").Fields("TagShortName"))]]></MapExpression>
          <MapExpression
                        fieldname="tagAssignDate" language="DJScript"
                        recordlayoutname="accountTag"><![CDATA[DateConvert("mmddyyyy", "yyyy-mm-dd", clean(Records("Record36").Fields("TagAssignDate")))]]></MapExpression>
          <MapExpression
                        fieldname="userIdWhoAddedTag"
                        language="DJScript"
                        recordlayoutname="accountTag"><![CDATA[clean(Records("Record36").Fields("UserIdWhoAddedTag"))]]></MapExpression>
          <MapExpression
                        fieldname="inActiveTag" language="DJScript" recordlayoutname="accountTag"><![CDATA[if (Records("Record36").Fields("TagNotActive") == "Y" OR "y") then

	"Y"
	
else

	"N"
	
end if]]></MapExpression>
        </MapExpressions>
      </MapSchema>
    </MapTarget>
  </MapTargets>
</Map>