<?xml version="1.0" encoding="UTF-8" ?>
<!--======  Map XML ======-->
<!-- <!DOCTYPE Map SYSTEM "DJMap.dtd"> -->
<Map schemaVersion = "1.2" version = "1.6" creator = "Don" datecreated = "2011-03-17T01:56:42+05:30" author = "HCLTECH\saravanan_s" datemodified = "2023-05-13T09:09:45.0217562+05:30">
  <MapSources>
    <MapSource name = "MapSource1">
      <MapSchema schemaname = "$(SCHEMA_TFC)TitaniumFullCycle.ss.xml"/>
    </MapSource>
  </MapSources>
  <MapTargets>
    <MapTarget name = "MapTarget1">
      <MapSchema>
        <Schema connectorname = "SQL Server 2005 Mass Insert" designedfor = "Target">
          <RecordLayouts>
            <RecordLayout name = "R1" length = "64" status = "0">
              <Origin origintype = "0"/>
              <Fields>
                <Field name = "UniqueCustomerID">
                  <Datatype datatype = "151" dataalias = "varchar" datalength = "20" dataidentity = "no" dataautoinc = "no" datacurrency = "no" datarowversion = "no" datanulls = "yes" datavariablelength = "no"/>
                </Field>
                <Field name = "PhoneNumber">
                  <Datatype datatype = "151" dataalias = "varchar" datalength = "20" dataidentity = "no" dataautoinc = "no" datacurrency = "no" datarowversion = "no" datanulls = "yes" datavariablelength = "no"/>
                </Field>
                <Field name = "Type">
                  <Datatype datatype = "1" dataalias = "smallint" datalength = "2" datamsbfirst = "no" dataidentity = "no" dataautoinc = "no" datacurrency = "no" datarowversion = "no" datanulls = "yes" dataprecision = "4" datasigned = "yes"/>
                </Field>
                <Field name = "Extension">
                  <Datatype datatype = "151" dataalias = "varchar" datalength = "10" dataidentity = "no" dataautoinc = "no" datacurrency = "no" datarowversion = "no" datanulls = "yes" datavariablelength = "no"/>
                </Field>
                <Field name = "NumberOfAttempts">
                  <Datatype datatype = "1" dataalias = "smallint" datalength = "2" datamsbfirst = "no" dataidentity = "no" dataautoinc = "no" datacurrency = "no" datarowversion = "no" datanulls = "yes" dataprecision = "4" datasigned = "yes"/>
                </Field>
                <Field name = "LastContactDate">
                  <Datatype datatype = "8" dataalias = "DateTime" datalength = "8" dataidentity = "no" dataautoinc = "no" datacurrency = "no" datarowversion = "no" datanulls = "yes" dataprecision = "12"/>
                  <FieldOptions>
                    <Option name = "editpicture" value = "yyyy-mm-dd H24:MM:SS"/>
                  </FieldOptions>
                </Field>
                <Field name = "Status">
                  <Datatype datatype = "1" dataalias = "smallint" datalength = "2" datamsbfirst = "no" dataidentity = "no" dataautoinc = "no" datacurrency = "no" datarowversion = "no" datanulls = "yes" dataprecision = "4" datasigned = "yes"/>
                </Field>
              </Fields>
              <RecordLayoutOptions>
                <Option name = "uniquenameprefix" value = "FIELD1"/>
              </RecordLayoutOptions>
            </RecordLayout>
          </RecordLayouts>
          <Rules/>
        </Schema>
        <MapExpressions>
          <MapExpression language = "DJScript" recordlayoutname = "R1" fieldname = "UniqueCustomerID"><![CDATA[Records("Record19").Fields("UniqueCusotmerID")]]></MapExpression>
          <MapExpression language = "DJScript" recordlayoutname = "R1" fieldname = "PhoneNumber"><![CDATA[Records("Record19").Fields("PhoneNumber")]]></MapExpression>
          <MapExpression language = "DJScript" recordlayoutname = "R1" fieldname = "Type"><![CDATA[Records("Record19").Fields("Type")]]></MapExpression>
          <MapExpression language = "DJScript" recordlayoutname = "R1" fieldname = "Extension"><![CDATA[Records("Record19").Fields("Extension")]]></MapExpression>
          <MapExpression language = "DJScript" recordlayoutname = "R1" fieldname = "NumberOfAttempts"><![CDATA[Records("Record19").Fields("NumberOfAttempts")]]></MapExpression>
          <MapExpression language = "DJScript" recordlayoutname = "R1" fieldname = "LastContactDate"><![CDATA[dim dateTime

if (Records("Record19").Fields("LastContactDate") == "") then
	
	NULL
	
else

	dateTime = DateConvert("mmddyyyy", "yyyy-mm-dd", Records("Record19").Fields("LastContactDate")) & " 12:00:00"
	DateValMask(dateTime, "yyyy-mm-dd H24:MM:SS")

end if]]></MapExpression>
          <MapExpression language = "DJScript" recordlayoutname = "R1" fieldname = "Status"><![CDATA[Records("Record19").Fields("PhoneStatusCode")]]></MapExpression>
        </MapExpressions>
      </MapSchema>
    </MapTarget>
  </MapTargets>
</Map>