<?xml version="1.0" encoding="UTF-8" ?>
<!--======  Map XML ======-->
<!-- <!DOCTYPE Map SYSTEM "DJMap.dtd"> -->
<Map schemaVersion = "1.2" version = "1.10" creator = "Don" datecreated = "2011-03-24T18:04:03+05:30" author = "HCLTECH\saravanan_s" datemodified = "2023-05-13T09:17:54.413407+05:30">
  <MapSources>
    <MapSource name = "MapSource1">
      <MapSchema schemaname = "$(SCHEMA_TFC)TitaniumFullCycle.ss.xml"/>
    </MapSource>
  </MapSources>
  <MapTargets>
    <MapTarget
                name="MapTarget1">
      <MapSchema originallocation="$(SCHEMA_TFC)"
                        schemaname="TitaniumFullCycleJointOwner.ss.xml">
        <MapExpressions>
          <MapExpression
                        fieldname="uniqueConsumerIdPrimary"
                        language="DJScript"
                        recordlayoutname="R1"><![CDATA[clean(rtrim(Records("Record37").Fields("UniqueConsumerIdPrimary")))]]></MapExpression>
          <MapExpression
                        fieldname="uniqueConsumerIdSecondary"
                        language="DJScript"
                        recordlayoutname="R1"><![CDATA[clean(rtrim(Records("Record37").Fields("UniqueConsumerIdSecondary")))]]></MapExpression>
          <MapExpression
                        fieldname="uniqueConsumerAccountId"
                        language="DJScript" recordlayoutname="R1"><![CDATA[Records("Record37").Fields("UniqueConsumerAccountId")]]></MapExpression>
        </MapExpressions>
      </MapSchema>
    </MapTarget>
  </MapTargets>
</Map>