<?xml version="1.0" encoding="UTF-8" ?>
<!--======  Map XML ======-->
<!-- <!DOCTYPE Map SYSTEM "DJMap.dtd"> -->
<Map schemaVersion = "1.2" version = "1.14" creator = "Don" datecreated = "2008-06-10T18:30:55+05:30" author = "HCLTECH\saravanan_s" datemodified = "2023-05-15T11:29:24.6300409+05:30">
  <Variables>
    <Variable name = "accountNotes" type = "Variant" public = "no"/>
    <Variable name = "HoldUniqueConsumerAccountId" type = "Variant" public = "no">
      <Value><![CDATA[""]]></Value>
    </Variable>
    <Variable name = "WriteRecord" type = "Variant" public = "no"/>
    <Variable name = "HoldUniqueConsumerId" type = "Variant" public = "no">
      <Value><![CDATA[""]]></Value>
    </Variable>
  </Variables>
  <MapEvents>
    <Event name = "BeforeTransformation">
      <Action name = "Execute">
        <Comment><![CDATA[Clear accountNotes]]></Comment>
        <Parameter position = "0" name = "expression"><![CDATA[accountNotes = ""]]></Parameter>
      </Action>
    </Event>
    <Event name = "AfterTransformation">
      <Action name = "ClearMapPut Record">
        <Parameter position = "0" name = "target name"><![CDATA[Target]]></Parameter>
        <Parameter position = "1" name = "record layout"><![CDATA[R1]]></Parameter>
        <Parameter position = "2" name = "count"><![CDATA[/* got to write out the last record... if we have data... */
if (len(trim(accountNotes)) > 0) then

	1
	
else

	0
	
end if]]></Parameter>
        <Parameter position = "4" name = "buffered"><![CDATA[false]]></Parameter>
      </Action>
    </Event>
  </MapEvents>
  <MapSources>
    <MapSource name = "MapSource1">
      <MapSchema schemaname = "$(SCHEMA_TFC)TitaniumFullCycle.ss.xml"/>
    </MapSource>
  </MapSources>
  <MapTargets>
    <MapTarget name="MapTarget1">
      <MapSchema originallocation="$(SCHEMA_TFC)" schemaname="TitaniumFullCycleAccountNote.ss.xml">
        <MapExpressions>
          <MapExpression fieldname="uniqueConsumerId" language="DJScript" recordlayoutname="R1"><![CDATA[holdUniqueConsumerId]]></MapExpression>
          <MapExpression fieldname="uniqueConsumerAccountId" language="DJScript" recordlayoutname="R1"><![CDATA[HoldUniqueConsumerAccountId]]></MapExpression>
          <MapExpression fieldname="notes" language="DJScript" recordlayoutname="R1"><![CDATA[accountNotes]]></MapExpression>
        </MapExpressions>
      </MapSchema>
    </MapTarget>
  </MapTargets>
</Map>