<?xml version="1.0" encoding="UTF-8" ?>
<!--======  Map XML ======-->
<!-- <!DOCTYPE Map SYSTEM "DJMap.dtd"> -->
<Map schemaVersion = "1.2" version = "1.4" creator = "Don" datecreated = "2011-03-17T19:37:26+05:30" author = "HCLTECH\saravanan_s" datemodified = "2023-05-13T09:41:48.3648291+05:30">
  <MapSources>
    <MapSource name = "MapSource1">
      <MapSchema schemaname = "$(SCHEMA_TFC)TitaniumFullCycle.ss.xml"/>
    </MapSource>
  </MapSources>
  <MapTargets>
    <MapTarget
                name="MapTarget1">
      <MapSchema originallocation="$(SCHEMA_TFC)"
                        schemaname="TitaniumFullCycleAddressHistory.ss.xml">
        <MapExpressions>
          <MapExpression
                        fieldname="UniqueCustomerID" language="DJScript"
                        recordlayoutname="R1"><![CDATA[Records("Record18").Fields("UniqueCustomerID")]]></MapExpression>
          <MapExpression
                        fieldname="AddressLine1" language="DJScript"
                        recordlayoutname="R1"><![CDATA[Records("Record18").Fields("AddressLine1")]]></MapExpression>
          <MapExpression
                        fieldname="AddressLine2" language="DJScript"
                        recordlayoutname="R1"><![CDATA[Records("Record18").Fields("AddressLine2")]]></MapExpression>
          <MapExpression
                        fieldname="AddressLine3" language="DJScript"
                        recordlayoutname="R1"><![CDATA[Records("Record18").Fields("AddressLine3")]]></MapExpression>
          <MapExpression
                        fieldname="City" language="DJScript"
                        recordlayoutname="R1"><![CDATA[Records("Record18").Fields("City")]]></MapExpression>
          <MapExpression
                        fieldname="State" language="DJScript"
                        recordlayoutname="R1"><![CDATA[Records("Record18").Fields("State")]]></MapExpression>
          <MapExpression
                        fieldname="PostalCode" language="DJScript"
                        recordlayoutname="R1"><![CDATA[if (len(rtrim(Records("Record18").Fields("PostalCode"))) == 5) then

	Records("Record18").Fields("PostalCode")
	
elseif (len(rtrim(Records("Record18").Fields("PostalCode"))) == 9) then

	Left(Records("Record18").Fields("PostalCode"), 5) & "-" & Right(rtrim(Records("Record18").Fields("PostalCode")), 4)
	
else

	Records("Record18").Fields("PostalCode")
	
end if
]]></MapExpression>
          <MapExpression
                        fieldname="CountyCode" language="DJScript"
                        recordlayoutname="R1"><![CDATA[Records("Record18").Fields("CountyCode")]]></MapExpression>
          <MapExpression
                        fieldname="CreateDate" language="DJScript"
                        recordlayoutname="R1"><![CDATA[dim dateTime

if (Records("Record18").Fields("CreateDate") == "") then
	
	NULL
	
else

	dateTime = DateConvert("mmddyyyy", "yyyy-mm-dd", Records("Record18").Fields("CreateDate")) & " 12:00:00"
	DateValMask(dateTime, "yyyy-mm-dd H24:MM:SS")
	
end if
]]></MapExpression>
          <MapExpression
                        fieldname="CountryCode" language="DJScript"
                        recordlayoutname="R1"><![CDATA[Records("Record18").Fields("CountryCode")]]></MapExpression>
          <MapExpression
                        fieldname="MailReturnReason" language="DJScript"
                        recordlayoutname="R1"><![CDATA[Records("Record18").Fields("MailReturnReason")]]></MapExpression>
          <MapExpression
                        fieldname="MailReturnDate" language="DJScript"
                        recordlayoutname="R1"><![CDATA[dim dateTime

if (Records("Record18").Fields("MailReturnDate") == "") then
	
	NULL
	
else

	dateTime = DateConvert("mmddyyyy", "yyyy-mm-dd", Records("Record18").Fields("MailReturnDate")) & " 12:00:00"
	DateValMask(dateTime, "yyyy-mm-dd H24:MM:SS")
	
end if
]]></MapExpression>
          <MapExpression
                        fieldname="ObsoleteDate" language="DJScript"
                        recordlayoutname="R1"><![CDATA[dim dateTime

if (Records("Record18").Fields("ObsoleteDate") == "") then
	
	NULL
	
else

	dateTime = DateConvert("mmddyyyy", "yyyy-mm-dd", Records("Record18").Fields("ObsoleteDate")) & " 12:00:00"
	DateValMask(dateTime, "yyyy-mm-dd H24:MM:SS")
	
end if
]]></MapExpression>
          <MapExpression
                        fieldname="ObsoleteReason" language="DJScript"
                        recordlayoutname="R1"><![CDATA[Records("Record18").Fields("ObsoleteReason")]]></MapExpression>
          <MapExpression
                        fieldname="AddressSource" language="DJScript"
                        recordlayoutname="R1"><![CDATA[Records("Record18").Fields("AddressSource")]]></MapExpression>
          <MapExpression
                        fieldname="AddressStatus" language="DJScript" recordlayoutname="R1"><![CDATA[Records("Record18").Fields("AddressStatus")]]></MapExpression>
        </MapExpressions>
      </MapSchema>
    </MapTarget>
  </MapTargets>
</Map>