<?xml version="1.0" encoding="UTF-8" ?>
<!--======  Map XML ======-->
<!-- <!DOCTYPE Map SYSTEM "DJMap.dtd"> -->
<Map schemaVersion = "1.2" version = "1.39" creator = "Don" datecreated = "2010-01-07T03:21:44+05:30" author = "HCLTECH\saravanan_s" datemodified = "2023-05-13T09:38:35.6534263+05:30">
  <Variables>
    <Variable name = "BlockCount" type = "Variant" public = "no">
      <Value><![CDATA[1]]></Value>
    </Variable>
    <Variable name = "RunNumber" type = "Variant" public = "no">
      <Value><![CDATA[0]]></Value>
    </Variable>
  </Variables>
  <MapEvents>
    <Event name = "BeforeTransformation">
      <Action name = "Execute">
        <Comment><![CDATA[Init Action and Result Code Tables]]></Comment>
        <Parameter position = "0" name = "expression"><![CDATA[AREventActionCodes_Init()
AREventResultCodes_Init()]]></Parameter>
      </Action>
      <Action name = "Execute">
        <Comment><![CDATA[Write info to Log File]]></Comment>
        <Parameter position = "0" name = "expression"><![CDATA[LogMessage("INFO", "")
LogMessage("INFO", "Defaults used when Action/Result code don't exist or are in-active in Titanium")
LogMessage("INFO", "")
LogMessage("INFO", "Action Code is " & MacroValue("DEFAULT_ACTION_CODE"))
LogMessage("INFO", "Result Code is " & MacroValue("DEFAULT_RESULT_CODE"))
LogMessage("INFO", "---------------------------------------------")
]]></Parameter>
      </Action>
    </Event>
    <Event name = "AfterTransformation">
      <Action name = "Execute">
        <Comment><![CDATA[Write blank line to log for better display]]></Comment>
        <Parameter position = "0" name = "expression"><![CDATA[LogMessage("INFO", "")]]></Parameter>
      </Action>
    </Event>
  </MapEvents>
  <ExpressionModuleList>cm/2/AREventActionCodes.itable.rifl
cm/3/AREventResultCodes.itable.rifl
</ExpressionModuleList>
  <MapSources>
    <MapSource name = "MapSource1">
      <MapSchema schemaname = "..\Schemas\TitaniumFullCycle.ss.xml" originallocation = "C:\DataConnect_Workspaces\All Djar List 9.2 version_std\All Djar List 9.2 version_std\All Djar List 9.2 version\New bussiness ETL\TitaniumFullCyclePostProcess.4.5\TitaniumFullCycle\Schemas"/>
    </MapSource>
  </MapSources>
  <MapTargets>
    <MapTarget
                name="MapTarget1">
      <MapSchema originallocation="$(SCHEMA_TFC)"
                        schemaname="TitaniumFullCycleArEvent.ss.xml">
        <MapExpressions>
          <MapExpression
                        fieldname="uniqueConsumerId" language="DJScript"
                        recordlayoutname="ArEvent"><![CDATA[clean(Records("Record80").Fields("UniqueConsumerId"))]]></MapExpression>
          <MapExpression
                        fieldname="uniqueConsumerAccountId"
                        language="DJScript"
                        recordlayoutname="ArEvent"><![CDATA[clean(Records("Record80").Fields("UniqueConsumerAccountId"))]]></MapExpression>
          <MapExpression
                        fieldname="dateTime" language="DJScript"
                        recordlayoutname="ArEvent"><![CDATA[dim	tempDate
dim	dateTime


tempDate = DateConvert("mmddyyyy", "yyyy/mm/dd", Records("Record80").Fields("Date"))

select case Left(tempDate, 2)

	case "20", "19", "18"

		dateTime = ""	

	case else
		LogMessage("INFO", "Invalid Date Found " & Records("Record80").Fields("Date"))
		now()    
		return

end select
			

if (IsDate(tempDate)) then
	
'	LogMessage("INFO", "Valid Date")
	'If no time assume 00:00:00
	if (Records("Record80").Fields("Time") == "") then
		Records("Record80").Fields("Time") = "120000"
	end if
	
	dateTime = DateConvert("mmddyyyy", "yyyy-mm-dd", Records("Record80").Fields("Date")) & " " & _
					left(Records("Record80").Fields("Time"), 2) & ":" & _
					mid(Records("Record80").Fields("Time"), 3, 2) & ":" & _
					right(Records("Record80").Fields("Time"),2)



	DateValMask(dateTime, "yyyy-mm-dd H24:MM:SS")

	dateTime
	return

else

	LogMessage("INFO", "Invalid Date Found " & Records("Record80").Fields("Date"))
	now()    
	return

end if
]]></MapExpression>
          <MapExpression
                        fieldname="actionCode" language="DJScript"
                        recordlayoutname="ArEvent"><![CDATA[dim actionCode
dim returnValue

actionCode = clean(Records("Record80").Fields("ActionCode"))

returnValue = AREventActionCodes_actn_cd_actv_flg_Lookup(actionCode, "?")

select case returnValue

	case "Y"
	
		actionCode
		
	case "N"
	
		LogMessage("INFO", "Action Code " & actionCode & " is NOT Active in Titanium, UniqueConsumerID " & Records("Record80").Fields("UniqueConsumerId"))
		MacroValue("DEFAULT_ACTION_CODE")
	
	case else
	
		LogMessage("INFO", "Action Code " & actionCode & " doesn't exist in Titanium, UniqueConsumerID " & Records("Record80").Fields("UniqueConsumerId"))
		MacroValue("DEFAULT_ACTION_CODE")
		
end select]]></MapExpression>
          <MapExpression
                        fieldname="resultCode" language="DJScript"
                        recordlayoutname="ArEvent"><![CDATA[dim resultCode
dim returnValue

resultCode = clean(Records("Record80").Fields("ResultCode"))

returnValue = AREventResultCodes_rslt_cd_actv_flg_Lookup(resultCode, "?")

select case returnValue

	case "Y"
	
		resultCode
		
	case "N"
	
		LogMessage("INFO", "Result Code " & resultCode & " is NOT Active in Titanium, UniqueConsumerID " & Records("Record80").Fields("UniqueConsumerId"))
		MacroValue("DEFAULT_RESULT_CODE")
	
	case else
	
		LogMessage("INFO", "Result Code " & resultCode & " doesn't exist in Titanium, UniqueConsumerID " & Records("Record80").Fields("UniqueConsumerId"))
		MacroValue("DEFAULT_RESULT_CODE")
		
end select]]></MapExpression>
          <MapExpression
                        fieldname="comment" language="DJScript"
                        recordlayoutname="ArEvent"><![CDATA[clean(Records("Record80").Fields("Comment"))]]></MapExpression>
          <MapExpression
                        fieldname="userId" language="DJScript"
                        recordlayoutname="ArEvent"><![CDATA[clean(Records("Record80").Fields("LoginId"))]]></MapExpression>
          <MapExpression
                        fieldname="RunId" language="DJScript"
                        recordlayoutname="ArEvent"><![CDATA[RunNumber = RunNumber + 1


if (CInt(RunNumber) == CInt(MacroValue("NUMBER_IN_A_BLOCK"))) then

	RunNumber = 0
	BlockCount = BlockCount + 1
	
end if

BlockCount]]></MapExpression>
          <MapExpression
                        fieldname="Processed" language="DJScript" recordlayoutname="ArEvent"><![CDATA["N"]]></MapExpression>
        </MapExpressions>
      </MapSchema>
    </MapTarget>
  </MapTargets>
</Map>