<?xml version="1.0" encoding="UTF-8" ?>
<!--======  Map XML ======-->
<!-- <!DOCTYPE Map SYSTEM "DJMap.dtd"> -->
<Map schemaVersion = "1.2" version = "1.35" creator = "Don" datecreated = "2011-03-22T00:40:52+05:30" author = "HCLTECH\saravanan_s" datemodified = "2023-05-13T09:14:44.8528857+05:30">
  <Variables>
    <Variable name = "SequenceNumber" type = "Variant" public = "no"/>
    <Variable name = "BlockCount" type = "Variant" public = "no">
      <Value><![CDATA[1]]></Value>
    </Variable>
    <Variable name = "RunNumber" type = "Variant" public = "no"/>
  </Variables>
  <MapSources>
    <MapSource name = "MapSource1">
      <MapSchema schemaname = "$(SCHEMA_TFC)TitaniumFullCycle.ss.xml"/>
    </MapSource>
  </MapSources>
    <MapTargets>
    <MapTarget
                name="MapTarget1">
      <MapSchema originallocation="$(SCHEMA_TFC)"
                        schemaname="TitaniumFullCycleNoticePendingAndHistory.ss.xml">
        <MapExpressions>
          <MapExpression
                        fieldname="UniqueConsumerID" language="DJScript"
                        recordlayoutname="R1"><![CDATA[Records("Record81").Fields("UniqueConsumerId")]]></MapExpression>
          <MapExpression
                        fieldname="UniqueConsumerAccountID"
                        language="DJScript"
                        recordlayoutname="R1"><![CDATA[Records("Record81").Fields("UniqueConsumerAccountId")]]></MapExpression>
          <MapExpression
                        fieldname="NoticeShortName" language="DJScript"
                        recordlayoutname="R1"><![CDATA[Records("Record81").Fields("NoticeShortName")]]></MapExpression>
          <MapExpression
                        fieldname="NoticeSendDate" language="DJScript"
                        recordlayoutname="R1"><![CDATA[dim dateTime

if (Records("Record81").Fields("NoticeSendDate") == "") then
	
	NULL
	
else

	dateTime = DateConvert("mmddyyyy", "yyyy-mm-dd", Records("Record81").Fields("NoticeSendDate")) & " 12:00:00"
	DateValMask(dateTime, "yyyy-mm-dd H24:MM:SS")

end if]]></MapExpression>
          <MapExpression
                        fieldname="NoticeRequestedDate"
                        language="DJScript"
                        recordlayoutname="R1"><![CDATA[dim dateTime

if (Records("Record81").Fields("NoticeRequestedDate") == "") then
	
	NULL
	
else

	dateTime = DateConvert("mmddyyyy", "yyyy-mm-dd", Records("Record81").Fields("NoticeRequestedDate")) & " 12:00:00"
	DateValMask(dateTime, "yyyy-mm-dd H24:MM:SS")

end if]]></MapExpression>
          <MapExpression
                        fieldname="NoticePrintedDate"
                        language="DJScript"
                        recordlayoutname="R1"><![CDATA[dim dateTime

if (Records("Record81").Fields("NoticePrintedDate") == "") then
	
	NULL
	
else

	dateTime = DateConvert("mmddyyyy", "yyyy-mm-dd", Records("Record81").Fields("NoticePrintedDate")) & " 12:00:00"
	DateValMask(dateTime, "yyyy-mm-dd H24:MM:SS")

end if]]></MapExpression>
          <MapExpression
                        fieldname="UserShortNameWhoRequested"
                        language="DJScript"
                        recordlayoutname="R1"><![CDATA[Records("Record81").Fields("UserShortNameWhoRequested")]]></MapExpression>
          <MapExpression
                        fieldname="PostalCode" language="DJScript"
                        recordlayoutname="R1"><![CDATA[Records("Record81").Fields("PostalCode")]]></MapExpression>
          <MapExpression
                        fieldname="City" language="DJScript"
                        recordlayoutname="R1"><![CDATA[Records("Record81").Fields("City")]]></MapExpression>
          <MapExpression
                        fieldname="State" language="DJScript"
                        recordlayoutname="R1"><![CDATA[Records("Record81").Fields("State")]]></MapExpression>
          <MapExpression
                        fieldname="County" language="DJScript"
                        recordlayoutname="R1"><![CDATA[Records("Record81").Fields("County")]]></MapExpression>
          <MapExpression
                        fieldname="StatusofNotice" language="DJScript"
                        recordlayoutname="R1"><![CDATA[select case Records("Record81").Fields("StatusOfNotice")

	case "1"
		"SCHEDULED"
		
	case "2"
		"PROCESSING"
		
	case "3"
		"RELEASED"
		
	case "4"
		"SENDING"
		
	case "5"
		"SENT"
		
	case "6"
		"ERROR"
		
    case "7"
		"CANCELLED"
		
	case "8"
		"ON_HOLD"
		
	case "9"
		"RE_RELEASED"
		
	case else
		LogMessage("INFO", "Unknown Notice Status: " & Records("Record81").Fields("StatusOfNotice"))
		NULL
		
end select]]></MapExpression>
          <MapExpression
                        fieldname="MailReturnReason" language="DJScript"
                        recordlayoutname="R1"><![CDATA[Records("Record81").Fields("MailReturnReason")]]></MapExpression>
          <MapExpression
                        fieldname="MailReturnDate" language="DJScript"
                        recordlayoutname="R1"><![CDATA[dim dateTime

if (Records("Record81").Fields("MailReturnDate") == "") then
	
	NULL
	
else

	dateTime = DateConvert("mmddyyyy", "yyyy-mm-dd", Records("Record81").Fields("MailReturnDate")) & " 12:00:00"
	DateValMask(dateTime, "yyyy-mm-dd H24:MM:SS")

end if]]></MapExpression>
          <MapExpression
                        fieldname="SequenceNumber" language="DJScript"
                        recordlayoutname="R1"><![CDATA[SequenceNumber = SequenceNumber + 1

Format(SequenceNumber, "0000000000") & Records("Record81").Fields("UniqueConsumerId")]]></MapExpression>
          <MapExpression
                        fieldname="RunId" language="DJScript"
                        recordlayoutname="R1"><![CDATA[RunNumber = RunNumber + 1

if (CInt(RunNumber) == CInt(MacroValue("NUMBER_IN_A_BLOCK"))) then

	RunNumber = 0
	BlockCount = BlockCount + 1
	
end if

BlockCount]]></MapExpression>
          <MapExpression
                        fieldname="Processed" language="DJScript" recordlayoutname="R1"><![CDATA["N"]]></MapExpression>
        </MapExpressions>
      </MapSchema>
    </MapTarget>
  </MapTargets>
</Map>