<?xml version="1.0" encoding="UTF-8" ?>
<!--======  Map XML ======-->
<!-- <!DOCTYPE Map SYSTEM "DJMap.dtd"> -->
<Map schemaVersion = "1.2" version = "1.7" creator = "Don" datecreated = "2012-01-03T22:57:22+05:30" author = "HCLTECH\saravanan_s" datemodified = "2023-05-13T09:25:02.9344773+05:30">
  <Variables>
    <Variable name = "RunNumber" type = "Variant" public = "no">
      <Value><![CDATA[0]]></Value>
    </Variable>
    <Variable name = "BlockCount" type = "Variant" public = "no">
      <Value><![CDATA[1]]></Value>
    </Variable>
  </Variables>
  <MapSources>
    <MapSource name = "MapSource1">
      <MapSchema schemaname = "$(SCHEMA_TFC)TitaniumFullCycle.ss.xml"/>
    </MapSource>
  </MapSources>
  <MapTargets>
    <MapTarget name = "MapTarget1">
      <MapSchema>
        <Schema connectorname = "SQL Server 2005 Mass Insert" designedfor = "Target">
          <RecordLayouts>
            <RecordLayout name = "R1" length = "606" status = "0">
              <Origin origintype = "0"/>
              <Fields>
                <Field name = "UniqueConsumerId">
                  <Datatype datatype = "151" dataalias = "varchar" datalength = "20" dataidentity = "no" dataautoinc = "no" datacurrency = "no" datarowversion = "no" datanulls = "yes" datavariablelength = "no"/>
                </Field>
                <Field name = "UniqueConsumerAccountId">
                  <Datatype datatype = "151" dataalias = "varchar" datalength = "20" dataidentity = "no" dataautoinc = "no" datacurrency = "no" datarowversion = "no" datanulls = "yes" datavariablelength = "no"/>
                </Field>
                <Field name = "ImagePathName">
                  <Datatype datatype = "151" dataalias = "varchar" datalength = "128" dataidentity = "no" dataautoinc = "no" datacurrency = "no" datarowversion = "no" datanulls = "yes" datavariablelength = "no"/>
                </Field>
                <Field name = "CreateDate">
                  <Datatype datatype = "8" dataalias = "DateTime" datalength = "8" dataidentity = "no" dataautoinc = "no" datacurrency = "no" datarowversion = "no" datanulls = "yes" dataprecision = "12"/>
                  <FieldOptions>
                    <Option name = "editpicture" value = "yyyy-mm-dd H24:MM:SS"/>
                  </FieldOptions>
                </Field>
                <Field name = "ImageName">
                  <Datatype datatype = "151" dataalias = "varchar" datalength = "128" dataidentity = "no" dataautoinc = "no" datacurrency = "no" datarowversion = "no" datanulls = "yes" datavariablelength = "no"/>
                </Field>
                <Field name = "ImageDescription">
                  <Datatype datatype = "151" dataalias = "varchar" datalength = "256" dataidentity = "no" dataautoinc = "no" datacurrency = "no" datarowversion = "no" datanulls = "yes" datavariablelength = "no"/>
                </Field>
                <Field name = "ImageActive">
                  <Datatype datatype = "151" dataalias = "varchar" datalength = "1" dataidentity = "no" dataautoinc = "no" datacurrency = "no" datarowversion = "no" datanulls = "yes" datavariablelength = "no"/>
                </Field>
                <Field name = "ImageFormatType">
                  <Datatype datatype = "1" dataalias = "smallint" datalength = "2" datamsbfirst = "no" dataidentity = "no" dataautoinc = "no" datacurrency = "no" datarowversion = "no" datanulls = "yes" dataprecision = "4" datasigned = "yes"/>
                </Field>
                <Field name = "ImageTagShortName1">
                  <Datatype datatype = "151" dataalias = "varchar" datalength = "8" dataidentity = "no" dataautoinc = "no" datacurrency = "no" datarowversion = "no" datanulls = "yes" datavariablelength = "no"/>
                </Field>
                <Field name = "ImageTagAssignDate1">
                  <Datatype datatype = "8" dataalias = "DateTime" datalength = "8" dataidentity = "no" dataautoinc = "no" datacurrency = "no" datarowversion = "no" datanulls = "yes" dataprecision = "12"/>
                  <FieldOptions>
                    <Option name = "editpicture" value = "yyyy-mm-dd H24:MM:SS"/>
                  </FieldOptions>
                </Field>
                <Field name = "ImageTagActive1">
                  <Datatype datatype = "151" dataalias = "varchar" datalength = "1" dataidentity = "no" dataautoinc = "no" datacurrency = "no" datarowversion = "no" datanulls = "yes" datavariablelength = "no"/>
                </Field>
                <Field name = "ImageTagShortName2">
                  <Datatype datatype = "151" dataalias = "varchar" datalength = "8" dataidentity = "no" dataautoinc = "no" datacurrency = "no" datarowversion = "no" datanulls = "yes" datavariablelength = "no"/>
                </Field>
                <Field name = "ImageTagAssignDate2">
                  <Datatype datatype = "8" dataalias = "DateTime" datalength = "8" dataidentity = "no" dataautoinc = "no" datacurrency = "no" datarowversion = "no" datanulls = "yes" dataprecision = "12"/>
                  <FieldOptions>
                    <Option name = "editpicture" value = "yyyy-mm-dd H24:MM:SS"/>
                  </FieldOptions>
                </Field>
                <Field name = "ImageTagActive2">
                  <Datatype datatype = "151" dataalias = "varchar" datalength = "1" dataidentity = "no" dataautoinc = "no" datacurrency = "no" datarowversion = "no" datanulls = "yes" datavariablelength = "no"/>
                </Field>
                <Field name = "RunId">
                  <Datatype datatype = "12" dataalias = "BIGINT" datalength = "8" datamsbfirst = "no" dataidentity = "no" dataautoinc = "no" datacurrency = "no" datarowversion = "no" datanulls = "yes" dataprecision = "19" datasigned = "yes"/>
                </Field>
                <Field name = "Processed">
                  <Datatype datatype = "151" dataalias = "varchar" datalength = "1" dataidentity = "no" dataautoinc = "no" datacurrency = "no" datarowversion = "no" datanulls = "yes" datavariablelength = "no"/>
                </Field>
              </Fields>
              <RecordLayoutOptions>
                <Option name = "uniquenameprefix" value = "FIELD1"/>
              </RecordLayoutOptions>
            </RecordLayout>
          </RecordLayouts>
          <Rules/>
        </Schema>
        <MapExpressions>
          <MapExpression language = "DJScript" recordlayoutname = "R1" fieldname = "UniqueConsumerId"><![CDATA[if (Records("Record85").Fields("UniqueConsumerId") == "") then

	NULL
	
else

	Records("Record85").Fields("UniqueConsumerId")

end if]]></MapExpression>
          <MapExpression language = "DJScript" recordlayoutname = "R1" fieldname = "UniqueConsumerAccountId"><![CDATA[if (Records("Record85").Fields("UniqueConsumerAccountId") == "") then

	NULL
	
else

	Records("Record85").Fields("UniqueConsumerAccountId")

end if]]></MapExpression>
          <MapExpression language = "DJScript" recordlayoutname = "R1" fieldname = "ImagePathName"><![CDATA[Records("Record85").Fields("ImagePathName")]]></MapExpression>
          <MapExpression language = "DJScript" recordlayoutname = "R1" fieldname = "CreateDate"><![CDATA[dim dateTime

dateTime = DateConvert("mmddyyyy", "yyyy-mm-dd", Records("Record85").Fields("CreateDate")) & " 12:00:00"
DateValMask(dateTime, "yyyy-mm-dd H24:MM:SS")]]></MapExpression>
          <MapExpression language = "DJScript" recordlayoutname = "R1" fieldname = "ImageName"><![CDATA[Records("Record85").Fields("ImageName")]]></MapExpression>
          <MapExpression language = "DJScript" recordlayoutname = "R1" fieldname = "ImageDescription"><![CDATA[Records("Record85").Fields("ImageDescription")]]></MapExpression>
          <MapExpression language = "DJScript" recordlayoutname = "R1" fieldname = "ImageActive"><![CDATA[select case Records("Record85").Fields("ImageActive")

	case "y", "Y"
	
		"Y"
		
	case "n", "N"
		
		"N"
		
	case else
	
		"Y"
		
end select]]></MapExpression>
          <MapExpression language = "DJScript" recordlayoutname = "R1" fieldname = "ImageFormatType"><![CDATA[if (Records("Record85").Fields("ImageFormatType") == "") then

	"0"
	
else

	Records("Record85").Fields("ImageFormatType")
	
end if	]]></MapExpression>
          <MapExpression language = "DJScript" recordlayoutname = "R1" fieldname = "ImageTagShortName1"><![CDATA[Records("Record85").Fields("ImageTagShortName1")]]></MapExpression>
          <MapExpression language = "DJScript" recordlayoutname = "R1" fieldname = "ImageTagAssignDate1"><![CDATA[dim dateTime

dateTime = DateConvert("mmddyyyy", "yyyy-mm-dd", Records("Record85").Fields("ImageTagAssignDate1")) & " 12:00:00"
DateValMask(dateTime, "yyyy-mm-dd H24:MM:SS")]]></MapExpression>
          <MapExpression language = "DJScript" recordlayoutname = "R1" fieldname = "ImageTagActive1"><![CDATA[select case Records("Record85").Fields("ImageTagActive1")

	case "y", "Y"
	
		"Y"
		
	case "n", "N"
		
		"N"
		
	case else
	
		"Y"
		
end select]]></MapExpression>
          <MapExpression language = "DJScript" recordlayoutname = "R1" fieldname = "ImageTagShortName2"><![CDATA[Records("Record85").Fields("ImageTagShortName2")]]></MapExpression>
          <MapExpression language = "DJScript" recordlayoutname = "R1" fieldname = "ImageTagAssignDate2"><![CDATA[dim dateTime

dateTime = DateConvert("mmddyyyy", "yyyy-mm-dd", Records("Record85").Fields("ImageTagAssignDate2")) & " 12:00:00"
DateValMask(dateTime, "yyyy-mm-dd H24:MM:SS")]]></MapExpression>
          <MapExpression language = "DJScript" recordlayoutname = "R1" fieldname = "ImageTagActive2"><![CDATA[select case Records("Record85").Fields("ImageTagActive2")

	case "y", "Y"
	
		"Y"
		
	case "n", "N"
		
		"N"
		
	case else
	
		"Y"
		
end select]]></MapExpression>
          <MapExpression language = "DJScript" recordlayoutname = "R1" fieldname = "RunId"><![CDATA[RunNumber = RunNumber + 1


if (CInt(RunNumber) == CInt(MacroValue("NUMBER_IN_A_BLOCK"))) then

	RunNumber = 0
	BlockCount = BlockCount + 1
	
end if

BlockCount]]></MapExpression>
          <MapExpression language = "DJScript" recordlayoutname = "R1" fieldname = "Processed"><![CDATA["N"]]></MapExpression>
        </MapExpressions>
      </MapSchema>
    </MapTarget>
  </MapTargets>
</Map>