<?xml version="1.0" encoding="UTF-8" ?>
<!--======  Transformation XML ======-->
<!-- <!DOCTYPE Transformation SYSTEM "DJMap.dtd"> -->
<Transformation schemaVersion = "1.2" version = "1.7" creator = "Don" datecreated = "2010-08-30T21:03:26+05:30" author = "HCLTECH\saravanan_s" datemodified = "2023-05-13T08:55:53.9816223+05:30" partial = "no">
  <LogManager loglocation = "C:\Documents and Settings\Don\Pervasive\Logs\MapDesigner\TransformMap.log" messagetypemask = "15"/>
  <ProfileManager enabled = "False" outputfile = "C:\DataConnect_Workspaces\All Djar List 9.2 version_std\All Djar List 9.2 version_std\All Djar List 9.2 version\New bussiness ETL\TitaniumFullCyclePostProcess.4.5\TitaniumFullCycle\Maps\Execution Profiles\profile.out" filter = "65535"/>
  <MacroManager>
    <MacroSets>
      <MacroSet name = "GLOBAL"/>
    </MacroSets>
  </MacroManager>
  <TransformationOptions>
    <Option name = "truncationhandling" value = "0"/>
    <Option name = "overflowhandling" value = "0"/>
    <Option name = "nonullshandling" value = "0"/>
    <Option name = "maxerrorcount" value = "1"/>
    <Option name = "logfieldcount" value = "5"/>
    <Option name = "clearlogbeforerun" value = "no"/>
  </TransformationOptions>
  <TransformationSources>
    <TransformationSource name = "TransformationSource1" connectorname = "SQL Server 2005">
      <TransformationSourceOptions>
        <Option name = "encoding" value = "OEM"/>
        <Option name = "wherestmt"/>
        <Option name = "systables" value = "False"/>
        <Option name = "views" value = "True"/>
        <Option name = "synonyms" value = "False"/>
        <Option name = "cursortype" value = "client"/>
        <Option name = "layoutmismatch" value = "0"/>
      </TransformationSourceOptions>
      <DataAccess>
        <ConnectionInfo>
          <ResMgrSession name = "RMSession1" type = "SQL Server 2005" server = "$(SQLSERVER)" userid = "$(DBUSERNAME)" resourcemanager = "$(DBNAME)">
            <Password><![CDATA[AQBBAKQAwABhAHAAegA5APkA+AC9AF0ALAAGAJYA]]></Password>
          </ResMgrSession>
          <ConnectionDetail>
            <QueryStatement><![CDATA[SELECT
	adt.agncy_dfnd_tbl_nm + adc.agncy_dfnd_clmn_nm as TableAndColumnName,
	adt.agncy_dfnd_tbl_nm as TableName,
	adc.agncy_dfnd_clmn_nm as ColumnName,
	adc.agncy_dfnd_clmn_data_typ_cd as DataType,
	adc.agncy_dfnd_clmn_typ_cd as ColumnType,
	adc.agncy_dfnd_clmn_lngth_txt as ColumnLength,
	adc.agncy_dfnd_clmn_dscptn_txt as ColumnDescription
FROM agncy_dfnd_clmn adc
	INNER JOIN agncy_dfnd_tbl adt ON (adt.agncy_dfnd_tbl_id = adc.agncy_dfnd_tbl_id)
WHERE adt.agncy_dfnd_tbl_actv_flg = 'Y' AND adt.agncy_dfnd_tbl_is_pblshd_flg = 'Y' 
ORDER BY adt.agncy_dfnd_tbl_nm, adc.agncy_dfnd_clmn_nm
]]></QueryStatement>
          </ConnectionDetail>
        </ConnectionInfo>
        <SampleInfo type = "All"/>
        <DataAccessOptions>
          <Option name = "filterrecordlimit" value = "2147483647"/>
          <Option name = "sortduplicaterecordsallowed" value = "True"/>
        </DataAccessOptions>
      </DataAccess>
    </TransformationSource>
  </TransformationSources>
  <TransformationTargets>
    <TransformationTarget name = "TransformationTarget1" connectorname = "ASCII (Delimited)" outputmode = "Replace" updatemode = "UpdateEvery" updatewithnullfields = "no" replacefullrecord = "yes">
      <TransformationTargetOptions>
        <Option name = "codepage" value = "ANSI"/>
        <Option name = "recsep" value = "CR-LF"/>
        <Option name = "fldsep" value = ","/>
        <Option name = "fldsdelim" value = "&quot;"/>
        <Option name = "fldedelim" value = "&quot;"/>
        <Option name = "header" value = "True"/>
        <Option name = "delimit" value = "all"/>
        <Option name = "lstrip" value = "True"/>
        <Option name = "tstrip" value = "True"/>
        <Option name = "srcxlit"/>
        <Option name = "trgxlit"/>
        <Option name = "maxdatalen" value = "0"/>
        <Option name = "nullind" value = "none"/>
        <Option name = "updateaddmismatch" value = "True"/>
        <Option name = "layoutmismatch" value = "0"/>
        <Option name = "recordrepetitioncount" value = "0"/>
      </TransformationTargetOptions>
      <DataAccess>
        <ConnectionInfo>
          <ResMgrSession name = "RMSession1" type = "ASCII (Delimited)"/>
          <ConnectionDetail location = "$(UDP_FIELDLIST_FILE)"/>
        </ConnectionInfo>
        <SampleInfo type = "All"/>
        <DataAccessOptions>
          <Option name = "filterrecordlimit" value = "2147483647"/>
        </DataAccessOptions>
      </DataAccess>
    </TransformationTarget>
  </TransformationTargets>
  <TransformationMap mapname = "TitaniumFullCycleUDPColumnList.map.xml" originallocation = "C:\DataConnect_Workspaces\All Djar List 9.2 version_std\All Djar List 9.2 version_std\All Djar List 9.2 version\New bussiness ETL\TitaniumFullCyclePostProcess.4.5\TitaniumFullCycle\Maps"/>
</Transformation>