<?xml version="1.0" encoding="UTF-8" ?>
<!--======  Map XML ======-->
<!-- <!DOCTYPE Map SYSTEM "DJMap.dtd"> -->
<Map schemaVersion = "1.2" version = "1.7" creator = "Don" datecreated = "2010-08-30T21:03:26+05:30" author = "HCLTECH\saravanan_s" datemodified = "2023-05-13T08:55:53.9816223+05:30">
  <MapSources>
    <MapSource name = "MapSource1">
      <MapSchema>
        <Schema connectorname = "SQL Server 2005" designedfor = "Source">
          <RecordLayouts>
            <RecordLayout name = "R1" length = "1060" status = "0">
              <Origin origintype = "0"/>
              <Fields>
                <Field name = "TableAndColumnName">
                  <Datatype datatype = "151" dataalias = "varchar" datalength = "256" dataidentity = "no" dataautoinc = "no" datacurrency = "no" datarowversion = "no" datanulls = "yes" datavariablelength = "no"/>
                </Field>
                <Field name = "TableName">
                  <Datatype datatype = "151" dataalias = "varchar" datalength = "128" dataidentity = "no" dataautoinc = "no" datacurrency = "no" datarowversion = "no" datanulls = "yes" datavariablelength = "no"/>
                </Field>
                <Field name = "ColumnName">
                  <Datatype datatype = "151" dataalias = "varchar" datalength = "128" dataidentity = "no" dataautoinc = "no" datacurrency = "no" datarowversion = "no" datanulls = "yes" datavariablelength = "no"/>
                </Field>
                <Field name = "DataType">
                  <Datatype datatype = "1" dataalias = "smallint" datalength = "2" datamsbfirst = "no" dataidentity = "no" dataautoinc = "no" datacurrency = "no" datarowversion = "no" datanulls = "yes" dataprecision = "4" datasigned = "yes"/>
                </Field>
                <Field name = "ColumnType">
                  <Datatype datatype = "1" dataalias = "smallint" datalength = "2" datamsbfirst = "no" dataidentity = "no" dataautoinc = "no" datacurrency = "no" datarowversion = "no" datanulls = "yes" dataprecision = "4" datasigned = "yes"/>
                </Field>
                <Field name = "ColumnLength">
                  <Datatype datatype = "151" dataalias = "varchar" datalength = "32" dataidentity = "no" dataautoinc = "no" datacurrency = "no" datarowversion = "no" datanulls = "yes" datavariablelength = "no"/>
                </Field>
                <Field name = "ColumnDescription">
                  <Datatype datatype = "151" dataalias = "varchar" datalength = "512" dataidentity = "no" dataautoinc = "no" datacurrency = "no" datarowversion = "no" datanulls = "yes" datavariablelength = "no"/>
                </Field>
              </Fields>
              <RecordLayoutOptions>
                <Option name = "uniquenameprefix" value = "FIELD1"/>
              </RecordLayoutOptions>
            </RecordLayout>
          </RecordLayouts>
          <Rules/>
        </Schema>
      </MapSchema>
      <RecordLayoutEvents recordlayoutname = "R1">
        <Event name = "AfterEveryRecord">
          <Action name = "ClearMapPut Record">
            <Comment><![CDATA[Put record into Target file]]></Comment>
            <Parameter position = "0" name = "target name"><![CDATA[Target]]></Parameter>
            <Parameter position = "1" name = "record layout"><![CDATA[R1]]></Parameter>
            <Parameter position = "4" name = "buffered"><![CDATA[false]]></Parameter>
          </Action>
        </Event>
      </RecordLayoutEvents>
    </MapSource>
  </MapSources>
  <MapTargets>
    <MapTarget
                name="MapTarget1">
      <MapSchema originallocation="$(SCHEMA_TFC)"
                        schemaname="TitaniumFullCycleUDPColumnList.ss.xml">
        <MapExpressions>
          <MapExpression
                        fieldname="TableAndColumn" language="DJScript"
                        recordlayoutname="R1"><![CDATA[UCase(Fields("TableAndColumnName"))]]></MapExpression>
          <MapExpression
                        fieldname="TableName" language="DJScript"
                        recordlayoutname="R1"><![CDATA[Fields("TableName")]]></MapExpression>
          <MapExpression
                        fieldname="ColumnName" language="DJScript"
                        recordlayoutname="R1"><![CDATA[Fields("ColumnName")]]></MapExpression>
          <MapExpression
                        fieldname="DataType" language="DJScript"
                        recordlayoutname="R1"><![CDATA[Fields("DataType")]]></MapExpression>
          <MapExpression
                        fieldname="ColumnType" language="DJScript"
                        recordlayoutname="R1"><![CDATA[Fields("ColumnType")]]></MapExpression>
          <MapExpression
                        fieldname="ColumnLength" language="DJScript"
                        recordlayoutname="R1"><![CDATA[Fields("ColumnLength")]]></MapExpression>
          <MapExpression
                        fieldname="ColumnDescription"
                        language="DJScript" recordlayoutname="R1"><![CDATA[Fields("ColumnDescription")]]></MapExpression>
        </MapExpressions>
      </MapSchema>
    </MapTarget>
  </MapTargets>>
</Map>