<?xml version="1.0" encoding="UTF-8" ?>
<!--======  Map XML ======-->
<!-- <!DOCTYPE Map SYSTEM "DJMap.dtd"> -->
<Map schemaVersion = "1.2" version = "1.25" creator = "Don" datecreated = "2008-06-10T00:33:26+05:30" author = "HCLTECH\saravanan_s" datemodified = "2023-05-13T09:25:46.6570404+05:30">
  <MapSources>
    <MapSource name = "MapSource1">
      <MapSchema schemaname = "..\Schemas\TitaniumFullCycle.ss.xml" originallocation = "C:\DataConnect_Workspaces\All Djar List 9.2 version_std\All Djar List 9.2 version_std\All Djar List 9.2 version\New bussiness ETL\TitaniumFullCyclePostProcess.4.5\TitaniumFullCycle\Schemas"/>
    </MapSource>
  </MapSources>
  <MapTargets>
    <MapTarget name = "MapTarget1">
      <MapSchema>
        <Schema creator = "Don" datecreated = "2008-08-20T17:07:45Z" connectorname = "SQL Server 2000 Mass Insert" designedfor = "Target">
          <RecordLayouts>
            <RecordLayout name = "consumerUpdates" length = "435" status = "0">
              <Origin origintype = "0"/>
              <Fields>
                <Field name = "uniqueConsumerId">
                  <Datatype datatype = "151" dataalias = "varchar" datalength = "20" dataidentity = "no" dataautoinc = "no" datacurrency = "no" datarowversion = "no" datanulls = "yes" datavariablelength = "no"/>
                </Field>
                <Field name = "workgroupShortName">
                  <Datatype datatype = "151" dataalias = "varchar" datalength = "8" dataidentity = "no" dataautoinc = "no" datacurrency = "no" datarowversion = "no" datanulls = "yes" datavariablelength = "no"/>
                </Field>
                <Field name = "lastContactDate">
                  <Datatype datatype = "8" dataalias = "DateTime" datalength = "8" dataidentity = "no" dataautoinc = "no" datacurrency = "no" datarowversion = "no" datanulls = "yes" dataprecision = "12"/>
                  <FieldOptions>
                    <Option name = "editpicture" value = "yyyy-mm-dd H24:MM:SS"/>
                  </FieldOptions>
                </Field>
                <Field name = "nextContactDate">
                  <Datatype datatype = "8" dataalias = "DateTime" datalength = "8" dataidentity = "no" dataautoinc = "no" datacurrency = "no" datarowversion = "no" datanulls = "yes" dataprecision = "12"/>
                  <FieldOptions>
                    <Option name = "editpicture" value = "yyyy-mm-dd H24:MM:SS"/>
                  </FieldOptions>
                </Field>
                <Field name = "email">
                  <Datatype datatype = "151" dataalias = "varchar" datalength = "128" dataidentity = "no" dataautoinc = "no" datacurrency = "no" datarowversion = "no" datanulls = "yes" datavariablelength = "no"/>
                </Field>
                <Field name = "county">
                  <Datatype datatype = "151" dataalias = "varchar" datalength = "64" dataidentity = "no" dataautoinc = "no" datacurrency = "no" datarowversion = "no" datanulls = "yes" datavariablelength = "no"/>
                </Field>
                <Field name = "mailReturnReason">
                  <Datatype datatype = "151" dataalias = "varchar" datalength = "2" dataidentity = "no" dataautoinc = "no" datacurrency = "no" datarowversion = "no" datanulls = "yes" datavariablelength = "no"/>
                </Field>
                <Field name = "mailReturnDate">
                  <Datatype datatype = "8" dataalias = "DateTime" datalength = "8" dataidentity = "no" dataautoinc = "no" datacurrency = "no" datarowversion = "no" datanulls = "yes" dataprecision = "12"/>
                  <FieldOptions>
                    <Option name = "editpicture" value = "yyyy-mm-dd H24:MM:SS"/>
                  </FieldOptions>
                </Field>
                <Field name = "IsHold">
                  <Datatype datatype = "151" dataalias = "varchar" datalength = "1" dataidentity = "no" dataautoinc = "no" datacurrency = "no" datarowversion = "no" datanulls = "yes" datavariablelength = "no"/>
                </Field>
                <Field name = "HoldEndDate">
                  <Datatype datatype = "8" dataalias = "DateTime" datalength = "8" dataidentity = "no" dataautoinc = "no" datacurrency = "no" datarowversion = "no" datanulls = "yes" dataprecision = "12"/>
                  <FieldOptions>
                    <Option name = "editpicture" value = "yyyy-mm-dd H24:MM:SS"/>
                  </FieldOptions>
                </Field>
                <Field name = "HoldUnholdReason">
                  <Datatype datatype = "151" dataalias = "varchar" datalength = "128" dataidentity = "no" dataautoinc = "no" datacurrency = "no" datarowversion = "no" datanulls = "yes" datavariablelength = "no"/>
                </Field>
                <Field name = "StrategyShortName">
                  <Datatype datatype = "151" dataalias = "varchar" datalength = "8" dataidentity = "no" dataautoinc = "no" datacurrency = "no" datarowversion = "no" datanulls = "yes" datavariablelength = "no"/>
                </Field>
                <Field name = "StrategyLastDate">
                  <Datatype datatype = "8" dataalias = "DateTime" datalength = "8" dataidentity = "no" dataautoinc = "no" datacurrency = "no" datarowversion = "no" datanulls = "yes" dataprecision = "12"/>
                  <FieldOptions>
                    <Option name = "editpicture" value = "yyyy-mm-dd H24:MM:SS"/>
                  </FieldOptions>
                </Field>
                <Field name = "StrategyLastStep">
                  <Datatype datatype = "151" dataalias = "varchar" datalength = "8" dataidentity = "no" dataautoinc = "no" datacurrency = "no" datarowversion = "no" datanulls = "yes" datavariablelength = "no"/>
                </Field>
                <Field name = "StrategyNextStep">
                  <Datatype datatype = "151" dataalias = "varchar" datalength = "8" dataidentity = "no" dataautoinc = "no" datacurrency = "no" datarowversion = "no" datanulls = "yes" datavariablelength = "no"/>
                </Field>
                <Field name = "LegacyPIN">
                  <Datatype datatype = "151" dataalias = "varchar" datalength = "20" dataidentity = "no" dataautoinc = "no" datacurrency = "no" datarowversion = "no" datanulls = "yes" datavariablelength = "no"/>
                </Field>
              </Fields>
              <RecordLayoutOptions>
                <Option name = "uniquenameprefix" value = "StrategyShortName1"/>
              </RecordLayoutOptions>
            </RecordLayout>
          </RecordLayouts>
          <Rules/>
        </Schema>
        <MapExpressions>
          <MapExpression language = "DJScript" recordlayoutname = "consumerUpdates" fieldname = "uniqueConsumerId"><![CDATA[clean(Records("Record01").Fields("UniqueConsumerId"))]]></MapExpression>
          <MapExpression language = "DJScript" recordlayoutname = "consumerUpdates" fieldname = "workgroupShortName"><![CDATA[dim WorkgroupShortName
WorkgroupShortName = clean(Records("Record01").Fields("WorkgroupShortName"))

if (WorkgroupShortName == "") then

	null
	
else

	Records("Record01").Fields("WorkgroupShortName")
	
end if
]]></MapExpression>
          <MapExpression language = "DJScript" recordlayoutname = "consumerUpdates" fieldname = "lastContactDate"><![CDATA[dim dateTime
dim LastContactDate

LastContactDate = clean(Records("Record01").Fields("LastContactDate"))

if (LastContactDate == "") then

	NULL
	
elseif (LastContactDate == "00000000") then

	NULL
	
elseif (LastContactDate == "        ") then

	NULL

else

	dateTime = DateConvert("mmddyyyy", "yyyy-mm-dd", LastContactDate) & " 12:00:00"
	DateValMask(dateTime, "yyyy-mm-dd H24:MM:SS")
	
end if
]]></MapExpression>
          <MapExpression language = "DJScript" recordlayoutname = "consumerUpdates" fieldname = "nextContactDate"><![CDATA[dim dateTime
dim NextContactDate

NextContactDate = clean(Records("Record01").Fields("NextContactDate"))

if (NextContactDate == "") then

	NULL
	
elseif (NextContactDate == "00000000") then

	NULL
	
elseif (NextContactDate == "        ") then

	NULL

else

	dateTime = DateConvert("mmddyyyy", "yyyy-mm-dd", NextContactDate) & " 12:00:00"
	DateValMask(dateTime, "yyyy-mm-dd H24:MM:SS")
	
end if
]]></MapExpression>
          <MapExpression language = "DJScript" recordlayoutname = "consumerUpdates" fieldname = "email"><![CDATA[dim Email
Email = clean(Records("Record01").Fields("Email"))

if (Email == "") then

	null
	
else

	Records("Record01").Fields("Email")
	
end if
]]></MapExpression>
          <MapExpression language = "DJScript" recordlayoutname = "consumerUpdates" fieldname = "county"><![CDATA[dim County
County = clean(Records("Record01").Fields("County"))

if (County == "") then

	null
	
else

	Records("Record01").Fields("County")
	
end if
]]></MapExpression>
          <MapExpression language = "DJScript" recordlayoutname = "consumerUpdates" fieldname = "mailReturnReason"><![CDATA[dim MailReturnReason
MailReturnReason = clean(Records("Record01").Fields("MailReturnReason"))

if (MailReturnReason == "") then

	null
	
else

	Records("Record01").Fields("MailReturnReason")
	
end if
]]></MapExpression>
          <MapExpression language = "DJScript" recordlayoutname = "consumerUpdates" fieldname = "mailReturnDate"><![CDATA[dim dateTime
dim MailReturnDate

MailReturnDate = clean(Records("Record01").Fields("MailReturnDate"))

if (MailReturnDate == "") then
	
	NULL
	
else

	dateTime = DateConvert("mmddyyyy", "yyyy-mm-dd", MailReturnDate) & " 12:00:00"
	DateValMask(dateTime, "yyyy-mm-dd H24:MM:SS")
	
end if
]]></MapExpression>
          <MapExpression language = "DJScript" recordlayoutname = "consumerUpdates" fieldname = "IsHold"><![CDATA[select case Records("Record01").Fields("IsHold")

	case "Y", "y"
	
		"Y"
		
	case "N", "n"
	
		"N"
		
	case else
	
		NULL
		
end select]]></MapExpression>
          <MapExpression language = "DJScript" recordlayoutname = "consumerUpdates" fieldname = "HoldEndDate"><![CDATA[dim dateTime

if (Records("Record01").Fields("HoldEndDate") == "") then
	
	NULL
	
else

	dateTime = DateConvert("mmddyyyy", "yyyy-mm-dd", Records("Record01").Fields("HoldEndDate")) & " 12:00:00"
	DateValMask(dateTime, "yyyy-mm-dd H24:MM:SS")
	
end if
]]></MapExpression>
          <MapExpression language = "DJScript" recordlayoutname = "consumerUpdates" fieldname = "HoldUnholdReason"><![CDATA[if (Records("Record01").Fields("HoldUnholdReason") == "") then

	NULL
	
else

	Records("Record01").Fields("HoldUnholdReason")
	
end if	]]></MapExpression>
          <MapExpression language = "DJScript" recordlayoutname = "consumerUpdates" fieldname = "StrategyShortName"><![CDATA[if(Records("Record01").Fields("StrategyShortName")=="") then
	null
else
	Records("Record01").Fields("StrategyShortName")
end if]]></MapExpression>
          <MapExpression language = "DJScript" recordlayoutname = "consumerUpdates" fieldname = "StrategyLastDate"><![CDATA[dim dateTime

if(Records("Record01").Fields("StrategyLastDate")=="") then
	null
else
	dateTime = DateConvert("mmddyyyy", "yyyy-mm-dd", Records("Record01").Fields("StrategyLastDate")) & " 00:01:00"
	DateValMask(dateTime, "yyyy-mm-dd H24:MM:SS")
end if]]></MapExpression>
          <MapExpression language = "DJScript" recordlayoutname = "consumerUpdates" fieldname = "StrategyLastStep"><![CDATA[if(Records("Record01").Fields("StrategyLastStep")=="") then
	null
else
	Records("Record01").Fields("StrategyLastStep")
end if]]></MapExpression>
          <MapExpression language = "DJScript" recordlayoutname = "consumerUpdates" fieldname = "StrategyNextStep"><![CDATA[if (Records("Record01").Fields("StrategyNextStep")=="") then
	null
else
	Records("Record01").Fields("StrategyNextStep")
end if]]></MapExpression>
          <MapExpression language = "DJScript" recordlayoutname = "consumerUpdates" fieldname = "LegacyPIN"><![CDATA[if (Records("Record01").Fields("LegacyPIN") == "") then

	NULL
	
else

	Records("Record01").Fields("LegacyPIN")
	
end if	]]></MapExpression>
        </MapExpressions>
      </MapSchema>
    </MapTarget>
  </MapTargets>
</Map>