<?xml version="1.0" encoding="UTF-8" ?>
<!--======  Map XML ======-->
<!-- <!DOCTYPE Map SYSTEM "DJMap.dtd"> -->
<Map schemaVersion = "1.2" version = "1.10" creator = "Don" datecreated = "2008-06-05T01:32:54+05:30" author = "HCLTECH\saravanan_s" datemodified = "2023-05-13T09:27:50.8900007+05:30">
  <MapSources>
    <MapSource name = "MapSource1">
      <MapSchema schemaname = "$(SCHEMA_TFC)TitaniumFullCycle.ss.xml"/>
    </MapSource>
  </MapSources>
  <MapTargets>
    <MapTarget
                name="MapTarget1">
      <MapSchema originallocation="$(SCHEMA_TFC)"
                        schemaname="TitaniumFullCycleConsumerTag.ss.xml">
        <MapExpressions>
          <MapExpression
                        fieldname="uniqueConsumerId" language="DJScript"
                        recordlayoutname="consumerTag"><![CDATA[clean(Records("Record16").Fields("UniqueConsumerId"))]]></MapExpression>
          <MapExpression
                        fieldname="tagShortName" language="DJScript"
                        recordlayoutname="consumerTag"><![CDATA[clean(Records("Record16").Fields("TagShortName"))]]></MapExpression>
          <MapExpression
                        fieldname="tagAssignDate" language="DJScript"
                        recordlayoutname="consumerTag"><![CDATA[if (rtrim(Records("Record16").Fields("TagAssignDate")) == "") then

	date()

else

	DateConvert("mmddyyyy", "yyyy-mm-dd", Records("Record16").Fields("TagAssignDate"))
	
end if]]></MapExpression>
          <MapExpression
                        fieldname="userIdWhoAddedTag"
                        language="DJScript"
                        recordlayoutname="consumerTag"><![CDATA[clean(Records("Record16").Fields("UserIdWhoAddedTag"))]]></MapExpression>
          <MapExpression
                        fieldname="inActiveTag" language="DJScript" recordlayoutname="consumerTag"><![CDATA[if (Records("Record16").Fields("TagNotActive") == "Y" OR "y") then

	"Y"
	
else

	"N"
	
end if]]></MapExpression>
        </MapExpressions>
      </MapSchema>
    </MapTarget>
  </MapTargets>
</Map>