<?xml version="1.0" encoding="UTF-8" ?>
<!--======  Map XML ======-->
<!-- <!DOCTYPE Map SYSTEM "DJMap.dtd"> -->
<Map schemaVersion = "1.2" version = "1.47" creator = "Don" datecreated = "2008-06-06T23:55:44+05:30" author = "HCLTECH\saravanan_s" datemodified = "2023-05-13T09:31:12.5484109+05:30">
  <Variables>
    <Variable name = "createCustomPageFlag" type = "Variant" public = "no">
      <ArrayDefinition><![CDATA[(0 To 500)]]></ArrayDefinition>
    </Variable>
    <Variable name = "firstTimeForThisConsumer" type = "Variant" public = "no"/>
    <Variable name = "holdUniqueConsumerId" type = "Variant" public = "no"/>
    <Variable name = "holdCustomPageName" type = "Variant" public = "no"/>
    <Variable name = "FirstTime" type = "Variant" public = "no"/>
    <Variable name = "CreatePage" type = "Variant" public = "no"/>
    <Variable name = "CustomPageIndicator" type = "Variant" public = "no"/>
    <Variable name = "CustomFieldName" type = "Variant" public = "no">
      <ArrayDefinition><![CDATA[(0 To 500)]]></ArrayDefinition>
    </Variable>
    <Variable name = "RecordCountByPage" type = "Variant" public = "no"/>
  </Variables>
  <MapEvents>
    <Event name = "BeforeTransformation">
      <Action name = "Execute">
        <Comment><![CDATA[Set holdCustomFieldName Array to Null]]></Comment>
        <Parameter position = "0" name = "expression"><![CDATA[dim x

for x = 0 to 500
CustomFieldName(x) = Null
next x
]]></Parameter>
      </Action>
    </Event>
  </MapEvents>
  <MapSources>
    <MapSource name = "MapSource1">
      <MapSchema schemaname = "$(SCHEMA_TFC)TitaniumFullCycle.ss.xml"/>
    </MapSource>
  </MapSources>
  <MapTargets>
    <MapTarget
                name="MapTarget1">
      <MapSchema originallocation="$(SCHEMA_TFC)"
                        schemaname="TitaniumFullCycleConsumerCustomPage.ss.xml">
        <MapExpressions>
          <MapExpression
                        fieldname="uniqueConsumerId" language="DJScript"
                        recordlayoutname="consumerCustomPage"><![CDATA[clean(Records("Record15").Fields("UniqueConsumerId"))]]></MapExpression>
          <MapExpression
                        fieldname="createCustomPage" language="DJScript"
                        recordlayoutname="consumerCustomPage"><![CDATA[CreatePage]]></MapExpression>
          <MapExpression
                        fieldname="customPageShortName"
                        language="DJScript"
                        recordlayoutname="consumerCustomPage"><![CDATA["UDEF" & clean(trim(Records("Record15").Fields("CustomPageShortName")))]]></MapExpression>
          <MapExpression
                        fieldname="customPageFieldName"
                        language="DJScript"
                        recordlayoutname="consumerCustomPage"><![CDATA["UDEF" & clean(trim(Records("Record15").Fields("CustomPageFieldName")))]]></MapExpression>
          <MapExpression
                        fieldname="customPageFieldType"
                        language="DJScript"
                        recordlayoutname="consumerCustomPage"><![CDATA[clean(Records("Record15").Fields("CustomPageFieldType"))]]></MapExpression>
          <MapExpression
                        fieldname="customPageFieldText"
                        language="DJScript"
                        recordlayoutname="consumerCustomPage"><![CDATA[dim field

field = Records("Record15").Fields("CustomPageInformationField")
Records("Record15").Fields("CustomPageInformationField") = StrReplace("'", "", field)


select case Records("Record15").Fields("CustomPageFieldType")

	case "1 ", "01"
		"convert(datetime, '" & _
		clean(Mid(Records("Record15").Fields("CustomPageInformationField"), 5, 4)) & _
		"-" & _
		clean(Mid(Records("Record15").Fields("CustomPageInformationField"), 1, 2)) & _
		"-" & _
		clean(Mid(Records("Record15").Fields("CustomPageInformationField"), 3, 2)) & _
		"')"

	case "6 ", "06"
		clean(trim(Records("Record15").Fields("CustomPageInformationField")))
	
	case else
		"'" & _
		clean(trim(Records("Record15").Fields("CustomPageInformationField"))) & _
		"'"
end select]]></MapExpression>
          <MapExpression
                        fieldname="customPageIndicator"
                        language="DJScript" recordlayoutname="consumerCustomPage"><![CDATA[CustomPageIndicator]]></MapExpression>
        </MapExpressions>
      </MapSchema>
    </MapTarget>
  </MapTargets>
</Map>