<?xml version="1.0" encoding="UTF-8"?>
<!--======  Schema XML ======-->
<!-- <!DOCTYPE Schema SYSTEM "DJMap.dtd"> -->
<Schema author="ychen" connectorname="XML" creator="chrish"
    datecreated="2010-02-03T23:54:25Z"
    datemodified="2012-02-15T21:15:48Z" designedfor="Target"
    location="xmldb:ref:///C:/etl/R4.8/WebServices/Schemas/WS_NewBiz.ss.xml"
    schemaVersion="1.2"
            version="1.0">
  <RecordLayouts>
    <RecordLayout
            length="11" name="Request" status="0">
      <Origin
                    origintype="0"/>
      <Fields>
        <Field
                        name="RequestType">
          <Datatype
                        dataalias="Attribute" dataautoinc="no"
                        datacurrency="no" dataidentity="no"
                        datalength="11" datarowversion="no"
                    datatype="0"/>
        </Field>
        <Field
                        name="new-business-upload-release-request">
          <Datatype
                        dataalias="Record" dataautoinc="no"
                        datacurrency="no" dataidentity="no"
                        datalength="0" datarowversion="no"
                    datatype="11"/>
        </Field>
      </Fields>
      <RecordLayoutOptions>
        <Option
                    name="uniquenameprefix"
            value="FIELD1"/>
      </RecordLayoutOptions>
    </RecordLayout>
    <RecordLayout
            length="212" name="new-business-upload-release-request"
                status="0">
      <Origin
                    origintype="0"/>
      <Fields>
        <Field
                        name="short-name">
          <Datatype
                        dataalias="Character" dataautoinc="no"
                        datacurrency="no" dataidentity="no"
                        datalength="7" datarowversion="no"
                    datatype="0"/>
        </Field>
        <Field
                        name="upload-file-name">
          <Datatype
                        dataalias="Character" dataautoinc="no"
                        datacurrency="no" dataidentity="no"
                        datalength="64" datarowversion="no"
                    datatype="0"/>
        </Field>
        <Field
                        name="auto-assign-preference">
          <Datatype
                        dataalias="Character" dataautoinc="no"
                        datacurrency="no" dataidentity="no"
                        datalength="16" datarowversion="no"
                    datatype="0"/>
        </Field>
        <Field
                        name="target-workgroup-id">
          <Datatype
                        dataalias="Character" dataautoinc="no"
                        datacurrency="no" dataidentity="no"
                        datalength="16" datarowversion="no"
                    datatype="0"/>
        </Field>
        <Field
                        name="manual-upload">
          <Datatype
                        dataalias="Character" dataautoinc="no"
                        datacurrency="no" dataidentity="no"
                        datalength="16" datarowversion="no"
                    datatype="0"/>
        </Field>
        <Field
                        name="auto-linking-enabled-flag">
          <Datatype
                        dataalias="Character" dataautoinc="no"
                        datacurrency="no" dataidentity="no"
                        datalength="16" datarowversion="no"
                    datatype="0"/>
        </Field>
        <Field
                        name="auto-merging-enabled-flag">
          <Datatype
                        dataalias="Character" dataautoinc="no"
                        datacurrency="no" dataidentity="no"
                        datalength="16" datarowversion="no"
                    datatype="0"/>
        </Field>
        <Field
                        name="strategy-option-choice">
          <Datatype
                        dataalias="Character" dataautoinc="no"
                        datacurrency="no" dataidentity="no"
                        datalength="29" datarowversion="no"
                    datatype="0"/>
        </Field>
        <Field
                        name="default-strategy-id">
          <Datatype
                        dataalias="Character" dataautoinc="no"
                        datacurrency="no" dataidentity="no"
                        datalength="16" datarowversion="no"
                    datatype="0"/>
        </Field>
        <Field
                        name="auto-release">
          <Datatype
                        dataalias="Character" dataautoinc="no"
                        datacurrency="no" dataidentity="no"
                        datalength="16" datarowversion="no"
                    datatype="0"/>
        </Field>
      </Fields>
      <RecordLayoutOptions>
        <Option
                    name="uniquenameprefix" value="FIELD1"/>
      </RecordLayoutOptions>
    </RecordLayout>
  </RecordLayouts>
</Schema>
