<?xml version="1.0" encoding="UTF-8"?>
<!--======  Integration  XML ======-->
<!-- <!DOCTYPE Process SYSTEM "DJProcess.dtd"> -->
<Process author="scottk" creator="scottk"
    datecreated="2008-04-23T13:58:19Z"
    datemodified="2011-11-07T20:08:07Z" maxconcurrentthreads="1"
    name="WebServicesMain.ip.xml" schemaVersion="1.2"
        version="1.7">
  
  <LogManager
        loglocation="C:\Documents and Settings\ychen\Pervasive\Logs\ProcessDesigner\WebServicesMain.log"
            messagetypemask="31"/>
  <ProcessOptions>
    <Option
            name="logging" value="True"/>
    <Option name="clearlog"
            value="False"/>
    <Option name="breakonerror"
            value="True"/>
    <Option name="useeventlog"
            value="False"/>
  </ProcessOptions>
  <Annotations>
    <Annotation><![CDATA[When modifying any of the sub processes below. make sure to set the macros listed below

REQUEST_SCHEMA
RESPONSE_SCHEMA
WEB_SERVICE
WEB_SVC_SCHEMA_DIR
WSDL_URL]]></Annotation>
    <Annotation><![CDATA[Get the configuration information for the AR Events web service]]></Annotation>
    <Annotation><![CDATA[Get the configuration information for the Consumer account tag web service]]></Annotation>
    <Annotation><![CDATA[Get the configuration information for the Consumer tag web service]]></Annotation>
  </Annotations>
  <Steps>
    <Step
            location="" name="Start"
            type="Start">
      <Expression><![CDATA[Dim dtFileDateTime
Dim strTempDate

if(len(MacroExpand("$(WEB_SVC_LOG_FILE)")) > 0) then

	' Check to see if the file exists. If it does, we need to rename the old one
	if(FileExists(MacroExpand("$(WEB_SVC_LOG_FILE)"))) then
	
		dtFileDateTime = FileDateTime(MacroExpand("$(WEB_SVC_LOG_FILE)"))	
		strTempDate = DateConvert("m/d/yyyy H24:MM:SS", "yyyymmdd", dtFileDateTime) & _
					  Format(hour(dtFileDateTime), "00") & Format(minute(dtFileDateTime), "00") & _
					  Format(second(dtFileDateTime), "00")
					  
		strRenameFile = MacroExpand("$(WEB_SVC_LOG_FILE)") & "." & strTempDate
		
		strMessage = "Renaming old Log file from '" & _
					  MacroExpand("$(WEB_SVC_LOG_FILE)") & "' to '" & _
					  strRenameFile & "'"
					  
		LogMessage("INFO", strMessage)
		FileRename(MacroExpand("$(WEB_SVC_LOG_FILE)"), strRenameFile)				  
		
	
	end if


end if]]></Expression>
    </Step>
    <Step
            location="" name="Stop"
                    type="Stop">
      <Expression><![CDATA[ILClear("webService") ]]></Expression>
      <Predecessors>
        <Predecessor
                    condition="Unconditional"
            name="ProcessCnsmrPymntTag"/>
      </Predecessors>
    </Step>
    <Step
            copytransformationfile="False" location=""
            name="LoadValidateConfig"
            processname="../Maps/WebServiceInit.map.xml"
                    type="Transformation">
      <Predecessors>
        <Predecessor
                    condition="Unconditional"
            name="Start"/>
      </Predecessors>
    </Step>
    <Step
            copytransformationfile="False" location=""
            name="ValidateInput"
            processname="../Maps/WebServiceXMLValidate.map.xml"
                    type="Transformation">
      <Predecessors>
        <Predecessor
                    condition="Unconditional"
            name="LoadValidateConfig"/>
      </Predecessors>
    </Step>
    <Step
            location="" name="SetUpForAREvents"
                    type="Scripting">
      <Expression><![CDATA[strTemp = ILookup("webService", "ServiceEndPoint", "AR_EVENT", "")
DefineMacro("WEB_SERVICE", strTemp, "The Web Service to connect to")

strSchemaDir = ILookup("webService", "SchemaDirectory", "AR_EVENT", "")
strRqstSchema = ILookup("webService", "RequestSchema", "AR_EVENT", "")
strRspnSchema = ILookup("webService", "ResponseSchema", "AR_EVENT", "")

strWsdlURL    = ILookup("webService", "WsdlURL", "AR_EVENT", "")
DefineMacro("WSDL_URL", strWsdlURL, "The URL where to get the WSDL File")

strTemp = strSchema & "\" & strRqstSchema
DefineMacro("REQUEST_SCHEMA", strTemp, "The Request Schema")

strTemp = strSchema & "\" & strRspnSchema
DefineMacro("RESPONSE_SCHEMA", strTemp, "The Response Schema")
]]></Expression>
      <Predecessors>
        <Predecessor
                    condition="Unconditional"
            name="ValidateInput"/>
      </Predecessors>
    </Step>
    <Step
            location="" name="ProcessAREvents"
            processname="Processes/WebServicesAREvents.ip.xml"
            transactionindicator="False"
                    type="ProjectStep">
      <Predecessors>
        <Predecessor
                    condition="Unconditional"
            name="SetUpForAREvents"/>
      </Predecessors>
    </Step>
    <Step
            location="" name="ProcessCnsmrTag"
            processname="Processes/WebServicesConsumerTags.ip.xml"
            transactionindicator="False"
                    type="ProjectStep">
      <Predecessors>
        <Predecessor
                    condition="Unconditional"
            name="SetUpForConsumerTag"/>
      </Predecessors>
    </Step>
    <Step
            location="" name="ProcessCnsmrAccntTag"
            processname="Processes/WebServicesConsumerAccountTags.ip.xml"
            transactionindicator="False"
                    type="ProjectStep">
      <Predecessors>
        <Predecessor
                    condition="Unconditional"
            name="SetUpForAConsumerAccountTag"/>
      </Predecessors>
    </Step>
    <Step
            location="" name="SetUpForConsumerTag"
                    type="Scripting">
      <Expression><![CDATA[strTemp = ILookup("webService", "ServiceEndPoint", "CONSUMER_TAG", "")
DefineMacro("WEB_SERVICE", strTemp, "The Web Service to connect to")

strSchemaDir  = ILookup("webService", "SchemaDirectory", "CONSUMER_TAG", "")
strRqstSchema = ILookup("webService", "RequestSchema", "CONSUMER_TAG", "")
strRspnSchema = ILookup("webService", "ResponseSchema", "CONSUMER_TAG", "")

strWsdlURL    = ILookup("webService", "WsdlURL", "CONSUMER_TAG", "")
DefineMacro("WSDL_URL", strWsdlURL, "The URL where to get the WSDL File")

strTemp = strSchema & "\" & strRqstSchema
DefineMacro("REQUEST_SCHEMA", strTemp, "The Request Schema")

strTemp = strSchema & "\" & strRspnSchema
DefineMacro("RESPONSE_SCHEMA", strTemp, "The Response Schema")]]></Expression>
      <Predecessors>
        <Predecessor
                    condition="Unconditional"
            name="ProcessAREvents"/>
      </Predecessors>
    </Step>
    <Step
            location="" name="SetUpForAConsumerAccountTag"
                    type="Scripting">
      <Expression><![CDATA[strTemp = ILookup("webService", "ServiceEndPoint", "CONSUMER_ACCOUNT_TAG", "")
DefineMacro("WEB_SERVICE", strTemp, "The Web Service to connect to")

strSchemaDir  = ILookup("webService", "SchemaDirectory", "CONSUMER_ACCOUNT_TAG", "")
strRqstSchema = ILookup("webService", "RequestSchema", "CONSUMER_ACCOUNT_TAG", "")
strRspnSchema = ILookup("webService", "ResponseSchema", "CONSUMER_ACCOUNT_TAG", "")

strWsdlURL    = ILookup("webService", "WsdlURL", "CONSUMER_ACCOUNT_TAG", "")
DefineMacro("WSDL_URL", strWsdlURL, "The URL where to get the WSDL File")

strTemp = strSchema & "\" & strRqstSchema
DefineMacro("REQUEST_SCHEMA", strTemp, "The Request Schema")

strTemp = strSchema & "\" & strRspnSchema
DefineMacro("RESPONSE_SCHEMA", strTemp, "The Response Schema")]]></Expression>
      <Predecessors>
        <Predecessor
                    condition="Unconditional"
            name="ProcessCnsmrTag"/>
      </Predecessors>
    </Step>
    <Step
            location="" name="SetUpForAConsumerPaymentTag"
                    type="Scripting">
      <Expression><![CDATA[strTemp = ILookup("webService", "ServiceEndPoint", "CONSUMER_PAYMENT_TAG", "")
DefineMacro("WEB_SERVICE", strTemp, "The Web Service to connect to")

strSchemaDir  = ILookup("webService", "SchemaDirectory", "CONSUMER_PAYMENT_TAG", "")
strRqstSchema = ILookup("webService", "RequestSchema", "CONSUMER_PAYMENT_TAG", "")
strRspnSchema = ILookup("webService", "ResponseSchema", "CONSUMER_PAYMENT_TAG", "")

strWsdlURL    = ILookup("webService", "WsdlURL", "CONSUMER_PAYMENT_TAG", "")
DefineMacro("WSDL_URL", strWsdlURL, "The URL where to get the WSDL File")

strTemp = strSchema & "\" & strRqstSchema
DefineMacro("REQUEST_SCHEMA", strTemp, "The Request Schema")

strTemp = strSchema & "\" & strRspnSchema
DefineMacro("RESPONSE_SCHEMA", strTemp, "The Response Schema")

]]></Expression>
      <Predecessors>
        <Predecessor
                    condition="Unconditional"
            name="ProcessCnsmrAccntTag"/>
      </Predecessors>
    </Step>
    <Step
            location="" name="ProcessCnsmrPymntTag"
            processname="Processes/WebServicesConsumerPaymentTags.ip.xml"
            transactionindicator="False"
                    type="ProjectStep">
      <Predecessors>
        <Predecessor
                    condition="Unconditional" name="SetUpForAConsumerPaymentTag"/>
      </Predecessors>
    </Step>
  </Steps>
</Process>
