<?xml version="1.0" encoding="UTF-8"?>
<!--======  Integration  XML ======-->
<!-- <!DOCTYPE Process SYSTEM "DJProcess.dtd"> -->
<Process author="scottk" creator="scottk"
    datecreated="2008-04-11T13:15:52Z"
    datemodified="2011-01-20T21:36:53Z" maxconcurrentthreads="5"
    name="WebServicesConsumerPaymentTags.ip.xml" schemaVersion="1.2"
        version="1.7">
  
  <LogManager
        loglocation="C:\Documents and Settings\ychen\Pervasive\Logs\ProcessDesigner\WebServicesConsumerPaymentTags.log"
            messagetypemask="31"/>
  <ProcessOptions>
    <Option
            name="logging" value="True"/>
    <Option name="clearlog"
            value="False"/>
    <Option name="breakonerror"
            value="False"/>
    <Option name="useeventlog"
            value="False"/>
  </ProcessOptions>
  <Components>
    <Component
            componenttype="Iterator" componentversion="1.2.0"
            name="Iterator-1" transactionindicator="False"
            type="XPath Iterator"/>
    <Component
            componenttype="Invoker" componentversion="1.1.0"
            name="Invoker-1" transactionindicator="False"
                    type="Web Service Invoker Component">
      <ComponentOptions>
        <Option
                    name="WSDL-URL"
                    value="$(WSDL_URL)"/>
        <Option
                    name="SchemaDir"
                    value="$(WEB_SVC_SCHEMA_DIR)"/>
        <Option
                    name="username"/>
        <Option name="password"
                    value="\U+0002"/>
        <Option name="Timeout"
                    value="60"/>
        <Option name="RetryLimit"
            value="3"/>
      </ComponentOptions>
    </Component>
    <Component
            componenttype="Invoker" componentversion="1.1.0"
            name="Invoker-2" transactionindicator="False"
                    type="Web Service Invoker Component">
      <ComponentOptions>
        <Option
                    name="WSDL-URL"
                    value="$(WSDL_URL)"/>
        <Option
                    name="SchemaDir"
                    value="$(WEB_SVC_SCHEMA_DIR)"/>
        <Option
                    name="username"/>
        <Option name="password"
                    value="\U+0002"/>
        <Option name="Timeout"
                    value="60"/>
        <Option name="RetryLimit"
            value="3"/>
      </ComponentOptions>
    </Component>
    <Component
            componenttype="Invoker" componentversion="1.1.0"
            name="Invoker-3" transactionindicator="False"
                    type="Web Service Invoker Component">
      <ComponentOptions>
        <Option
                    name="WSDL-URL"
                    value="$(WSDL_URL)"/>
        <Option
                    name="SchemaDir"
                    value="$(WEB_SVC_SCHEMA_DIR)"/>
        <Option
                    name="username"/>
        <Option name="password"
                    value="\U+0002"/>
        <Option name="Timeout"
                    value="60"/>
        <Option name="RetryLimit"
            value="3"/>
      </ComponentOptions>
    </Component>
    <Component
            componenttype="Invoker" componentversion="1.1.0"
            name="Invoker-4" transactionindicator="False"
                    type="Web Service Invoker Component">
      <ComponentOptions>
        <Option
                    name="WSDL-URL"
                    value="$(WSDL_URL)"/>
        <Option
                    name="SchemaDir"
                    value="$(WEB_SVC_SCHEMA_DIR)"/>
        <Option
                    name="username"/>
        <Option name="password"
                    value="\U+0002"/>
        <Option name="Timeout"
                    value="60"/>
        <Option name="RetryLimit"
            value="3"/>
      </ComponentOptions>
    </Component>
  </Components>
  <Steps>
    <Step
            location="" name="Start"
            type="Start">
      <Expression><![CDATA[public	srcMsg		as djmessage 

LogMessage("INFO", "===============================================================================================")
LogMessage("INFO", "===============================================================================================")
LogMessage("INFO", "                                   STARTING CONSUMER PAYMENT TAG EVENTS                        ")
LogMessage("INFO", "===============================================================================================")
LogMessage("INFO", "===============================================================================================")

public	tgtMsg1_cpt		as djmessage
public	tgtMsg2_cpt		as djmessage 
public	tgtMsg3_cpt		as djmessage 
public	tgtMsg4_cpt		as djmessage 
set		tgtMsg1_cpt	=	new djmessage 
set		tgtMsg2_cpt =	new djmessage 
set		tgtMsg3_cpt =	new djmessage
set		tgtMsg4_cpt =	new djmessage  
tgtMsg1_cpt.name    =	"tgtMsg1_cpt"
tgtMsg2_cpt.name    =	"tgtMsg2_cpt"
tgtMsg3_cpt.name    =	"tgtMsg3_cpt"
tgtMsg4_cpt.name    =	"tgtMsg4_cpt"  


public	xmlMsg1_cpt		as djmessage
public	xmlMsg2_cpt		as djmessage
public	xmlMsg3_cpt		as djmessage
public	xmlMsg4_cpt		as djmessage
set		xmlMsg1_cpt =	new djmessage 
set		xmlMsg2_cpt =	new djmessage 
set		xmlMsg3_cpt =	new djmessage
set		xmlMsg4_cpt =	new djmessage  
xmlMsg1_cpt.name    =   "xmlMsg1_cpt"
xmlMsg2_cpt.name    =   "xmlMsg2_cpt" 
xmlMsg3_cpt.name    =   "xmlMsg3_cpt"
xmlMsg4_cpt.name    =   "xmlMsg4_cpt"  


public 	invokeOut1_cpt as djmessage
public 	invokeOut2_cpt as djmessage
public 	invokeOut3_cpt as djmessage
public 	invokeOut4_cpt as djmessage

set		invokeOut1_cpt=	new djmessage 
set		invokeOut2_cpt=	new djmessage 
set		invokeOut3_cpt=	new djmessage
set		invokeOut4_cpt=	new djmessage  
invokeOut1_cpt.name    =   "invokeOut1_cpt" 
invokeOut2_cpt.name    =   "invokeOut2_cpt" 
invokeOut3_cpt.name    =   "invokeOut3_cpt"
invokeOut4_cpt.name    =   "invokeOut4_cpt" 


]]></Expression>
    </Step>
    <Step
            location="" name="Stop"
                    type="Stop">
      <Expression><![CDATA[set		tgtMsg1	=	nothing 
set		tgtMsg2 =	nothing 
set		tgtMsg3 =	nothing
set		tgtMsg4 =	nothing 
set		xmlMsg1 =	nothing 
set		xmlMsg2 =	nothing
set		xmlMsg3 =	nothing
set		xmlMsg4 =	nothing]]></Expression>
      <Predecessors>
        <Predecessor
                    condition="True"
                    name="EndOfFile"/>
        <Predecessor
                    condition="True"
                    name="EndOfFile2"/>
        <Predecessor
                    condition="True"
                    name="EndOfFile3"/>
        <Predecessor
                    condition="True"
            name="EndOfFile4"/>
      </Predecessors>
    </Step>
    <Step
            component="Invoker-1" name="SendMsg"
                    type="Invoker">
      <Actions>
        <Action
                        name="Execute">
          <Parameter
                        name="SourceMessage"
                        position="0"><![CDATA[xmlMsg1_cpt]]></Parameter>
          <Parameter
                        name="TargetMessage"
                    position="1"><![CDATA[invokeOut1_cpt]]></Parameter>
        </Action>
      </Actions>
      <StepOptions>
        <Option
                    name="Service"
                    value="tagAssociationService"/>
        <Option
                    name="Binding"
                    value="tagAssociationServiceSOAP"/>
        <Option
                    name="Port" value="$(WEB_SERVICE)"/>
        <Option
                    name="Operation"
                    value="AssignConsumerPaymentTag"/>
        <Option
                    name="RequestSchema"
                    value="$(REQUEST_SCHEMA)"/>
      </StepOptions>
      <Predecessors>
        <Predecessor
                    condition="Unconditional"
            name="XfmMsg"/>
      </Predecessors>
    </Step>
    <Step
            name="XfmMsg" source="djmessage:///tgtMsg1_cpt"
            stylesheet="$(XSLT_XFM_DIR)\ConsumerPaymentTagXfm.xsl"
            target="djmessage:///xmlMsg1_cpt"
                    type="XSLT">
      <Predecessors>
        <Predecessor
                    condition="Unconditional"
            name="LogMessage1"/>
      </Predecessors>
    </Step>
    <Step
            component="Iterator-1" name="IterateMsg"
                    type="Iterator">
      <Actions>
        <Action
                        name="PutMessage">
          <Parameter
                        name="Message"
                    position="0"><![CDATA[srcMsg]]></Parameter>
        </Action>
      </Actions>
      <StepOptions>
        <Option
                    name="xmlsrc" value="srcmsg"/>
        <Option
                    name="xpath"
                    value="//Request[@RequestType='CONSUMERPAYMENTTAG']"/>
      </StepOptions>
      <Predecessors>
        <Predecessor
                    condition="Unconditional"
            name="Start"/>
      </Predecessors>
    </Step>
    <Step
            component="Iterator-1" name="ProvideContent"
                    type="Iterator">
      <Actions>
        <Action
                        name="GetMessage">
          <Parameter
                        name="Message"
                    position="0"><![CDATA[tgtMsg1_cpt]]></Parameter>
        </Action>
      </Actions>
      <StepOptions>
        <Option
                    name="ignoreerrors"
                    value="True"/>
      </StepOptions>
      <Predecessors>
        <Predecessor
                    condition="Unconditional"
                    name="LogResponse1"/>
        <Predecessor
                    condition="Unconditional"
            name="IterateMsg"/>
      </Predecessors>
    </Step>
    <Step
            name="EndOfFile"
                    type="Decision">
      <Expression><![CDATA[Project("ProvideContent").ReturnCode ==1]]></Expression>
      <Predecessors>
        <Predecessor
                    condition="Unconditional"
            name="ProvideContent"/>
      </Predecessors>
    </Step>
    <Step
            component="Iterator-1" name="ProvideContent2"
                    type="Iterator">
      <Actions>
        <Action
                        name="GetMessage">
          <Parameter
                        name="Message"
                    position="0"><![CDATA[tgtMsg2_cpt]]></Parameter>
        </Action>
      </Actions>
      <StepOptions>
        <Option
                    name="ignoreerrors"
                    value="True"/>
      </StepOptions>
      <Predecessors>
        <Predecessor
                    condition="Unconditional"
                    name="LogResponse2"/>
        <Predecessor
                    condition="Unconditional"
            name="IterateMsg"/>
      </Predecessors>
    </Step>
    <Step
            name="EndOfFile2"
                    type="Decision">
      <Expression><![CDATA[Project("ProvideContent2").ReturnCode == 1]]></Expression>
      <Predecessors>
        <Predecessor
                    condition="Unconditional"
            name="ProvideContent2"/>
      </Predecessors>
    </Step>
    <Step
            name="XfmMsg2" source="djmessage:///tgtMsg2_cpt"
            stylesheet="$(XSLT_XFM_DIR)\ConsumerPaymentTagXfm.xsl"
            target="djmessage:///xmlMsg2_cpt"
                    type="XSLT">
      <Predecessors>
        <Predecessor
                    condition="Unconditional"
            name="LogMessage2"/>
      </Predecessors>
    </Step>
    <Step
            component="Invoker-2" name="SendMsg2"
                    type="Invoker">
      <Actions>
        <Action
                        name="Execute">
          <Parameter
                        name="SourceMessage"
                        position="0"><![CDATA[xmlMsg2_cpt]]></Parameter>
          <Parameter
                        name="TargetMessage"
                    position="1"><![CDATA[invokeOut2_cpt]]></Parameter>
        </Action>
      </Actions>
      <StepOptions>
        <Option
                    name="Service"
                    value="tagAssociationService"/>
        <Option
                    name="Binding"
                    value="tagAssociationServiceSOAP"/>
        <Option
                    name="Port" value="$(WEB_SERVICE)"/>
        <Option
                    name="Operation"
                    value="AssignConsumerPaymentTag"/>
        <Option
                    name="RequestSchema"
                    value="$(REQUEST_SCHEMA)"/>
      </StepOptions>
      <Predecessors>
        <Predecessor
                    condition="Unconditional"
            name="XfmMsg2"/>
      </Predecessors>
    </Step>
    <Step
            name="EndOfFile3"
                    type="Decision">
      <Expression><![CDATA[Project("ProvideContent3").ReturnCode == 1]]></Expression>
      <Predecessors>
        <Predecessor
                    condition="Unconditional"
            name="ProvideContent3"/>
      </Predecessors>
    </Step>
    <Step
            name="XfmMsg3" source="djmessage:///tgtMsg3_cpt"
            stylesheet="$(XSLT_XFM_DIR)\ConsumerPaymentTagXfm.xsl"
            target="djmessage:///xmlMsg3_cpt"
                    type="XSLT">
      <Predecessors>
        <Predecessor
                    condition="Unconditional"
            name="LogMessage3"/>
      </Predecessors>
    </Step>
    <Step
            component="Invoker-3" name="SendMessage3"
                    type="Invoker">
      <Actions>
        <Action
                        name="Execute">
          <Parameter
                        name="SourceMessage"
                        position="0"><![CDATA[xmlMsg3_cpt]]></Parameter>
          <Parameter
                        name="TargetMessage"
                    position="1"><![CDATA[invokeOut3_cpt]]></Parameter>
        </Action>
      </Actions>
      <StepOptions>
        <Option
                    name="Service"
                    value="tagAssociationService"/>
        <Option
                    name="Binding"
                    value="tagAssociationServiceSOAP"/>
        <Option
                    name="Port" value="$(WEB_SERVICE)"/>
        <Option
                    name="Operation"
                    value="AssignConsumerPaymentTag"/>
        <Option
                    name="RequestSchema"
                    value="$(REQUEST_SCHEMA)"/>
      </StepOptions>
      <Predecessors>
        <Predecessor
                    condition="Unconditional"
            name="XfmMsg3"/>
      </Predecessors>
    </Step>
    <Step
            component="Iterator-1" name="ProvideContent3"
                    type="Iterator">
      <Actions>
        <Action
                        name="GetMessage">
          <Parameter
                        name="Message"
                    position="0"><![CDATA[tgtMsg3_cpt]]></Parameter>
        </Action>
      </Actions>
      <StepOptions>
        <Option
                    name="ignoreerrors"
                    value="True"/>
      </StepOptions>
      <Predecessors>
        <Predecessor
                    condition="Unconditional"
                    name="LogResponse3"/>
        <Predecessor
                    condition="Unconditional"
            name="IterateMsg"/>
      </Predecessors>
    </Step>
    <Step
            component="Iterator-1" name="ProvideContent4"
                    type="Iterator">
      <Actions>
        <Action
                        name="GetMessage">
          <Parameter
                        name="Message"
                    position="0"><![CDATA[tgtMsg4_cpt]]></Parameter>
        </Action>
      </Actions>
      <StepOptions>
        <Option
                    name="ignoreerrors"
                    value="True"/>
      </StepOptions>
      <Predecessors>
        <Predecessor
                    condition="Unconditional"
                    name="LogResponse4"/>
        <Predecessor
                    condition="Unconditional"
            name="IterateMsg"/>
      </Predecessors>
    </Step>
    <Step
            name="EndOfFile4"
                    type="Decision">
      <Expression><![CDATA[Project("ProvideContent4").ReturnCode == 1]]></Expression>
      <Predecessors>
        <Predecessor
                    condition="Unconditional"
            name="ProvideContent4"/>
      </Predecessors>
    </Step>
    <Step
            name="XfmMsg4" source="djmessage:///tgtMsg4_cpt"
            stylesheet="$(XSLT_XFM_DIR)\ConsumerPaymentTagXfm.xsl"
            target="djmessage:///xmlMsg4_cpt"
                    type="XSLT">
      <Predecessors>
        <Predecessor
                    condition="Unconditional"
            name="LogMessage4"/>
      </Predecessors>
    </Step>
    <Step
            component="Invoker-4" name="SendMsg4"
                    type="Invoker">
      <Actions>
        <Action
                        name="Execute">
          <Parameter
                        name="SourceMessage"
                        position="0"><![CDATA[xmlMsg4_cpt]]></Parameter>
          <Parameter
                        name="TargetMessage"
                    position="1"><![CDATA[invokeOut4_cpt]]></Parameter>
        </Action>
      </Actions>
      <StepOptions>
        <Option
                    name="Service"
                    value="tagAssociationService"/>
        <Option
                    name="Binding"
                    value="tagAssociationServiceSOAP"/>
        <Option
                    name="Port" value="$(WEB_SERVICE)"/>
        <Option
                    name="Operation"
                    value="AssignConsumerPaymentTag"/>
        <Option
                    name="RequestSchema"
                    value="$(REQUEST_SCHEMA)"/>
      </StepOptions>
      <Predecessors>
        <Predecessor
                    condition="Unconditional"
            name="XfmMsg4"/>
      </Predecessors>
    </Step>
    <Step
            location="" name="LogMessage1"
                    type="Scripting">
      <Expression><![CDATA[			
if(len(MacroExpand("$(WEB_SVC_LOG_FILE)")) > 0) then

	strMessage = fileread("djmessage:///tgtMsg1_cpt")
	
	strTemp =  "-----------------------------------------------------------------------------------------------------------"  & chr$(13) & chr$(10) & _
		    	"Processing CONSUMER PAYMENT TAG EVENTS  Request Thread 1"  & chr$(13) & chr$(10) & _
				"-----------------------------------------------------------------------------------------------------------" & chr$(13) & chr$(10) & _
				strMessage  & chr$(13) & chr$(10) & _
				"-----------------------------------------------------------------------------------------------------------"  & chr$(13) & chr$(10) & _
				"-----------------------------------------------------------------------------------------------------------"& chr$(13) & chr$(10) & chr$(13) & chr$(10)

	FileAppend(MacroExpand("$(WEB_SVC_LOG_FILE) "), strTemp)


end if
]]></Expression>
      <Description><![CDATA[`]]></Description>
      <Predecessors>
        <Predecessor
                    condition="False"
            name="EndOfFile"/>
      </Predecessors>
    </Step>
    <Step
            location="" name="LogMessage2"
                    type="Scripting">
      <Expression><![CDATA[if(len(MacroExpand("$(WEB_SVC_LOG_FILE)")) > 0) then

	strMessage = fileread("djmessage:///tgtMsg2_cpt")

	strTemp =  "-----------------------------------------------------------------------------------------------------------"  & chr$(13) & chr$(10) & _
		    	"Processing Consumer payment Tag Events Tag Request Thread 2"  & chr$(13) & chr$(10) & _
				"-----------------------------------------------------------------------------------------------------------" & chr$(13) & chr$(10) & _
				strMessage  & chr$(13) & chr$(10) & _
				"-----------------------------------------------------------------------------------------------------------"  & chr$(13) & chr$(10) & _
				"-----------------------------------------------------------------------------------------------------------"& chr$(13) & chr$(10)& chr$(13) & chr$(10)


	FileAppend(MacroExpand("$(WEB_SVC_LOG_FILE) "), strTemp)


end if
]]></Expression>
      <Predecessors>
        <Predecessor
                    condition="False"
            name="EndOfFile2"/>
      </Predecessors>
    </Step>
    <Step
            location="" name="LogMessage3"
                    type="Scripting">
      <Expression><![CDATA[if(len(MacroExpand("$(WEB_SVC_LOG_FILE)")) > 0) then

	strMessage = fileread("djmessage:///tgtMsg3_cpt")

	strTemp =  "-----------------------------------------------------------------------------------------------------------"  & chr$(13) & chr$(10) & _
		    	"Processing Consumer Payment Tag Events Tag Request Thread 3"  & chr$(13) & chr$(10) & _
				"-----------------------------------------------------------------------------------------------------------" & chr$(13) & chr$(10) & _
				strMessage  & chr$(13) & chr$(10) & _
				"-----------------------------------------------------------------------------------------------------------"  & chr$(13) & chr$(10) & _
				"-----------------------------------------------------------------------------------------------------------"& chr$(13) & chr$(10)& chr$(13) & chr$(10)

	FileAppend(MacroExpand("$(WEB_SVC_LOG_FILE) "), strTemp)


end if
]]></Expression>
      <Predecessors>
        <Predecessor
                    condition="False"
            name="EndOfFile3"/>
      </Predecessors>
    </Step>
    <Step
            location="" name="LogMessage4"
                    type="Scripting">
      <Expression><![CDATA[			
if(len(MacroExpand("$(WEB_SVC_LOG_FILE)")) > 0) then

	strMessage = fileread("djmessage:///tgtMsg4_cpt")

	strTemp =  "-----------------------------------------------------------------------------------------------------------"  & chr$(13) & chr$(10) & _
		    	"Processing Consumer Payment Tag Events Tag Request Thread 4"  & chr$(13) & chr$(10) & _
				"-----------------------------------------------------------------------------------------------------------" & chr$(13) & chr$(10) & _
				strMessage  & chr$(13) & chr$(10) & _
				"-----------------------------------------------------------------------------------------------------------"  & chr$(13) & chr$(10) & _
				"-----------------------------------------------------------------------------------------------------------"& chr$(13) & chr$(10)& chr$(13) & chr$(10)


	FileAppend(MacroExpand("$(WEB_SVC_LOG_FILE) "), strTemp)


end if
]]></Expression>
      <Predecessors>
        <Predecessor
                    condition="False"
            name="EndOfFile4"/>
      </Predecessors>
    </Step>
    <Step
            location="" name="LogResponse1"
                    type="Scripting">
      <Expression><![CDATA[strMessage = fileread("djmessage:///invokeOut1_cpt")

strTemp =  "-----------------------------------------------------------------------------------------------------------"  & chr$(13) & chr$(10) & _
		    "Processing Payment Tag Response Thread 1"  & chr$(13) & chr$(10) & _
			"-----------------------------------------------------------------------------------------------------------" & chr$(13) & chr$(10) & _
			strMessage  & chr$(13) & chr$(10) & _
			"-----------------------------------------------------------------------------------------------------------"  & chr$(13) & chr$(10) & _
			"-----------------------------------------------------------------------------------------------------------"& chr$(13) & chr$(10)& chr$(13) & chr$(10)



if(len(MacroExpand("$(WEB_SVC_LOG_FILE)")) > 0) then
	FileAppend(MacroExpand("$(WEB_SVC_LOG_FILE) "), strTemp)
end if]]></Expression>
      <Predecessors>
        <Predecessor
                    condition="Unconditional"
            name="SendMsg"/>
      </Predecessors>
    </Step>
    <Step
            location="" name="LogResponse2"
                    type="Scripting">
      <Expression><![CDATA[strMessage = fileread("djmessage:///invokeOut2_cpt")

strTemp =  "-----------------------------------------------------------------------------------------------------------"  & chr$(13) & chr$(10) & _
		    "Processing Payment Tag Response Thread 2"  & chr$(13) & chr$(10) & _
			"-----------------------------------------------------------------------------------------------------------" & chr$(13) & chr$(10) & _
			strMessage  & chr$(13) & chr$(10) & _
			"-----------------------------------------------------------------------------------------------------------"  & chr$(13) & chr$(10) & _
			"-----------------------------------------------------------------------------------------------------------"& chr$(13) & chr$(10)& chr$(13) & chr$(10)



if(len(MacroExpand("$(WEB_SVC_LOG_FILE)")) > 0) then
	FileAppend(MacroExpand("$(WEB_SVC_LOG_FILE) "), strTemp)
end if]]></Expression>
      <Predecessors>
        <Predecessor
                    condition="Unconditional"
            name="SendMsg2"/>
      </Predecessors>
    </Step>
    <Step
            location="" name="LogResponse3"
                    type="Scripting">
      <Expression><![CDATA[if(len(MacroExpand("$(WEB_SVC_LOG_FILE)")) > 0) then

	strMessage = fileread("djmessage:///invokeOut3_cpt")
	
	strTemp =  "-----------------------------------------------------------------------------------------------------------"  & chr$(13) & chr$(10) & _
		    	"Processing Payment Tag Response Thread 3"  & chr$(13) & chr$(10) & _
				"-----------------------------------------------------------------------------------------------------------" & chr$(13) & chr$(10) & _
				strMessage  & chr$(13) & chr$(10) & _
				"-----------------------------------------------------------------------------------------------------------"  & chr$(13) & chr$(10) & _
				"-----------------------------------------------------------------------------------------------------------"& chr$(13) & chr$(10)& chr$(13) & chr$(10)

	FileAppend(MacroExpand("$(WEB_SVC_LOG_FILE) "), strTemp)
end if]]></Expression>
      <Predecessors>
        <Predecessor
                    condition="Unconditional"
            name="SendMessage3"/>
      </Predecessors>
    </Step>
    <Step
            location="" name="LogResponse4"
                    type="Scripting">
      <Expression><![CDATA[if(len(MacroExpand("$(WEB_SVC_LOG_FILE)")) > 0) then

	strMessage = fileread("djmessage:///invokeOut4_cpt")

	strTemp =  "-----------------------------------------------------------------------------------------------------------"  & chr$(13) & chr$(10) & _
		    	"Processing Payment Tag Response Thread 4"  & chr$(13) & chr$(10) & _
				"-----------------------------------------------------------------------------------------------------------" & chr$(13) & chr$(10) & _
				strMessage  & chr$(13) & chr$(10) & _
				"-----------------------------------------------------------------------------------------------------------"  & chr$(13) & chr$(10) & _
				"-----------------------------------------------------------------------------------------------------------"& chr$(13) & chr$(10)& chr$(13) & chr$(10)

	FileAppend(MacroExpand("$(WEB_SVC_LOG_FILE) "), strTemp)
end if]]></Expression>
      <Predecessors>
        <Predecessor
                    condition="Unconditional" name="SendMsg4"/>
      </Predecessors>
    </Step>
  </Steps>
</Process>
