<?xml version="1.0" encoding="UTF-8"?>
<!--======  Integration  XML ======-->
<!-- <!DOCTYPE Process SYSTEM "DJProcess.dtd"> -->
<Process author="scottk" creator="scottk"
    datecreated="2008-04-23T19:25:06Z"
    datemodified="2008-05-05T14:45:45Z" maxconcurrentthreads="5"
    name="WebServicesConsumerTags.ip.xml" schemaVersion="1.2"
        version="1.44">
  
  <LogManager
        loglocation="C:\Program Files\Pervasive\Cosmos\Common800\log\WebServicesConsumerTags.log"
            messagetypemask="31"/>
  <ProcessOptions>
    <Option
            name="logging" value="True"/>
    <Option name="clearlog"
            value="False"/>
    <Option name="breakonerror"
            value="False"/>
    <Option name="useeventlog"
            value="False"/>
  </ProcessOptions>
  <Components>
    <Component
            componenttype="Iterator" componentversion="1.2.0"
            name="Iterator-1" transactionindicator="False"
            type="XPath Iterator"/>
    <Component
            componenttype="Invoker" componentversion="1.1.0"
            name="Invoker-1" transactionindicator="False"
                    type="Web Service Invoker Component">
      <ComponentOptions>
        <Option
                    name="WSDL-URL"
                    value="$(WSDL_URL)"/>
        <Option
                    name="SchemaDir"
                    value="$(WEB_SVC_SCHEMA_DIR)"/>
        <Option
                    name="username"/>
        <Option name="password"
                    value="\U+0002"/>
        <Option name="Timeout"
                    value="60"/>
        <Option name="RetryLimit"
            value="3"/>
      </ComponentOptions>
    </Component>
    <Component
            componenttype="Invoker" componentversion="1.1.0"
            name="Invoker-2" transactionindicator="False"
                    type="Web Service Invoker Component">
      <ComponentOptions>
        <Option
                    name="WSDL-URL"
                    value="$(WSDL_URL)"/>
        <Option
                    name="SchemaDir"
                    value="$(WEB_SVC_SCHEMA_DIR)"/>
        <Option
                    name="username"/>
        <Option name="password"
                    value="\U+0002"/>
        <Option name="Timeout"
                    value="60"/>
        <Option name="RetryLimit"
            value="3"/>
      </ComponentOptions>
    </Component>
    <Component
            componenttype="Invoker" componentversion="1.1.0"
            name="Invoker-4" transactionindicator="False"
                    type="Web Service Invoker Component">
      <ComponentOptions>
        <Option
                    name="WSDL-URL"
                    value="$(WSDL_URL)"/>
        <Option
                    name="SchemaDir"
                    value="$(WEB_SVC_SCHEMA_DIR)"/>
        <Option
                    name="username"/>
        <Option name="password"
                    value="\U+0002"/>
        <Option name="Timeout"
                    value="60"/>
        <Option name="RetryLimit"
            value="3"/>
      </ComponentOptions>
    </Component>
    <Component
            componenttype="Invoker" componentversion="1.1.0"
            name="Invoker-3" transactionindicator="False"
                    type="Web Service Invoker Component">
      <ComponentOptions>
        <Option
                    name="WSDL-URL"
                    value="$(WSDL_URL)"/>
        <Option
                    name="SchemaDir"
                    value="$(WEB_SVC_SCHEMA_DIR)"/>
        <Option
                    name="username"/>
        <Option name="password"
                    value="\U+0002"/>
        <Option name="Timeout"
                    value="60"/>
        <Option name="RetryLimit"
            value="3"/>
      </ComponentOptions>
    </Component>
  </Components>
  <Steps>
    <Step
            location="" name="Start"
            type="Start">
      <Expression><![CDATA[public	srcMsg			as djmessage 
public	tgtMsg1_ct		as djmessage
public	tgtMsg2_ct		as djmessage 
public	tgtMsg3_ct		as djmessage 
public	tgtMsg4_ct		as djmessage 
public	xmlMsg1_ct		as djmessage
public	xmlMsg2_ct		as djmessage
public	xmlMsg3_ct		as djmessage
public	xmlMsg4_ct		as djmessage

public  invokeOut1_ct	as djmessage
public  invokeOut2_ct	as djmessage
public  invokeOut3_ct	as djmessage
public  invokeOut4_ct	as djmessage

LogMessage("INFO", "===============================================================================================")
LogMessage("INFO", "===============================================================================================")
LogMessage("INFO", "                                   STARTING CONSUMER TAGS                                      ")
LogMessage("INFO", "===============================================================================================")
LogMessage("INFO", "===============================================================================================")



	set		tgtMsg1_ct	=	new djmessage 
	set		tgtMsg2_ct =	new djmessage 
	set		tgtMsg3_ct =	new djmessage
	set		tgtMsg4_ct =	new djmessage  
	
	tgtMsg1_ct.name    =	"tgtMsg1_ct"
	tgtMsg2_ct.name    =	"tgtMsg2_ct" 
	tgtMsg3_ct.name    =	"tgtMsg3_ct"
	tgtMsg4_ct.name    =	"tgtMsg4_ct"  

	set		xmlMsg1_ct =	new djmessage 
	set		xmlMsg2_ct =	new djmessage 
	set		xmlMsg3_ct =	new djmessage
	set		xmlMsg4_ct =	new djmessage  
	xmlMsg1_ct.name    =   "xmlMsg1_ct" 
	xmlMsg2_ct.name    =   "xmlMsg2_ct" 
	xmlMsg3_ct.name    =   "xmlMsg3_ct"
	xmlMsg4_ct.name    =   "xmlMsg4_ct"  
	
	set invokeOut1_ct   =   new djmessage
	set invokeOut2_ct   =   new djmessage
	set invokeOut3_ct   =   new djmessage
	set invokeOut4_ct   =   new djmessage
	
	invokeOut1_ct.name  =   "invokeOut1_ct"
	invokeOut2_ct.name  =   "invokeOut2_ct"
	invokeOut3_ct.name  =   "invokeOut3_ct"
	invokeOut4_ct.name  =   "invokeOut4_ct"
]]></Expression>
    </Step>
    <Step
            location="" name="Stop"
                    type="Stop">
      <Expression><![CDATA[set		tgtMsg1_ct	=	nothing 
set		tgtMsg2_ct =	nothing 
set		tgtMsg3_ct =	nothing
set		tgtMsg4_ct =	nothing 
set		xmlMsg1_ct =	nothing 
set		xmlMsg2_ct =	nothing
set		xmlMsg3_ct =	nothing
set		xmlMsg4_ct =	nothing]]></Expression>
      <Predecessors>
        <Predecessor
                    condition="True"
                    name="EndOfFile1"/>
        <Predecessor
                    condition="True"
                    name="EndOfFile2"/>
        <Predecessor
                    condition="True"
                    name="EndOfFile3"/>
        <Predecessor
                    condition="True"
            name="EndOfFile4"/>
      </Predecessors>
    </Step>
    <Step
            component="Iterator-1" name="PutContent"
                    type="Iterator">
      <Actions>
        <Action
                        name="PutMessage">
          <Parameter
                        name="Message"
                    position="0"><![CDATA[srcMsg]]></Parameter>
        </Action>
      </Actions>
      <StepOptions>
        <Option
                    name="xmlsrc" value="srcmsg"/>
        <Option
                    name="xpath"
                    value="//Request[@RequestType='CONSUMERTAG']"/>
      </StepOptions>
      <Predecessors>
        <Predecessor
                    condition="Unconditional"
            name="Start"/>
      </Predecessors>
    </Step>
    <Step
            component="Iterator-1" name="ProvideContent1"
                    type="Iterator">
      <Actions>
        <Action
                        name="GetMessage">
          <Parameter
                        name="Message"
                    position="0"><![CDATA[tgtMsg1_ct]]></Parameter>
        </Action>
      </Actions>
      <StepOptions>
        <Option
                    name="ignoreerrors"
                    value="True"/>
      </StepOptions>
      <Predecessors>
        <Predecessor
                    condition="Unconditional"
                    name="PutContent"/>
        <Predecessor
                    condition="Unconditional"
            name="LogResponse1"/>
      </Predecessors>
    </Step>
    <Step
            component="Iterator-1" name="ProvideContent2"
                    type="Iterator">
      <Actions>
        <Action
                        name="GetMessage">
          <Parameter
                        name="Message"
                    position="0"><![CDATA[tgtMsg2_ct]]></Parameter>
        </Action>
      </Actions>
      <StepOptions>
        <Option
                    name="ignoreerrors"
                    value="True"/>
      </StepOptions>
      <Predecessors>
        <Predecessor
                    condition="Unconditional"
                    name="PutContent"/>
        <Predecessor
                    condition="Unconditional"
            name="LogResponse2"/>
      </Predecessors>
    </Step>
    <Step
            component="Iterator-1" name="ProvideContent3"
                    type="Iterator">
      <Actions>
        <Action
                        name="GetMessage">
          <Parameter
                        name="Message"
                    position="0"><![CDATA[tgtMsg3_ct]]></Parameter>
        </Action>
      </Actions>
      <StepOptions>
        <Option
                    name="ignoreerrors"
                    value="True"/>
      </StepOptions>
      <Predecessors>
        <Predecessor
                    condition="Unconditional"
                    name="PutContent"/>
        <Predecessor
                    condition="Unconditional"
            name="LogResponse3"/>
      </Predecessors>
    </Step>
    <Step
            component="Iterator-1" name="ProvideContent4"
                    type="Iterator">
      <Actions>
        <Action
                        name="GetMessage">
          <Parameter
                        name="Message"
                    position="0"><![CDATA[tgtMsg4_ct]]></Parameter>
        </Action>
      </Actions>
      <StepOptions>
        <Option
                    name="ignoreerrors"
                    value="True"/>
      </StepOptions>
      <Predecessors>
        <Predecessor
                    condition="Unconditional"
                    name="PutContent"/>
        <Predecessor
                    condition="Unconditional"
            name="LogResponse4"/>
      </Predecessors>
    </Step>
    <Step
            location="" name="LogMessage1"
                    type="Scripting">
      <Expression><![CDATA[if(len(MacroExpand("$(WEB_SVC_LOG_FILE)")) > 0) then

	strMessage = fileread("djmessage:///tgtMsg1_ct")

	strTemp =  "-----------------------------------------------------------------------------------------------------------"  & chr$(13) & chr$(10) & _
		    	"Processing Consumer Tag Request Thread 1"  & chr$(13) & chr$(10) & _
				"-----------------------------------------------------------------------------------------------------------" & chr$(13) & chr$(10) & _
				strMessage  & chr$(13) & chr$(10) & _
				"-----------------------------------------------------------------------------------------------------------"  & chr$(13) & chr$(10) & _
				"-----------------------------------------------------------------------------------------------------------"& chr$(13) & chr$(10) & chr$(13) & chr$(10)

	FileAppend(MacroExpand("$(WEB_SVC_LOG_FILE) "), strTemp)
end if]]></Expression>
      <Predecessors>
        <Predecessor
                    condition="False"
            name="EndOfFile1"/>
      </Predecessors>
    </Step>
    <Step
            location="" name="LogMessage2"
                    type="Scripting">
      <Expression><![CDATA[if(len(MacroExpand("$(WEB_SVC_LOG_FILE)")) > 0) then

	strMessage = fileread("djmessage:///tgtMsg2_ct")

	strTemp =  "-----------------------------------------------------------------------------------------------------------"  & chr$(13) & chr$(10) & _
		    	"Processing Consumer Tag Request Thread 2"  & chr$(13) & chr$(10) & _
				"-----------------------------------------------------------------------------------------------------------" & chr$(13) & chr$(10) & _
				strMessage   & chr$(13) & chr$(10) & _
				"-----------------------------------------------------------------------------------------------------------"  & chr$(13) & chr$(10) & _
				"-----------------------------------------------------------------------------------------------------------"& chr$(13) & chr$(10) & chr$(13) & chr$(10)

	FileAppend(MacroExpand("$(WEB_SVC_LOG_FILE) "), strTemp)
end if]]></Expression>
      <Predecessors>
        <Predecessor
                    condition="False"
            name="EndOfFile2"/>
      </Predecessors>
    </Step>
    <Step
            location="" name="LogMessage3"
                    type="Scripting">
      <Expression><![CDATA[if(len(MacroExpand("$(WEB_SVC_LOG_FILE)")) > 0) then

	strMessage = fileread("djmessage:///tgtMsg3_ct")

	strTemp =  "-----------------------------------------------------------------------------------------------------------"  & chr$(13) & chr$(10) & _
		    	"Processing Consumer Tag Request Thread 3"  & chr$(13) & chr$(10) & _
				"-----------------------------------------------------------------------------------------------------------" & chr$(13) & chr$(10) & _
				strMessage  & chr$(13) & chr$(10) & _
				"-----------------------------------------------------------------------------------------------------------"  & chr$(13) & chr$(10) & _
				"-----------------------------------------------------------------------------------------------------------"& chr$(13) & chr$(10)& chr$(13) & chr$(10)

	FileAppend(MacroExpand("$(WEB_SVC_LOG_FILE) "), strTemp)
end if]]></Expression>
      <Predecessors>
        <Predecessor
                    condition="False"
            name="EndOfFile3"/>
      </Predecessors>
    </Step>
    <Step
            location="" name="LogMessage4"
                    type="Scripting">
      <Expression><![CDATA[if(len(MacroExpand("$(WEB_SVC_LOG_FILE)")) > 0) then

	strMessage = fileread("djmessage:///tgtMsg4_ct")
	
	strTemp =  "-----------------------------------------------------------------------------------------------------------"  & chr$(13) & chr$(10) & _
		    	"Processing Consumer Tag Request Thread 4"  & chr$(13) & chr$(10) & _
				"-----------------------------------------------------------------------------------------------------------" & chr$(13) & chr$(10) & _
				strMessage  & chr$(13) & chr$(10) & _
				"-----------------------------------------------------------------------------------------------------------"  & chr$(13) & chr$(10) & _
				"-----------------------------------------------------------------------------------------------------------"& chr$(13) & chr$(10)& chr$(13) & chr$(10)
			
	FileAppend(MacroExpand("$(WEB_SVC_LOG_FILE) "), strTemp)
end if]]></Expression>
      <Predecessors>
        <Predecessor
                    condition="False"
            name="EndOfFile4"/>
      </Predecessors>
    </Step>
    <Step
            name="EndOfFile1"
                    type="Decision">
      <Expression><![CDATA[Project("ProvideContent1").ReturnCode == 1]]></Expression>
      <Predecessors>
        <Predecessor
                    condition="Unconditional"
            name="ProvideContent1"/>
      </Predecessors>
    </Step>
    <Step
            name="EndOfFile2"
                    type="Decision">
      <Expression><![CDATA[Project("ProvideContent2").ReturnCode == 1]]></Expression>
      <Predecessors>
        <Predecessor
                    condition="Unconditional"
            name="ProvideContent2"/>
      </Predecessors>
    </Step>
    <Step
            name="EndOfFile3"
                    type="Decision">
      <Expression><![CDATA[Project("ProvideContent3").ReturnCode == 1]]></Expression>
      <Predecessors>
        <Predecessor
                    condition="Unconditional"
            name="ProvideContent3"/>
      </Predecessors>
    </Step>
    <Step
            name="EndOfFile4"
                    type="Decision">
      <Expression><![CDATA[Project("ProvideContent4").ReturnCode == 1]]></Expression>
      <Predecessors>
        <Predecessor
                    condition="Unconditional"
            name="ProvideContent4"/>
      </Predecessors>
    </Step>
    <Step
            name="XfmRequest1" source="djmessage:///tgtMsg1_ct"
            stylesheet="$(XSLT_XFM_DIR)\ConsumerTagXfm.xsl"
            target="djmessage:///xmlMsg1_ct"
                    type="XSLT">
      <Predecessors>
        <Predecessor
                    condition="Unconditional"
            name="LogMessage1"/>
      </Predecessors>
    </Step>
    <Step
            name="XfmRequest2" source="djmessage:///tgtMsg2_ct"
            stylesheet="$(XSLT_XFM_DIR)\ConsumerTagXfm.xsl"
            target="djmessage:///xmlMsg2_ct"
                    type="XSLT">
      <Predecessors>
        <Predecessor
                    condition="Unconditional"
            name="LogMessage2"/>
      </Predecessors>
    </Step>
    <Step
            name="XfmRequest3" source="djmessage:///tgtMsg3_ct"
            stylesheet="$(XSLT_XFM_DIR)\ConsumerTagXfm.xsl"
            target="djmessage:///xmlMsg3_ct"
                    type="XSLT">
      <Predecessors>
        <Predecessor
                    condition="Unconditional"
            name="LogMessage3"/>
      </Predecessors>
    </Step>
    <Step
            name="XfmRequest4" source="djmessage:///tgtMsg4_ct"
            stylesheet="$(XSLT_XFM_DIR)\ConsumerTagXfm.xsl"
            target="djmessage:///xmlMsg4_ct"
                    type="XSLT">
      <Predecessors>
        <Predecessor
                    condition="Unconditional"
            name="LogMessage4"/>
      </Predecessors>
    </Step>
    <Step
            component="Invoker-1" name="SendRequest1"
                    type="Invoker">
      <Actions>
        <Action
                        name="Execute">
          <Parameter
                        name="SourceMessage"
                        position="0"><![CDATA[xmlMsg1_ct]]></Parameter>
          <Parameter
                        name="TargetMessage"
                    position="1"><![CDATA[invokeOut1_ct]]></Parameter>
        </Action>
      </Actions>
      <StepOptions>
        <Option
                    name="Service"
                    value="tagAssociationService"/>
        <Option
                    name="Binding"
                    value="tagAssociationServiceSOAP"/>
        <Option
                    name="Port" value="$(WEB_SERVICE)"/>
        <Option
                    name="Operation"
                    value="AssignConsumerTag"/>
        <Option
                    name="RequestSchema"
                    value="$(REQUEST_SCHEMA)"/>
        <Option
                    name="ResponseSchema"
                    value="$(RESPONSE_SCHEMA)"/>
      </StepOptions>
      <Predecessors>
        <Predecessor
                    condition="Unconditional"
            name="XfmRequest1"/>
      </Predecessors>
    </Step>
    <Step
            component="Invoker-2" name="SendRequest2"
                    type="Invoker">
      <Actions>
        <Action
                        name="Execute">
          <Parameter
                        name="SourceMessage"
                        position="0"><![CDATA[xmlMsg2_ct]]></Parameter>
          <Parameter
                        name="TargetMessage"
                    position="1"><![CDATA[invokeOut2_ct]]></Parameter>
        </Action>
      </Actions>
      <StepOptions>
        <Option
                    name="Service"
                    value="tagAssociationService"/>
        <Option
                    name="Binding"
                    value="tagAssociationServiceSOAP"/>
        <Option
                    name="Port" value="$(WEB_SERVICE)"/>
        <Option
                    name="Operation"
                    value="AssignConsumerTag"/>
        <Option
                    name="RequestSchema"
                    value="$(REQUEST_SCHEMA)"/>
        <Option
                    name="ResponseSchema"
                    value="$(RESPONSE_SCHEMA)"/>
      </StepOptions>
      <Predecessors>
        <Predecessor
                    condition="Unconditional"
            name="XfmRequest2"/>
      </Predecessors>
    </Step>
    <Step
            component="Invoker-3" name="SendReques3"
                    type="Invoker">
      <Actions>
        <Action
                        name="Execute">
          <Parameter
                        name="SourceMessage"
                        position="0"><![CDATA[xmlMsg3_ct]]></Parameter>
          <Parameter
                        name="TargetMessage"
                    position="1"><![CDATA[invokeOut3_ct]]></Parameter>
        </Action>
      </Actions>
      <StepOptions>
        <Option
                    name="Service"
                    value="tagAssociationService"/>
        <Option
                    name="Binding"
                    value="tagAssociationServiceSOAP"/>
        <Option
                    name="Port" value="$(WEB_SERVICE)"/>
        <Option
                    name="Operation"
                    value="AssignConsumerTag"/>
        <Option
                    name="RequestSchema"
                    value="$(REQUEST_SCHEMA)"/>
        <Option
                    name="ResponseSchema"
                    value="$(RESPONSE_SCHEMA)"/>
      </StepOptions>
      <Predecessors>
        <Predecessor
                    condition="Unconditional"
            name="XfmRequest3"/>
      </Predecessors>
    </Step>
    <Step
            component="Invoker-4" name="SendRequest4"
                    type="Invoker">
      <Actions>
        <Action
                        name="Execute">
          <Parameter
                        name="SourceMessage"
                        position="0"><![CDATA[xmlMsg4_ct]]></Parameter>
          <Parameter
                        name="TargetMessage"
                    position="1"><![CDATA[invokeOut4_ct]]></Parameter>
        </Action>
      </Actions>
      <StepOptions>
        <Option
                    name="Service"
                    value="tagAssociationService"/>
        <Option
                    name="Binding"
                    value="tagAssociationServiceSOAP"/>
        <Option
                    name="Port" value="$(WEB_SERVICE)"/>
        <Option
                    name="Operation"
                    value="AssignConsumerTag"/>
        <Option
                    name="RequestSchema"
                    value="$(REQUEST_SCHEMA)"/>
        <Option
                    name="ResponseSchema"
                    value="$(RESPONSE_SCHEMA)"/>
      </StepOptions>
      <Predecessors>
        <Predecessor
                    condition="Unconditional"
            name="XfmRequest4"/>
      </Predecessors>
    </Step>
    <Step
            location="" name="LogResponse1"
                    type="Scripting">
      <Expression><![CDATA[if(len(MacroExpand("$(WEB_SVC_LOG_FILE)")) > 0) then

	strMessage = fileread("djmessage:///invokeOut1_ct")

	strTemp =  "-----------------------------------------------------------------------------------------------------------"  & chr$(13) & chr$(10) & _
		    	"Processing Consumer Tag Response Thread 1"  & chr$(13) & chr$(10) & _
				"-----------------------------------------------------------------------------------------------------------" & chr$(13) & chr$(10) & _
				strMessage  & chr$(13) & chr$(10) & _
				"-----------------------------------------------------------------------------------------------------------"  & chr$(13) & chr$(10) & _
				"-----------------------------------------------------------------------------------------------------------"& chr$(13) & chr$(10) & chr$(13) & chr$(10)

	FileAppend(MacroExpand("$(WEB_SVC_LOG_FILE) "), strTemp)
end if]]></Expression>
      <Predecessors>
        <Predecessor
                    condition="Unconditional"
            name="SendRequest1"/>
      </Predecessors>
    </Step>
    <Step
            location="" name="LogResponse2"
                    type="Scripting">
      <Expression><![CDATA[if(len(MacroExpand("$(WEB_SVC_LOG_FILE)")) > 0) then


	strMessage = fileread("djmessage:///invokeOut2_ct")

	strTemp =  "-----------------------------------------------------------------------------------------------------------"  & chr$(13) & chr$(10) & _
		    	"Processing Consumer Tag Response Thread 2"  & chr$(13) & chr$(10) & _
				"-----------------------------------------------------------------------------------------------------------" & chr$(13) & chr$(10) & _
				strMessage  & chr$(13) & chr$(10) & _
				"-----------------------------------------------------------------------------------------------------------"  & chr$(13) & chr$(10) & _
				"-----------------------------------------------------------------------------------------------------------"& chr$(13) & chr$(10)& chr$(13) & chr$(10)

	FileAppend(MacroExpand("$(WEB_SVC_LOG_FILE) "), strTemp)
end if]]></Expression>
      <Predecessors>
        <Predecessor
                    condition="Unconditional"
            name="SendRequest2"/>
      </Predecessors>
    </Step>
    <Step
            location="" name="LogResponse3"
                    type="Scripting">
      <Expression><![CDATA[if(len(MacroExpand("$(WEB_SVC_LOG_FILE)")) > 0) then


	strMessage = fileread("djmessage:///invokeOut3_ct")

	strTemp =  "-----------------------------------------------------------------------------------------------------------"  & chr$(13) & chr$(10) & _
		    	"Processing Consumer Tag Response Thread 3"  & chr$(13) & chr$(10) & _
				"-----------------------------------------------------------------------------------------------------------" & chr$(13) & chr$(10) & _
				strMessage  & chr$(13) & chr$(10) & _
				"-----------------------------------------------------------------------------------------------------------"  & chr$(13) & chr$(10) & _
				"-----------------------------------------------------------------------------------------------------------"& chr$(13) & chr$(10)& chr$(13) & chr$(10)

	FileAppend(MacroExpand("$(WEB_SVC_LOG_FILE) "), strTemp)
	
end if]]></Expression>
      <Predecessors>
        <Predecessor
                    condition="Unconditional"
            name="SendReques3"/>
      </Predecessors>
    </Step>
    <Step
            location="" name="LogResponse4"
                    type="Scripting">
      <Expression><![CDATA[if(len(MacroExpand("$(WEB_SVC_LOG_FILE)")) > 0) then


	strMessage = fileread("djmessage:///invokeOut4_ct")

	strTemp =  "-----------------------------------------------------------------------------------------------------------"  & chr$(13) & chr$(10) & _
		    	"Processing Consumer Tag Response Thread 4"  & chr$(13) & chr$(10) & _
				"-----------------------------------------------------------------------------------------------------------" & chr$(13) & chr$(10) & _
				strMessage  & chr$(13) & chr$(10) & _
				"-----------------------------------------------------------------------------------------------------------"  & chr$(13) & chr$(10) & _
				"-----------------------------------------------------------------------------------------------------------"& chr$(13) & chr$(10) & chr$(13) & chr$(10)

	FileAppend(MacroExpand("$(WEB_SVC_LOG_FILE) "), strTemp)
end if]]></Expression>
      <Predecessors>
        <Predecessor
                    condition="Unconditional" name="SendRequest4"/>
      </Predecessors>
    </Step>
  </Steps>
</Process>
