<?xml version="1.0" encoding="UTF-8"?>
<!--======  Integration  XML ======-->
<!-- <!DOCTYPE Process SYSTEM "DJProcess.dtd"> -->
<Process author="Don" creator="Don" datecreated="2011-03-04T15:08:19Z"
    datemodified="2012-01-03T18:04:58Z" maxconcurrentthreads="17"
    name="TitaniumFullCyclePostProcess.ip.xml" schemaVersion="1.2"
        version="1.9">
  
  <LogManager
        loglocation="C:\Documents and Settings\Don\Pervasive\Logs\ProcessDesigner\TitaniumFullCyclePostProcess.log"
            messagetypemask="15"/>
  <ProcessOptions>
    <Option
            name="logging" value="True"/>
    <Option name="clearlog"
            value="False"/>
    <Option name="breakonerror"
            value="True"/>
    <Option name="useeventlog"
            value="False"/>
  </ProcessOptions>
  <Steps>
    <Step
            location="" name="Start" type="Start"/>
    <Step
            location="" name="Stop"
                    type="Stop">
      <Predecessors>
        <Predecessor
                    condition="Unconditional"
                    name="Account Forwarding/Receiver"/>
        <Predecessor
                    condition="Unconditional"
                    name="Attach Consumers"/>
        <Predecessor
                    condition="Unconditional"
                    name="Consumer Updates"/>
        <Predecessor
                    condition="Unconditional"
                    name="Consumer UDP"/>
        <Predecessor
                    condition="Unconditional"
                    name="Joint Owner"/>
        <Predecessor
                    condition="Unconditional"
                    name="Notice Pending/History"/>
        <Predecessor
                    condition="Unconditional"
                    name="Account Effective Interest"/>
        <Predecessor
                    condition="Unconditional"
                    name="Address History"/>
        <Predecessor
                    condition="Unconditional"
                    name="Phone History"/>
        <Predecessor
                    condition="Unconditional"
                    name="AR Events"/>
        <Predecessor
                    condition="Unconditional"
                    name="Account UDP"/>
        <Predecessor
                    condition="Unconditional"
                    name="Account Updates"/>
        <Predecessor
                    condition="Unconditional"
                    name="Account Tag"/>
        <Predecessor
                    condition="Unconditional"
                    name="Account Notes"/>
        <Predecessor
                    condition="Unconditional"
                    name="Consumer Tag"/>
        <Predecessor
                    condition="Unconditional"
            name="Images"/>
      </Predecessors>
    </Step>
    <Step
            location="" name="Consumer Updates"
            processname="TitaniumFullCycle/Processes/TitaniumFullCycleConsumerUpdate.ip.xml"
            transactionindicator="False"
                    type="ProjectStep">
      <Predecessors>
        <Predecessor
                    condition="Unconditional"
            name="Start"/>
      </Predecessors>
    </Step>
    <Step
            location="" name="Consumer UDP"
            processname="TitaniumFullCycle/Processes/TitaniumFullCycleConsumerCustomPage.ip.xml"
            transactionindicator="False"
                    type="ProjectStep">
      <Predecessors>
        <Predecessor
                    condition="Unconditional"
            name="Start"/>
      </Predecessors>
    </Step>
    <Step
            location="" name="Consumer Tag"
            processname="TitaniumFullCycle/Processes/TitaniumFullCycleConsumerTag.ip.xml"
            transactionindicator="False"
                    type="ProjectStep">
      <Predecessors>
        <Predecessor
                    condition="Unconditional"
            name="Start"/>
      </Predecessors>
    </Step>
    <Step
            location="" name="Account Notes"
            processname="TitaniumFullCycle/Processes/TitaniumFullCycleAccountNote.ip.xml"
            transactionindicator="False"
                    type="ProjectStep">
      <Predecessors>
        <Predecessor
                    condition="Unconditional"
            name="Start"/>
      </Predecessors>
    </Step>
    <Step
            location="" name="Account Tag"
            processname="TitaniumFullCycle/Processes/TitaniumFullCycleAccountTag.ip.xml"
            transactionindicator="False"
                    type="ProjectStep">
      <Predecessors>
        <Predecessor
                    condition="Unconditional"
            name="Start"/>
      </Predecessors>
    </Step>
    <Step
            location="" name="Account Updates"
            processname="TitaniumFullCycle/Processes/TitaniumFullCycleAccountUpdates.ip.xml"
            transactionindicator="False"
                    type="ProjectStep">
      <Predecessors>
        <Predecessor
                    condition="Unconditional"
            name="Start"/>
      </Predecessors>
    </Step>
    <Step
            location="" name="Account UDP"
            processname="TitaniumFullCycle/Processes/TitaniumFullCycleAccountCustomPage.ip.xml"
            transactionindicator="False"
                    type="ProjectStep">
      <Predecessors>
        <Predecessor
                    condition="Unconditional"
            name="Start"/>
      </Predecessors>
    </Step>
    <Step
            location="" name="AR Events"
            processname="TitaniumFullCycle/Processes/TitaniumFullCycleArEvent.ip.xml"
            transactionindicator="False"
                    type="ProjectStep">
      <Predecessors>
        <Predecessor
                    condition="Unconditional"
            name="Start"/>
      </Predecessors>
    </Step>
    <Step
            location="" name="Phone History"
            processname="TitaniumFullCycle/Processes/TitaniumFullCyclePhoneHistory.ip.xml"
            transactionindicator="False"
                    type="ProjectStep">
      <Predecessors>
        <Predecessor
                    condition="Unconditional"
            name="Start"/>
      </Predecessors>
    </Step>
    <Step
            location="" name="Address History"
            processname="TitaniumFullCycle/Processes/TitaniumFullCycleAddressHistory.ip.xml"
            transactionindicator="False"
                    type="ProjectStep">
      <Predecessors>
        <Predecessor
                    condition="Unconditional"
            name="Start"/>
      </Predecessors>
    </Step>
    <Step
            location="" name="Account Effective Interest"
            processname="TitaniumFullCycle/Processes/TitaniumFullCycleAccountEffectiveInterest.ip.xml"
            transactionindicator="False"
                    type="ProjectStep">
      <Predecessors>
        <Predecessor
                    condition="Unconditional"
            name="Start"/>
      </Predecessors>
    </Step>
    <Step
            location="" name="Notice Pending/History"
            processname="TitaniumFullCycle/Processes/TitaniumFullCycleNoticePendingAndHistory.ip.xml"
            transactionindicator="False"
                    type="ProjectStep">
      <Predecessors>
        <Predecessor
                    condition="Unconditional"
            name="Start"/>
      </Predecessors>
    </Step>
    <Step
            location="" name="Joint Owner"
            processname="TitaniumFullCycle/Processes/TitaniumFullCycleJointOwner.ip.xml"
            transactionindicator="False"
                    type="ProjectStep">
      <Predecessors>
        <Predecessor
                    condition="Unconditional"
            name="Start"/>
      </Predecessors>
    </Step>
    <Step
            location="" name="Attach Consumers"
            processname="TitaniumFullCycle/Processes/TitaniumFullCycleAttachConsumers.ip.xml"
            transactionindicator="False"
                    type="ProjectStep">
      <Predecessors>
        <Predecessor
                    condition="Unconditional"
            name="Start"/>
      </Predecessors>
    </Step>
    <Step
            location="" name="Account Forwarding/Receiver"
            processname="TitaniumFullCycle/Processes/TitaniumFullCycleAccountForwardingReceiver.ip.xml"
            transactionindicator="False"
                    type="ProjectStep">
      <Predecessors>
        <Predecessor
                    condition="Unconditional"
            name="Start"/>
      </Predecessors>
    </Step>
    <Step
            location="" name="Images"
            processname="TitaniumFullCycle/Processes/TitaniumFullCycleImages.ip.xml"
            transactionindicator="False"
                    type="ProjectStep">
      <Predecessors>
        <Predecessor
                    condition="Unconditional" name="Start"/>
      </Predecessors>
    </Step>
  </Steps>
</Process>
