<?xml version="1.0" encoding="UTF-8"?>
<!--======  Integration  XML ======-->
<!-- <!DOCTYPE Process SYSTEM "DJProcess.dtd"> -->
<Process author="Don" creator="Don" datecreated="2009-03-12T20:08:44Z"
    datemodified="2010-08-30T15:48:24Z" maxconcurrentthreads="1"
    name="TitaniumFullCycleAccountCustomPage.ip.xml" schemaVersion="1.2"
        version="1.6">
  
  <LogManager
        loglocation="C:\Program Files\Pervasive\Cosmos\Common800\log\TitaniumFullCycleAccountCustomPage.log"
            messagetypemask="15"/>
  <ProcessOptions>
    <Option
            name="logging" value="True"/>
    <Option name="clearlog"
            value="False"/>
    <Option name="breakonerror"
            value="True"/>
    <Option name="useeventlog"
            value="False"/>
  </ProcessOptions>
  <Sessions>
    <Session
            name="SQLServer2000MassInsert-1" resourcemanager="$(DBNAME)"
            server="$(SQLSERVER)" transactionindicator="False"
            type="SQL Server 2000 Mass Insert"
            userid="$(DBUSERNAME)">
      <Password><![CDATA[AQBBAKQAwABhAHAAegA5APkA+AC9AF0ALAAGAJYA]]></Password>
      <SessionOptions/>
    </Session>
    <Session
            name="SQLServer2005-1" resourcemanager="$(DBNAME)"
            server="$(SQLSERVER)" transactionindicator="False"
            type="SQL Server 2005"
            userid="$(DBUSERNAME)">
      <Password><![CDATA[AQBBAKQAwABhAHAAegA5APkA+AC9AF0ALAAGAJYA]]></Password>
      <SessionOptions/>
    </Session>
  </Sessions>
  <Steps>
    <Step
            location="" name="Start" type="Start"/>
    <Step
            location="" name="Stop"
                    type="Stop">
      <Predecessors>
        <Predecessor
                    condition="Unconditional"
                    name="Insert account custom page records"/>
        <Predecessor
                    condition="False"
                    name="Run Account UDP Sql"/>
        <Predecessor
                    condition="False"
            name="Run Account UDP?"/>
      </Predecessors>
    </Step>
    <Step
            copytransformationfile="False" location=""
            name="Account Custom Page Staging"
            processname="../Maps/TitaniumFullCycleAccountCustomPage.map.xml"
            targetsession="SQLServer2000MassInsert-1"
                    type="Transformation">
      <Predecessors>
        <Predecessor
                    condition="Unconditional"
            name="Get UDP Field List"/>
      </Predecessors>
    </Step>
    <Step
            location="$(SQLDIR)\TitaniumFullCycleAccountCustomPage.sql"
            name="Insert account custom page records"
            sqlsession="SQLServer2000MassInsert-1"
                    type="SQL">
      <Predecessors>
        <Predecessor
                    condition="True"
            name="Run Account UDP Sql"/>
      </Predecessors>
    </Step>
    <Step
            name="Run Account UDP?"
                    type="Decision">
      <Expression><![CDATA[if (MacroValue("RUN_ACCOUNT_UDP") == "Y") then

	true
	
else

	false
	
end if]]></Expression>
      <Predecessors>
        <Predecessor
                    condition="Unconditional"
            name="Start"/>
      </Predecessors>
    </Step>
    <Step
            name="Run Account UDP Sql"
                    type="Decision">
      <Expression><![CDATA[if (MacroValue("RUN_ACCOUNT_UDP_SQL") == "Y") then

	true
	
else

	false
	
end if]]></Expression>
      <Predecessors>
        <Predecessor
                    condition="Unconditional"
            name="Account Custom Page Staging"/>
      </Predecessors>
    </Step>
    <Step
            copytransformationfile="False" location=""
            name="Get UDP Field List"
            processname="../Maps/TitaniumFullCycleUDPColumnList.map.xml"
            sourcesession="SQLServer2005-1"
                    type="Transformation">
      <Predecessors>
        <Predecessor
                    condition="True" name="Run Account UDP?"/>
      </Predecessors>
    </Step>
  </Steps>
</Process>
