<?xml version="1.0" encoding="UTF-8"?>
<!--======  Integration  XML ======-->
<!-- <!DOCTYPE Process SYSTEM "DJProcess.dtd"> -->
<Process author="Don" creator="Don" datecreated="2009-12-10T22:00:59Z"
    datemodified="2010-07-13T14:38:22Z" maxconcurrentthreads="1"
    name="TitaniumFullCycleAccountTag.ip.xml" schemaVersion="1.2"
        version="1.4">
  
  <LogManager
        loglocation="C:\Program Files\Pervasive\Cosmos\Common800\log\TitaniumFullCycleAccountTag.log"
            messagetypemask="15"/>
  <ProcessOptions>
    <Option
            name="logging" value="True"/>
    <Option name="clearlog"
            value="False"/>
    <Option name="breakonerror"
            value="True"/>
    <Option name="useeventlog"
            value="False"/>
  </ProcessOptions>
  <Sessions>
    <Session
            name="SQLServer2000MassInsert-1" resourcemanager="$(DBNAME)"
            server="$(SQLSERVER)" transactionindicator="False"
            type="SQL Server 2000 Mass Insert"
            userid="$(DBUSERNAME)">
      <Password><![CDATA[AQBBAKQAwABhAHAAegA5APkA+AC9AF0ALAAGAJYA]]></Password>
      <SessionOptions/>
    </Session>
  </Sessions>
  <Steps>
    <Step
            location="" name="Start" type="Start"/>
    <Step
            location="" name="Stop"
                    type="Stop">
      <Predecessors>
        <Predecessor
                    condition="Unconditional"
                    name="Push account tags into main tables"/>
        <Predecessor
                    condition="False"
                    name="Run Account Tag?"/>
        <Predecessor
                    condition="False"
            name="Run Account Tag SQL?"/>
      </Predecessors>
    </Step>
    <Step
            copytransformationfile="False" location=""
            name="Push account tags into staging table"
            processname="../Maps/TitaniumFullCycleAccountTag.map.xml"
            targetsession="SQLServer2000MassInsert-1"
                    type="Transformation">
      <Predecessors>
        <Predecessor
                    condition="True"
            name="Run Account Tag?"/>
      </Predecessors>
    </Step>
    <Step
            location="$(SQLDIR)\TitaniumFullCycleAccountTag.sql"
            name="Push account tags into main tables"
            sqlsession="SQLServer2000MassInsert-1"
                    type="SQL">
      <Predecessors>
        <Predecessor
                    condition="True"
            name="Run Account Tag SQL?"/>
      </Predecessors>
    </Step>
    <Step
            name="Run Account Tag?"
                    type="Decision">
      <Expression><![CDATA[if (MacroValue("RUN_ACCOUNT_TAG") == "Y") then

	true
	
else

	false
	
end if]]></Expression>
      <Predecessors>
        <Predecessor
                    condition="Unconditional"
            name="Start"/>
      </Predecessors>
    </Step>
    <Step
            name="Run Account Tag SQL?"
                    type="Decision">
      <Expression><![CDATA[if (MacroValue("RUN_ACCOUNT_TAG_SQL") == "Y") then

	true
	
else

	false
	
end if]]></Expression>
      <Predecessors>
        <Predecessor
                    condition="Unconditional" name="Push account tags into staging table"/>
      </Predecessors>
    </Step>
  </Steps>
</Process>
