<?xml version="1.0" encoding="UTF-8"?>
<!--======  Integration  XML ======-->
<!-- <!DOCTYPE Process SYSTEM "DJProcess.dtd"> -->
<Process author="Don" creator="Don" datecreated="2011-06-05T19:57:49Z"
    datemodified="2011-12-30T14:16:43Z" maxconcurrentthreads="1"
    name="TitaniumFullCycleAccountForwardingReceiver.ip.xml"
    schemaVersion="1.2" version="1.4">
  
  <LogManager
        loglocation="C:\Documents and Settings\Don\Pervasive\Logs\ProcessDesigner\TitaniumFullCycleAccountForwardingReceiver.log"
            messagetypemask="15"/>
  <ProcessOptions>
    <Option
            name="logging" value="True"/>
    <Option name="clearlog"
            value="False"/>
    <Option name="breakonerror"
            value="True"/>
    <Option name="useeventlog"
            value="False"/>
  </ProcessOptions>
  <Sessions>
    <Session
            name="SQLServer2005MassInsert-1" resourcemanager="$(DBNAME)"
            server="$(SQLSERVER)" transactionindicator="False"
            type="SQL Server 2005 Mass Insert"
            userid="$(DBUSERNAME)">
      <Password><![CDATA[AQBBAKQAwABhAHAAegA5APkA+AC9AF0ALAAGAJYA]]></Password>
      <SessionOptions/>
    </Session>
  </Sessions>
  <Steps>
    <Step
            location="" name="Start" type="Start"/>
    <Step
            location="" name="Stop"
                    type="Stop">
      <Predecessors>
        <Predecessor
                    condition="False"
                    name="If RUN_ACCOUNT_FORWARDING_RECEIVER"/>
        <Predecessor
                    condition="False"
                    name="If RUN_ACCOUNT_FORWARDING_RECEIVER_SQL"/>
        <Predecessor
                    condition="Unconditional"
            name="Push into main oltp database"/>
      </Predecessors>
    </Step>
    <Step
            copytransformationfile="False" location=""
            name="account forwarding history"
            processname="../Maps/TitaniumFullCycleAccountForwardingReceiver.map.xml"
            targetsession="SQLServer2005MassInsert-1"
                    type="Transformation">
      <Predecessors>
        <Predecessor
                    condition="True"
            name="If RUN_ACCOUNT_FORWARDING_RECEIVER"/>
      </Predecessors>
    </Step>
    <Step
            name="If RUN_ACCOUNT_FORWARDING_RECEIVER"
                    type="Decision">
      <Expression><![CDATA[if (MacroValue("RUN_ACCOUNT_FORWARDING_RECEIVER") == "Y") then

	true
	
else

	false
	
end if]]></Expression>
      <Predecessors>
        <Predecessor
                    condition="Unconditional"
            name="Start"/>
      </Predecessors>
    </Step>
    <Step
            name="If RUN_ACCOUNT_FORWARDING_RECEIVER_SQL"
                    type="Decision">
      <Expression><![CDATA[if (MacroValue("RUN_ACCOUNT_FORWARDING_RECEIVER_SQL") == "Y") then

	true
	
else

	false
	
end if]]></Expression>
      <Predecessors>
        <Predecessor
                    condition="Unconditional"
            name="account forwarding history"/>
      </Predecessors>
    </Step>
    <Step
            location="$(SQLDIR)\TitaniumFullCycleAccountForwardingRecallReceiver.sql"
            name="Push into main oltp database"
            sqlsession="SQLServer2005MassInsert-1"
                    type="SQL">
      <Predecessors>
        <Predecessor
                    condition="True" name="If RUN_ACCOUNT_FORWARDING_RECEIVER_SQL"/>
      </Predecessors>
    </Step>
  </Steps>
</Process>
