<?xml version="1.0" encoding="UTF-8"?>
<!--======  Integration  XML ======-->
<!-- <!DOCTYPE Process SYSTEM "DJProcess.dtd"> -->
<Process author="Don" creator="Don" datecreated="2010-07-14T18:16:20Z"
    datemodified="2012-06-08T04:03:46Z" maxconcurrentthreads="1"
    name="TitaniumFullCycleArEvent.ip.xml" schemaVersion="1.2"
        version="1.106">
  
  <Description><![CDATA[Previous Log C:\Documents and Settings\Don\Pervasive\Logs\ProcessDesigner\TitaniumFullCycleArEvent.log
]]></Description>
  <LogManager
        loglocation="c:\projects\TITAN11116\Process.log"
            messagetypemask="15"/>
  <ProcessOptions>
    <Option
            name="logging" value="True"/>
    <Option name="clearlog"
            value="False"/>
    <Option name="breakonerror"
            value="True"/>
    <Option name="useeventlog"
            value="False"/>
  </ProcessOptions>
  <Sessions>
    <Session
            name="SQLServer2000MassInsert-1" resourcemanager="$(DBNAME)"
            server="$(SQLSERVER)" transactionindicator="False"
            type="SQL Server 2000 Mass Insert"
            userid="$(DBUSERNAME)">
      <Password><![CDATA[AQBBAKQAwABhAHAAegA5APkA+AC9AF0ALAAGAJYA]]></Password>
      <SessionOptions/>
    </Session>
    <Session
            name="SQLServer2008-1" resourcemanager="$(DBNAME)"
            server="$(SQLSERVER)" transactionindicator="False"
            type="SQL Server 2008"
            userid="$(DBUSERNAME)">
      <Password><![CDATA[AQBBAKQAwABhAHAAegA5APkA+AC9AF0ALAAGAJYA]]></Password>
      <SessionOptions/>
    </Session>
    <Session
            name="SQLOnly" resourcemanager="$(DBNAME)"
            server="$(SQLSERVER)" transactionindicator="False"
            type="SQL Server 2008"
                    userid="$(DBUSERNAME)">
      <Password><![CDATA[AQBBAKQAwABhAHAAegA5APkA+AC9AF0ALAAGAJYA]]></Password>
      <SessionOptions>
        <Option
                    name="txnisolation"
            value="serializable"/>
      </SessionOptions>
    </Session>
    <Session
            name="SQLServer2008-3" resourcemanager="$(DBNAME)"
            server="$(SQLSERVER)" transactionindicator="False"
            type="SQL Server 2008"
            userid="$(DBUSERNAME)">
      <Password><![CDATA[AQBBAKQAwABhAHAAegA5APkA+AC9AF0ALAAGAJYA]]></Password>
      <SessionOptions/>
    </Session>
    <Session
            name="InternalDataConversion" resourcemanager="$(DBNAME)"
            server="$(SQLSERVER)" transactionindicator="False"
            type="SQL Server 2008"
                    userid="$(DBUSERNAME)">
      <Password><![CDATA[AQBBAKQAwABhAHAAegA5APkA+AC9AF0ALAAGAJYA]]></Password>
      <SessionOptions>
        <Option
                    name="txnisolation"
            value="serializable"/>
      </SessionOptions>
    </Session>
    <Session
            name="SQLServer2008-5" resourcemanager="$(DBNAME)"
            server="$(SQLSERVER)" transactionindicator="False"
            type="SQL Server 2008"
            userid="$(DBUSERNAME)">
      <Password><![CDATA[AQBBAKQAwABhAHAAegA5APkA+AC9AF0ALAAGAJYA]]></Password>
      <SessionOptions/>
    </Session>
    <Session
            name="SQLServer2000MassInsert-2" resourcemanager="$(DBNAME)"
            server="$(SQLSERVER)" transactionindicator="False"
            type="SQL Server 2000 Mass Insert"
            userid="$(DBUSERNAME)">
      <Password><![CDATA[AQBBAKQAwABhAHAAegA5APkA+AC9AF0ALAAGAJYA]]></Password>
      <SessionOptions/>
    </Session>
    <Session
            name="SQLServer2005MassInsert-1" resourcemanager="$(DBNAME)"
            server="$(SQLSERVER)" transactionindicator="False"
            type="SQL Server 2005 Mass Insert"
            userid="$(DBUSERNAME)">
      <Password><![CDATA[AQBBAKQAwABhAHAAegA5APkA+AC9AF0ALAAGAJYA]]></Password>
      <SessionOptions/>
    </Session>
  </Sessions>
  <Steps>
    <Step
            location="" name="Start" type="Start"/>
    <Step
            location="" name="Stop"
                    type="Stop">
      <Predecessors>
        <Predecessor
                    condition="False"
                    name="Run Events SQL?"/>
        <Predecessor
                    condition="Unconditional"
            name="Load Events to Main Table"/>
      </Predecessors>
    </Step>
    <Step
            name="Run Events?"
                    type="Decision">
      <Expression><![CDATA[MacroValue("RUN_EVENTS") == "Y"]]></Expression>
      <Predecessors>
        <Predecessor
                    condition="Unconditional"
            name="Start"/>
      </Predecessors>
    </Step>
    <Step
            copytransformationfile="False" location=""
            name="Load Events to Staging"
            processname="../Maps/TitaniumFullCycleArEvent.map.xml"
            targetsession="SQLServer2000MassInsert-1"
                    type="Transformation">
      <Predecessors>
        <Predecessor
                    condition="True"
            name="Run Events?"/>
      </Predecessors>
    </Step>
    <Step
            name="Run Events SQL?"
                    type="Decision">
      <Expression><![CDATA[MacroValue("RUN_EVENTS_SQL") == "Y"]]></Expression>
      <Predecessors>
        <Predecessor
                    condition="False"
                    name="Run Events?"/>
        <Predecessor
                    condition="Unconditional"
            name="Load Events to Staging"/>
      </Predecessors>
    </Step>
    <Step
            location="$(SQLDIR)\TitaniumFullCycleArEvent.sql"
            name="Load Events to Main Table"
            sqlsession="SQLServer2000MassInsert-1"
                    type="SQL">
      <Predecessors>
        <Predecessor
                    condition="True" name="Run Events SQL?"/>
      </Predecessors>
    </Step>
  </Steps>
</Process>
