<?xml version="1.0" encoding="UTF-8" ?>

<!--======  Integration  XML ======-->
<!-- <!DOCTYPE Process SYSTEM "DJProcess.dtd"> -->
<Process schemaVersion = "1.2" rootlocation = "C:\DataConnect_Workspaces\All Djar List 9.2 version_std\All Djar List 9.2 version_std\All Djar List 9.2 version\New bussiness ETL\TitaniumFullCyclePostProcess.4.5\TitaniumFullCycle\Processes" name = "TitaniumFullCycleConsumerUpdate.ip.xml" creator = "Don" datecreated = "2008-08-20T14:32:05Z" author = "HCLTECH\saravanan_s" datemodified = "2023-05-17T11:59:23.5417791+05:30" version = "1.10" maxconcurrentthreads = "1">
  <PresentationInfo><![CDATA[{
  "zoom" : 100,
  "canvas_width" : 1000.0,
  "canvas_height" : 1000.0,
  "canvas_unit" : "px",
  "canvas_color" : 16777215,
  "grid_visible" : true,
  "grid_spacing" : 50.0,
  "snap_to_grid" : true,
  "steps" : {
    "Start" : {
      "x" : 113.0,
      "y" : 12.0,
      "z" : 0.0,
      "width" : 42.0,
      "height" : 67.0
    },
    "Stop" : {
      "x" : 576.0,
      "y" : 408.0,
      "z" : 0.0,
      "width" : 42.0,
      "height" : 67.0
    },
    "Consumer Update" : {
      "x" : 576.0,
      "y" : 42.0,
      "z" : 0.0,
      "width" : 146.0,
      "height" : 67.0
    },
    "SQL to update Consumer Info" : {
      "x" : 60.0,
      "y" : 360.0,
      "z" : 0.0,
      "width" : 235.0,
      "height" : 67.0
    },
    "Run Consumer Update ETL?" : {
      "x" : 192.0,
      "y" : 42.0,
      "z" : 0.0,
      "width" : 221.0,
      "height" : 67.0
    },
    "Run Consumer Update SQL?" : {
      "x" : 864.0,
      "y" : 144.0,
      "z" : 0.0,
      "width" : 227.0,
      "height" : 67.0
    }
  },
  "annotations" : [ ],
  "links" : [ {
    "source" : "Start",
    "target" : "Run Consumer Update ETL?",
    "data" : "113,12 192,42",
    "z" : 0.0
  }, {
    "source" : "Run Consumer Update ETL?",
    "target" : "SQL to update Consumer Info",
    "condition" : true,
    "data" : "192,42 60,360",
    "z" : 0.0
  }, {
    "source" : "SQL to update Consumer Info",
    "target" : "Stop",
    "data" : "60,360 576,408",
    "z" : 0.0
  }, {
    "source" : "Run Consumer Update ETL?",
    "target" : "Stop",
    "condition" : false,
    "data" : "192,42 576,408",
    "z" : 0.0
  }, {
    "source" : "Run Consumer Update SQL?",
    "target" : "Stop",
    "condition" : false,
    "data" : "864,144 576,408",
    "z" : 0.0
  }, {
    "source" : "Run Consumer Update SQL?",
    "target" : "Consumer Update",
    "condition" : true,
    "data" : "864,144 576,42",
    "z" : 0.0
  }, {
    "source" : "Consumer Update",
    "target" : "Stop",
    "data" : "576,42 576,408",
    "z" : 0.0
  } ],
  "divider_y" : 0,
  "palette_x" : 0,
  "palette_y" : 0
}]]></PresentationInfo>
  <LogManager loglocation = "C:\Program Files\Pervasive\Cosmos\Common800\log\TitaniumFullCycleConsumerUpdate.log" messagetypemask = "15"/>
  <ProfileManager enabled = "False" outputfile = "C:\DataConnect_Workspaces\All Djar List 9.2 version_std\All Djar List 9.2 version_std\All Djar List 9.2 version\New bussiness ETL\TitaniumFullCyclePostProcess.4.5\TitaniumFullCycle\Processes\Execution Profiles\profile.out" filter = "65535"/>
  <ProcessOptions>
    <Option name = "logging" value = "True"/>
    <Option name = "clearlog" value = "False"/>
    <Option name = "breakonerror" value = "True"/>
    <Option name = "useeventlog" value = "False"/>
  </ProcessOptions>
  <Sessions>
    <Session name = "SQLServer2000MassInsert-1" type = "SQL Server 2000 Mass Insert" server = "$(SQLSERVER)" resourcemanager = "$(DBNAME)" userid = "$(DBUSERNAME)" transactionindicator = "False">
      <Password><![CDATA[AQBBAKQAwABhAHAAegA5APkA+AC9AF0ALAAGAJYA]]></Password>
      <SessionOptions/>
    </Session>
  </Sessions>
  <Steps>
    <Step name = "Start" type = "Start"/>
    <Step name = "Stop" type = "Stop">
      <Predecessors>
        <Predecessor name = "SQL to update Consumer Info" condition = "Unconditional"/>
        <Predecessor name = "Run Consumer Update ETL?" condition = "False"/>
        <Predecessor name = "Run Consumer Update SQL?" condition = "False"/>
        <Predecessor name = "Consumer Update" condition = "Unconditional"/>
      </Predecessors>
    </Step>
    <Step name = "Consumer Update" type = "Transformation" location = "C:\DataConnect_Workspaces\All Djar List 9.2 version_std\All Djar List 9.2 version_std\All Djar List 9.2 version\New bussiness ETL\TitaniumFullCyclePostProcess.4.5\TitaniumFullCycle\Maps" processname = "..\Maps\TitaniumFullCycleConsumerUpdate.map.xml" targetsession = "SQLServer2000MassInsert-1" copytransformationfile = "False">
      <Predecessors>
        <Predecessor name = "Run Consumer Update SQL?" condition = "True"/>
      </Predecessors>
    </Step>
    <Step name = "SQL to update Consumer Info" type = "SQL" location = "$(SQLDIR)\TitaniumFullCycleConsumerUpdate.sql" sqlsession = "SQLServer2000MassInsert-1">
      <Predecessors>
        <Predecessor name = "Run Consumer Update ETL?" condition = "True"/>
      </Predecessors>
    </Step>
    <Step name = "Run Consumer Update ETL?" type = "Decision">
      <Expression><![CDATA[if (MacroValue("RUN_CONSUMER_UPDATE") == "Y") then

	true
	
else

	false
	
end if]]></Expression>
      <Predecessors>
        <Predecessor name = "Start" condition = "Unconditional"/>
      </Predecessors>
    </Step>
    <Step name = "Run Consumer Update SQL?" type = "Decision">
      <Expression><![CDATA[if (MacroValue("RUN_CONSUMER_UPDATE_SQL") == "Y") then

	true
	
else

	false
	
end if]]></Expression>
    </Step>
  </Steps>
</Process>