<?xml version="1.0" encoding="UTF-8"?>
<!--======  Integration  XML ======-->
<!-- <!DOCTYPE Process SYSTEM "DJProcess.dtd"> -->
<Process author="Don" creator="Don" datecreated="2011-07-28T14:59:12Z"
    datemodified="2011-07-28T15:01:25Z" maxconcurrentthreads="1"
    name="TitaniumFullCycleAttachConsumers.ip.xml" schemaVersion="1.2"
        version="1.1">
  
  <LogManager
        loglocation="C:\Documents and Settings\Don\Pervasive\Logs\ProcessDesigner\TitaniumFullCycleAttachConsumers.log"
            messagetypemask="15"/>
  <ProcessOptions>
    <Option
            name="logging" value="True"/>
    <Option name="clearlog"
            value="False"/>
    <Option name="breakonerror"
            value="True"/>
    <Option name="useeventlog"
            value="False"/>
  </ProcessOptions>
  <Sessions>
    <Session
            name="SQLServer2005MassInsert-1" resourcemanager="$(DBNAME)"
            server="$(SQLSERVER)" transactionindicator="False"
            type="SQL Server 2005 Mass Insert"
            userid="$(DBUSERNAME)">
      <Password><![CDATA[AQBBAKQAwABhAHAAegA5APkA+AC9AF0ALAAGAJYA]]></Password>
      <SessionOptions/>
    </Session>
  </Sessions>
  <Steps>
    <Step
            location="" name="Start" type="Start"/>
    <Step
            location="" name="Stop"
                    type="Stop">
      <Predecessors>
        <Predecessor
                    condition="False"
                    name="Run Attach Consumers?"/>
        <Predecessor
                    condition="False"
                    name="Run Attach Consumers SQL?"/>
        <Predecessor
                    condition="Unconditional"
            name="Run Attach Consumers SQL"/>
      </Predecessors>
    </Step>
    <Step
            name="Run Attach Consumers?"
                    type="Decision">
      <Expression><![CDATA[if (MacroValue("RUN_ATTACH_CONSUMER") == "Y") then

	true
	
else

	false
	
end if]]></Expression>
      <Predecessors>
        <Predecessor
                    condition="Unconditional"
            name="Start"/>
      </Predecessors>
    </Step>
    <Step
            copytransformationfile="False" location=""
            name="Run Attach Consumers to Staging"
            processname="../Maps/TitaniumFullCycleAttachConsumers.map.xml"
            targetsession="SQLServer2005MassInsert-1"
                    type="Transformation">
      <Predecessors>
        <Predecessor
                    condition="True"
            name="Run Attach Consumers?"/>
      </Predecessors>
    </Step>
    <Step
            name="Run Attach Consumers SQL?"
                    type="Decision">
      <Expression><![CDATA[if (MacroValue("RUN_ATTACH_CONSUMER_SQL") == "Y") then

	true
	
else

	false
	
end if]]></Expression>
      <Predecessors>
        <Predecessor
                    condition="Unconditional"
            name="Run Attach Consumers to Staging"/>
      </Predecessors>
    </Step>
    <Step
            location="$(SQLDIR)\TitaniumFullCycleAttachConsumers.sql"
            name="Run Attach Consumers SQL"
            sqlsession="SQLServer2005MassInsert-1"
                    type="SQL">
      <Predecessors>
        <Predecessor
                    condition="True" name="Run Attach Consumers SQL?"/>
      </Predecessors>
    </Step>
  </Steps>
</Process>
