<?xml version="1.0" encoding="UTF-8"?>
<!--======  Integration  XML ======-->
<!-- <!DOCTYPE Process SYSTEM "DJProcess.dtd"> -->
<Process author="Don" creator="Don" datecreated="2010-07-13T14:39:15Z"
    datemodified="2010-07-13T14:41:32Z" maxconcurrentthreads="1"
    name="TitaniumFullCycleAccountNote.ip.xml" schemaVersion="1.2"
        version="1.1">
  
  <LogManager
        loglocation="C:\Documents and Settings\Don\Pervasive\Logs\ProcessDesigner\TitaniumFullCycleAccountNote.log"
            messagetypemask="15"/>
  <ProcessOptions>
    <Option
            name="logging" value="True"/>
    <Option name="clearlog"
            value="False"/>
    <Option name="breakonerror"
            value="True"/>
    <Option name="useeventlog"
            value="False"/>
  </ProcessOptions>
  <Sessions>
    <Session
            name="SQLServer2000MassInsert-1" resourcemanager="$(DBNAME)"
            server="$(SQLSERVER)" transactionindicator="False"
            type="SQL Server 2000 Mass Insert"
            userid="$(DBUSERNAME)">
      <Password><![CDATA[AQBBAKQAwABhAHAAegA5APkA+AC9AF0ALAAGAJYA]]></Password>
      <SessionOptions/>
    </Session>
  </Sessions>
  <Steps>
    <Step
            location="" name="Start" type="Start"/>
    <Step
            location="" name="Stop"
                    type="Stop">
      <Predecessors>
        <Predecessor
                    condition="False"
                    name="Run Account Notes?"/>
        <Predecessor
                    condition="False"
                    name="Run Account Notes SQL?"/>
        <Predecessor
                    condition="Unconditional"
            name="Account notes Sql"/>
      </Predecessors>
    </Step>
    <Step
            name="Run Account Notes?"
                    type="Decision">
      <Expression><![CDATA[if (MacroValue("RUN_ACCOUNT_NOTES") == "Y") then

	true
	
else

	false
	
end if]]></Expression>
      <Predecessors>
        <Predecessor
                    condition="Unconditional"
            name="Start"/>
      </Predecessors>
    </Step>
    <Step
            copytransformationfile="False" location=""
            name="Account notes staging"
            processname="../Maps/TitaniumFullCycleAccountNote.map.xml"
            targetsession="SQLServer2000MassInsert-1"
                    type="Transformation">
      <Predecessors>
        <Predecessor
                    condition="True"
            name="Run Account Notes?"/>
      </Predecessors>
    </Step>
    <Step
            name="Run Account Notes SQL?"
                    type="Decision">
      <Expression><![CDATA[if (MacroValue("RUN_ACCOUNT_NOTES_SQL") == "Y") then

	true
	
else

	false
	
end if]]></Expression>
      <Predecessors>
        <Predecessor
                    condition="Unconditional"
            name="Account notes staging"/>
      </Predecessors>
    </Step>
    <Step
            location="$(SQLDIR)\TitaniumFullCycleAccountNote.sql"
            name="Account notes Sql"
            sqlsession="SQLServer2000MassInsert-1"
                    type="SQL">
      <Predecessors>
        <Predecessor
                    condition="True" name="Run Account Notes SQL?"/>
      </Predecessors>
    </Step>
  </Steps>
</Process>
