<?xml version="1.0" encoding="UTF-8"?>
<!--======  Integration  XML ======-->
<!-- <!DOCTYPE Process SYSTEM "DJProcess.dtd"> -->
<Process author="Don" creator="Don" datecreated="2011-03-04T19:35:28Z"
    datemodified="2011-03-17T14:08:00Z" maxconcurrentthreads="1"
    name="TitaniumFullCycleAddressHistory.ip.xml" schemaVersion="1.2"
        version="1.4">
  
  <LogManager
        loglocation="C:\Documents and Settings\Don\Pervasive\Logs\ProcessDesigner\TitaniumFullCycleAddressHistory.log"
            messagetypemask="15"/>
  <ProcessOptions>
    <Option
            name="logging" value="True"/>
    <Option name="clearlog"
            value="False"/>
    <Option name="breakonerror"
            value="True"/>
    <Option name="useeventlog"
            value="False"/>
  </ProcessOptions>
  <Sessions>
    <Session
            name="SQLServer2005MassInsert-1" resourcemanager="$(DBNAME)"
            server="$(SQLSERVER)" transactionindicator="False"
            type="SQL Server 2005 Mass Insert"
            userid="$(DBUSERNAME)">
      <Password><![CDATA[AQBBAKQAwABhAHAAegA5APkA+AC9AF0ALAAGAJYA]]></Password>
      <SessionOptions/>
    </Session>
  </Sessions>
  <Steps>
    <Step
            location="" name="Start" type="Start"/>
    <Step
            location="" name="Stop"
                    type="Stop">
      <Predecessors>
        <Predecessor
                    condition="False"
                    name="Run Address History"/>
        <Predecessor
                    condition="False"
                    name="Run Address History SQL"/>
        <Predecessor
                    condition="Unconditional"
            name="Push Address History In"/>
      </Predecessors>
    </Step>
    <Step
            name="Run Address History"
                    type="Decision">
      <Expression><![CDATA[if (MacroValue("RUN_ADDRESS_HISTORY") == "Y") then

	true
	
else

	false
	
end if]]></Expression>
      <Predecessors>
        <Predecessor
                    condition="Unconditional"
            name="Start"/>
      </Predecessors>
    </Step>
    <Step
            copytransformationfile="False" location=""
            name="Stage Address History Data"
            processname="../Maps/TitaniumFullCycleAddressHistory.map.xml"
            targetsession="SQLServer2005MassInsert-1"
                    type="Transformation">
      <Predecessors>
        <Predecessor
                    condition="True"
            name="Run Address History"/>
      </Predecessors>
    </Step>
    <Step
            name="Run Address History SQL"
                    type="Decision">
      <Expression><![CDATA[if (MacroValue("RUN_ADDRESS_HISTORY_SQL") == "Y") then

	true
	
else

	false
	
end if]]></Expression>
      <Predecessors>
        <Predecessor
                    condition="Unconditional"
            name="Stage Address History Data"/>
      </Predecessors>
    </Step>
    <Step
            location="$(SQLDIR)\TitaniumFullCycleAddressHistory.sql"
            name="Push Address History In"
            sqlsession="SQLServer2005MassInsert-1"
                    type="SQL">
      <Predecessors>
        <Predecessor
                    condition="True" name="Run Address History SQL"/>
      </Predecessors>
    </Step>
  </Steps>
</Process>
