<?xml version="1.0" encoding="UTF-8"?>
<!--======  Integration  XML ======-->
<!-- <!DOCTYPE Process SYSTEM "DJProcess.dtd"> -->
<Process author="Don" creator="Don" datecreated="2011-02-14T21:12:10Z"
    datemodified="2011-02-14T21:15:51Z" maxconcurrentthreads="1"
    name="TitaniumFullCycleAccountEffectiveInterest.ip.xml"
    schemaVersion="1.2" version="1.1">
  
  <LogManager
        loglocation="C:\Documents and Settings\Don\Pervasive\Logs\ProcessDesigner\TitaniumFullCycleAccountEffectiveInterest.log"
            messagetypemask="15"/>
  <ProcessOptions>
    <Option
            name="logging" value="True"/>
    <Option name="clearlog"
            value="False"/>
    <Option name="breakonerror"
            value="True"/>
    <Option name="useeventlog"
            value="False"/>
  </ProcessOptions>
  <Sessions>
    <Session
            name="SQLServer2005MassInsert-1" resourcemanager="$(DBNAME)"
            server="$(SQLSERVER)" transactionindicator="False"
            type="SQL Server 2005 Mass Insert"
            userid="$(DBUSERNAME)">
      <Password><![CDATA[AQBBAKQAwABhAHAAegA5APkA+AC9AF0ALAAGAJYA]]></Password>
      <SessionOptions/>
    </Session>
  </Sessions>
  <Steps>
    <Step
            location="" name="Start" type="Start"/>
    <Step
            location="" name="Stop"
                    type="Stop">
      <Predecessors>
        <Predecessor
                    condition="False"
                    name="Run Account Effective Interest SQL?"/>
        <Predecessor
                    condition="False"
                    name="Run Account Effective Interest?"/>
        <Predecessor
                    condition="Unconditional"
            name="Push Effective Interest into Database"/>
      </Predecessors>
    </Step>
    <Step
            name="Run Account Effective Interest?"
                    type="Decision">
      <Expression><![CDATA[if (MacroValue("RUN_ACCOUNT_EFFECTIVE_INTEREST") == "Y") then

	true
	
else

	false
	
end if]]></Expression>
      <Predecessors>
        <Predecessor
                    condition="Unconditional"
            name="Start"/>
      </Predecessors>
    </Step>
    <Step
            copytransformationfile="False" location=""
            name="Push Account Effective Interest info into Staging"
            processname="../Maps/TitaniumFullCycleAccountEffectiveInterest.map.xml"
            targetsession="SQLServer2005MassInsert-1"
                    type="Transformation">
      <Predecessors>
        <Predecessor
                    condition="True"
            name="Run Account Effective Interest?"/>
      </Predecessors>
    </Step>
    <Step
            name="Run Account Effective Interest SQL?"
                    type="Decision">
      <Expression><![CDATA[if (MacroValue("RUN_ACCOUNT_EFFECTIVE_INTEREST_SQL") == "Y") then

	true
	
else

	false
	
end if]]></Expression>
      <Predecessors>
        <Predecessor
                    condition="Unconditional"
            name="Push Account Effective Interest info into Staging"/>
      </Predecessors>
    </Step>
    <Step
            location="$(SQLDIR)\TitaniumFullCycleAccountEffectiveInterest.sql"
            name="Push Effective Interest into Database"
            sqlsession="SQLServer2005MassInsert-1"
                    type="SQL">
      <Predecessors>
        <Predecessor
                    condition="True" name="Run Account Effective Interest SQL?"/>
      </Predecessors>
    </Step>
  </Steps>
</Process>
