<?xml version="1.0" encoding="UTF-8"?>
<!--======  Integration  XML ======-->
<!-- <!DOCTYPE Process SYSTEM "DJProcess.dtd"> -->
<Process author="Don" creator="Don" datecreated="2011-03-24T18:45:11Z"
    datemodified="2011-09-07T14:01:29Z" maxconcurrentthreads="1"
    name="TitaniumFullCycleNoticePendingAndHistory.ip.xml"
    schemaVersion="1.2" version="1.2">
  
  <LogManager
        loglocation="C:\Documents and Settings\Don\Pervasive\Logs\ProcessDesigner\TitaniumFullCycleNoticePendingAndHistory.log"
            messagetypemask="15"/>
  <ProcessOptions>
    <Option
            name="logging" value="True"/>
    <Option name="clearlog"
            value="False"/>
    <Option name="breakonerror"
            value="True"/>
    <Option name="useeventlog"
            value="False"/>
  </ProcessOptions>
  <Sessions>
    <Session
            name="SQLServer2005MassInsert-1" resourcemanager="$(DBNAME)"
            server="$(SQLSERVER)" transactionindicator="False"
            type="SQL Server 2005 Mass Insert"
            userid="$(DBUSERNAME)">
      <Password><![CDATA[AQBBAKQAwABhAHAAegA5APkA+AC9AF0ALAAGAJYA]]></Password>
      <SessionOptions/>
    </Session>
  </Sessions>
  <Steps>
    <Step
            location="" name="Start" type="Start"/>
    <Step
            location="" name="Stop"
                    type="Stop">
      <Predecessors>
        <Predecessor
                    condition="Unconditional"
                    name="Insert notice history"/>
        <Predecessor
                    condition="False"
                    name="Run Notice History?"/>
        <Predecessor
                    condition="False"
            name="Run Notice History SQL"/>
      </Predecessors>
    </Step>
    <Step
            name="Run Notice History?"
                    type="Decision">
      <Expression><![CDATA[if (MacroValue("RUN_NOTICE_HISTORY") == "Y") then

	true
	
else

	false
	
end if]]></Expression>
      <Predecessors>
        <Predecessor
                    condition="Unconditional"
            name="Start"/>
      </Predecessors>
    </Step>
    <Step
            copytransformationfile="False" location=""
            name="Stage Notice History"
            processname="../Maps/TitaniumFullCycleNoticePendingAndHistory.map.xml"
            targetsession="SQLServer2005MassInsert-1"
                    type="Transformation">
      <Predecessors>
        <Predecessor
                    condition="True"
            name="Run Notice History?"/>
      </Predecessors>
    </Step>
    <Step
            name="Run Notice History SQL"
                    type="Decision">
      <Expression><![CDATA[if (MacroValue("RUN_NOTICE_HISTORY_SQL") == "Y") then

	true
	
else

	false
	
end if]]></Expression>
      <Predecessors>
        <Predecessor
                    condition="Unconditional"
            name="Stage Notice History"/>
      </Predecessors>
    </Step>
    <Step
            location="$(SQLDIR)\TitaniumFullCycleNoticePendingAndHistoryNEW.sql"
            name="Insert notice history"
            sqlsession="SQLServer2005MassInsert-1"
                    type="SQL">
      <Predecessors>
        <Predecessor
                    condition="True" name="Run Notice History SQL"/>
      </Predecessors>
    </Step>
  </Steps>
</Process>
