<?xml version="1.0" encoding="UTF-8" ?>

<!--======  Integration  XML ======-->
<!-- <!DOCTYPE Process SYSTEM "DJProcess.dtd"> -->
<Process schemaVersion = "1.2" rootlocation = "C:\DataConnect_Workspaces\All Djar List 9.2 version_std\All Djar List 9.2 version_std\All Djar List 9.2 version\New bussiness ETL\TitaniumFullCyclePostProcess.4.5\TitaniumFullCycle\Processes" name = "TitaniumFullCycleJointOwner.ip.xml" creator = "Don" datecreated = "2008-11-03T15:38:10Z" author = "HCLTECH\saravanan_s" datemodified = "2023-05-17T11:18:04.3623152+05:30" version = "1.5" maxconcurrentthreads = "1">
  <PresentationInfo><![CDATA[{
  "zoom" : 100,
  "canvas_width" : 1000.0,
  "canvas_height" : 1000.0,
  "canvas_unit" : "px",
  "canvas_color" : 16777215,
  "grid_visible" : true,
  "grid_spacing" : 50.0,
  "snap_to_grid" : true,
  "steps" : {
    "Start" : {
      "x" : 48.0,
      "y" : 114.0,
      "z" : 0.0,
      "width" : 42.0,
      "height" : 67.0
    },
    "Stop" : {
      "x" : 456.0,
      "y" : 336.0,
      "z" : 0.0,
      "width" : 42.0,
      "height" : 67.0
    },
    "Load Joint Owner Records into Staging" : {
      "x" : 420.0,
      "y" : 114.0,
      "z" : 0.0,
      "width" : 225.0,
      "height" : 67.0
    },
    "SQL for Joint Owners" : {
      "x" : 672.0,
      "y" : 348.0,
      "z" : 0.0,
      "width" : 169.0,
      "height" : 67.0
    },
    "Run Joint Owners" : {
      "x" : 216.0,
      "y" : 114.0,
      "z" : 0.0,
      "width" : 140.0,
      "height" : 67.0
    },
    "Run Joint Owner SQL" : {
      "x" : 768.0,
      "y" : 114.0,
      "z" : 0.0,
      "width" : 169.0,
      "height" : 67.0
    }
  },
  "annotations" : [ ],
  "links" : [ {
    "source" : "Run Joint Owners",
    "target" : "Stop",
    "condition" : false,
    "data" : "216,114 456,336",
    "z" : 0.0
  }, {
    "source" : "Run Joint Owner SQL",
    "target" : "Stop",
    "condition" : false,
    "data" : "768,114 456,336",
    "z" : 0.0
  }, {
    "source" : "SQL for Joint Owners",
    "target" : "Stop",
    "data" : "672,348 456,336",
    "z" : 0.0
  }, {
    "source" : "Run Joint Owners",
    "target" : "Load Joint Owner Records into Staging",
    "condition" : true,
    "data" : "216,114 420,114",
    "z" : 0.0
  }, {
    "source" : "Run Joint Owner SQL",
    "target" : "SQL for Joint Owners",
    "condition" : true,
    "data" : "768,114 672,348",
    "z" : 0.0
  }, {
    "source" : "Start",
    "target" : "Run Joint Owners",
    "data" : "48,114 216,114",
    "z" : 0.0
  }, {
    "source" : "Load Joint Owner Records into Staging",
    "target" : "Run Joint Owner SQL",
    "data" : "420,114 768,114",
    "z" : 0.0
  } ],
  "divider_y" : 0,
  "palette_x" : 0,
  "palette_y" : 0
}]]></PresentationInfo>
  <LogManager loglocation = "C:\Documents and Settings\Don\Pervasive\Logs\ProcessDesigner\TitaniumFullCycleJointOwner.log" messagetypemask = "15"/>
  <ProfileManager enabled = "False" outputfile = "C:\DataConnect_Workspaces\All Djar List 9.2 version_std\All Djar List 9.2 version_std\All Djar List 9.2 version\New bussiness ETL\TitaniumFullCyclePostProcess.4.5\TitaniumFullCycle\Processes\Execution Profiles\profile.out" filter = "65535"/>
  <ProcessOptions>
    <Option name = "logging" value = "True"/>
    <Option name = "clearlog" value = "False"/>
    <Option name = "breakonerror" value = "True"/>
    <Option name = "useeventlog" value = "False"/>
  </ProcessOptions>
  <Sessions>
    <Session name = "SQLServer2005-1" type = "SQL Server 2005" server = "$(SQLSERVER)" resourcemanager = "$(DBNAME)" userid = "$(DBUSERNAME)" transactionindicator = "False">
      <Password><![CDATA[AQBBAKQAwABhAHAAegA5APkA+AC9AF0ALAAGAJYA]]></Password>
      <SessionOptions/>
    </Session>
  </Sessions>
  <Steps>
    <Step name = "Start" type = "Start"/>
    <Step name = "Stop" type = "Stop">
      <Predecessors>
        <Predecessor name = "Run Joint Owners" condition = "False"/>
        <Predecessor name = "Run Joint Owner SQL" condition = "False"/>
        <Predecessor name = "SQL for Joint Owners" condition = "Unconditional"/>
      </Predecessors>
    </Step>
    <Step name = "Load Joint Owner Records into Staging" type = "Transformation" location = "C:\DataConnect_Workspaces\All Djar List 9.2 version_std\All Djar List 9.2 version_std\All Djar List 9.2 version\New bussiness ETL\TitaniumFullCyclePostProcess.4.5\TitaniumFullCycle\Maps" processname = "..\Maps\TitaniumFullCycleJointOwner.map.xml" targetsession = "SQLServer2005-1" copytransformationfile = "False">
      <Predecessors>
        <Predecessor name = "Run Joint Owners" condition = "True"/>
      </Predecessors>
    </Step>
    <Step name = "SQL for Joint Owners" type = "SQL" location = "$(SQLDIR)\TitaniumFullCycleJointOwner.sql" sqlsession = "SQLServer2005-1">
      <Predecessors>
        <Predecessor name = "Run Joint Owner SQL" condition = "True"/>
      </Predecessors>
    </Step>
    <Step name = "Run Joint Owners" type = "Decision">
      <Expression><![CDATA[if (MacroValue("RUN_JOINT_OWNER") == "Y") then

	true
	
else

	false
	
end if]]></Expression>
      <Predecessors>
        <Predecessor name = "Start" condition = "Unconditional"/>
      </Predecessors>
    </Step>
    <Step name = "Run Joint Owner SQL" type = "Decision">
      <Expression><![CDATA[if (MacroValue("RUN_JOINT_OWNER_SQL") == "Y") then

	true
	
else

	false
	
end if]]></Expression>
      <Predecessors>
        <Predecessor name = "Load Joint Owner Records into Staging" condition = "Unconditional"/>
      </Predecessors>
    </Step>
  </Steps>
</Process>