<?xml version="1.0" encoding="UTF-8" ?>

<!--======  Integration  XML ======-->
<!-- <!DOCTYPE Process SYSTEM "DJProcess.dtd"> -->
<Process schemaVersion = "1.2" rootlocation = "C:\DataConnect_Workspaces\All Djar List 9.2 version_std\All Djar List 9.2 version_std\All Djar List 9.2 version\New bussiness ETL\TitaniumFullCyclePostProcess.4.5\TitaniumFullCycle\Processes" name = "TitaniumFullCycleImages.ip.xml" creator = "Don" datecreated = "2012-01-03T18:00:38Z" author = "HCLTECH\saravanan_s" datemodified = "2023-05-17T11:30:29.4766127+05:30" version = "1.2" maxconcurrentthreads = "1">
  <PresentationInfo><![CDATA[{
  "zoom" : 100,
  "canvas_width" : 1000.0,
  "canvas_height" : 1000.0,
  "canvas_unit" : "px",
  "canvas_color" : 16777215,
  "grid_visible" : true,
  "grid_spacing" : 50.0,
  "snap_to_grid" : true,
  "steps" : {
    "Start" : {
      "x" : 12.0,
      "y" : 168.0,
      "z" : 0.0,
      "width" : 42.0,
      "height" : 67.0
    },
    "Stop" : {
      "x" : 804.0,
      "y" : 60.0,
      "z" : 0.0,
      "width" : 42.0,
      "height" : 67.0
    },
    "RUN_IMAGES?" : {
      "x" : 216.0,
      "y" : 156.0,
      "z" : 0.0,
      "width" : 117.0,
      "height" : 67.0
    },
    "Load Image Info to Staging Table" : {
      "x" : 164.0,
      "y" : 312.0,
      "z" : 0.0,
      "width" : 221.0,
      "height" : 67.0
    },
    "RUN_IMAGES_SQL" : {
      "x" : 468.0,
      "y" : 300.0,
      "z" : 0.0,
      "width" : 148.0,
      "height" : 67.0
    },
    "Insert Image Info to Main Tables" : {
      "x" : 717.0,
      "y" : 408.0,
      "z" : 0.0,
      "width" : 216.0,
      "height" : 67.0
    }
  },
  "annotations" : [ ],
  "links" : [ {
    "source" : "RUN_IMAGES_SQL",
    "target" : "Insert Image Info to Main Tables",
    "condition" : true,
    "data" : "468,300 717,408",
    "z" : 0.0
  }, {
    "source" : "Load Image Info to Staging Table",
    "target" : "RUN_IMAGES_SQL",
    "data" : "164,312 468,300",
    "z" : 0.0
  }, {
    "source" : "RUN_IMAGES?",
    "target" : "Load Image Info to Staging Table",
    "condition" : true,
    "data" : "216,156 164,312",
    "z" : 0.0
  }, {
    "source" : "Start",
    "target" : "RUN_IMAGES?",
    "data" : "12,168 216,156",
    "z" : 0.0
  }, {
    "source" : "RUN_IMAGES_SQL",
    "target" : "Stop",
    "condition" : false,
    "data" : "468,300 804,60",
    "z" : 0.0
  }, {
    "source" : "RUN_IMAGES?",
    "target" : "Stop",
    "condition" : true,
    "data" : "216,156 804,60",
    "z" : 0.0
  }, {
    "source" : "Insert Image Info to Main Tables",
    "target" : "Stop",
    "data" : "717,408 804,60",
    "z" : 0.0
  } ],
  "divider_y" : 0,
  "palette_x" : 0,
  "palette_y" : 0
}]]></PresentationInfo>
  <LogManager loglocation = "C:\Documents and Settings\Don\Pervasive\Logs\ProcessDesigner\TitaniumFullCycleImages.log" messagetypemask = "15"/>
  <ProfileManager enabled = "False" outputfile = "C:\DataConnect_Workspaces\All Djar List 9.2 version_std\All Djar List 9.2 version_std\All Djar List 9.2 version\New bussiness ETL\TitaniumFullCyclePostProcess.4.5\TitaniumFullCycle\Processes\Execution Profiles\profile.out" filter = "65535"/>
  <ProcessOptions>
    <Option name = "logging" value = "True"/>
    <Option name = "clearlog" value = "False"/>
    <Option name = "breakonerror" value = "True"/>
    <Option name = "useeventlog" value = "False"/>
  </ProcessOptions>
  <Sessions>
    <Session name = "SQLServer2005MassInsert-1" type = "SQL Server 2005 Mass Insert" server = "$(SQLSERVER)" resourcemanager = "$(DBNAME)" userid = "$(DBUSERNAME)" transactionindicator = "False">
      <Password><![CDATA[AQBBAKQAwABhAHAAegA5APkA+AC9AF0ALAAGAJYA]]></Password>
      <SessionOptions/>
    </Session>
  </Sessions>
  <Steps>
    <Step name = "Start" type = "Start"/>
    <Step name = "Stop" type = "Stop">
      <Predecessors>
        <Predecessor name = "RUN_IMAGES_SQL" condition = "False"/>
        <Predecessor name = "RUN_IMAGES?" condition = "True"/>
        <Predecessor name = "Insert Image Info to Main Tables" condition = "Unconditional"/>
      </Predecessors>
    </Step>
    <Step name = "RUN_IMAGES?" type = "Decision">
      <Expression><![CDATA[if (MacroValue("RUN_IMAGES") == "Y") then

	true
	
else

	false
	
end if]]></Expression>
      <Predecessors>
        <Predecessor name = "Start" condition = "Unconditional"/>
      </Predecessors>
    </Step>
    <Step name = "Load Image Info to Staging Table" type = "Transformation" location = "C:\DataConnect_Workspaces\All Djar List 9.2 version_std\All Djar List 9.2 version_std\All Djar List 9.2 version\New bussiness ETL\TitaniumFullCyclePostProcess.4.5\TitaniumFullCycle\Maps" processname = "..\Maps\TitaniumFullCycleImages.map.xml" targetsession = "SQLServer2005MassInsert-1" copytransformationfile = "False">
      <Predecessors>
        <Predecessor name = "RUN_IMAGES?" condition = "True"/>
      </Predecessors>
    </Step>
    <Step name = "RUN_IMAGES_SQL" type = "Decision">
      <Expression><![CDATA[if (MacroValue("RUN_IMAGES_SQL") == "Y") then

	true
	
else

	false
	
end if]]></Expression>
      <Predecessors>
        <Predecessor name = "Load Image Info to Staging Table" condition = "Unconditional"/>
      </Predecessors>
    </Step>
    <Step name = "Insert Image Info to Main Tables" type = "SQL" location = "$(SQLDIR)\TitaniumFullCycleImages.sql" sqlsession = "SQLServer2005MassInsert-1">
      <Predecessors>
        <Predecessor name = "RUN_IMAGES_SQL" condition = "True"/>
      </Predecessors>
    </Step>
  </Steps>
</Process>