<?xml version="1.0" encoding="UTF-8"?>
<!--======  Integration  XML ======-->
<!-- <!DOCTYPE Process SYSTEM "DJProcess.dtd"> -->
<Process author="Don" creator="Don" datecreated="2009-03-12T20:06:32Z"
    datemodified="2010-07-13T14:44:26Z" maxconcurrentthreads="1"
    name="TitaniumFullCycleConsumerCustomPage.ip.xml"
    schemaVersion="1.2" version="1.5">
  
  <LogManager
        loglocation="C:\Program Files\Pervasive\Cosmos\Common800\log\TitaniumFullCycleConsumerCustomPage.log"
            messagetypemask="15"/>
  <ProcessOptions>
    <Option
            name="logging" value="True"/>
    <Option name="clearlog"
            value="False"/>
    <Option name="breakonerror"
            value="True"/>
    <Option name="useeventlog"
            value="False"/>
  </ProcessOptions>
  <Sessions>
    <Session
            name="SQLServer2000MassInsert-1" resourcemanager="$(DBNAME)"
            server="$(SQLSERVER)" transactionindicator="False"
            type="SQL Server 2000 Mass Insert"
            userid="$(DBUSERNAME)">
      <Password><![CDATA[AQBBAKQAwABhAHAAegA5APkA+AC9AF0ALAAGAJYA]]></Password>
      <SessionOptions/>
    </Session>
  </Sessions>
  <Steps>
    <Step
            location="" name="Start" type="Start"/>
    <Step
            location="" name="Stop"
                    type="Stop">
      <Predecessors>
        <Predecessor
                    condition="Unconditional"
                    name="Insert Consumer Custom Page"/>
        <Predecessor
                    condition="False"
                    name="Run Consumer UDP?"/>
        <Predecessor
                    condition="False"
            name="Run Consumer UDP Sql?"/>
      </Predecessors>
    </Step>
    <Step
            copytransformationfile="False" location=""
            name="Consumer Custom Page Staging"
            processname="../Maps/TitaniumFullCycleConsumerCustomPage.map.xml"
            targetsession="SQLServer2000MassInsert-1"
                    type="Transformation">
      <Description><![CDATA[Put record type 15 into staging table for loading.]]></Description>
      <Predecessors>
        <Predecessor
                    condition="True"
            name="Run Consumer UDP?"/>
      </Predecessors>
    </Step>
    <Step
            location="$(SQLDIR)\TitaniumFullCycleConsumerCustomPage.sql"
            name="Insert Consumer Custom Page"
            sqlsession="SQLServer2000MassInsert-1"
                    type="SQL">
      <Description><![CDATA[Insert consumer custom pages from staging table]]></Description>
      <Predecessors>
        <Predecessor
                    condition="True"
            name="Run Consumer UDP Sql?"/>
      </Predecessors>
    </Step>
    <Step
            name="Run Consumer UDP?"
                    type="Decision">
      <Expression><![CDATA[if (MacroValue("RUN_CONSUMER_UDP") == "Y") then

	true
	
else

	false
	
end if]]></Expression>
      <Predecessors>
        <Predecessor
                    condition="Unconditional"
            name="Start"/>
      </Predecessors>
    </Step>
    <Step
            name="Run Consumer UDP Sql?"
                    type="Decision">
      <Expression><![CDATA[if (MacroValue("RUN_CONSUMER_UDP_SQL") == "Y") then

	true
	
else

	false
	
end if]]></Expression>
      <Predecessors>
        <Predecessor
                    condition="Unconditional" name="Consumer Custom Page Staging"/>
      </Predecessors>
    </Step>
  </Steps>
</Process>
