{
  "resourceType": "Bundle",
  "type": "batch",
  "entry": [ {
    "fullUrl": "urn:uuid:d733d4a9-080d-3593-b910-2366e652b7ea",
    "resource": {
      "resourceType": "Organization",
      "id": "d733d4a9-080d-3593-b910-2366e652b7ea",
      "meta": {
        "profile": [ "http://hl7.org/fhir/us/core/StructureDefinition/us-core-organization" ]
      },
      "extension": [ {
        "url": "http://synthetichealth.github.io/synthea/utilization-encounters-extension",
        "valueInteger": 2
      }, {
        "url": "http://synthetichealth.github.io/synthea/utilization-procedures-extension",
        "valueInteger": 0
      }, {
        "url": "http://synthetichealth.github.io/synthea/utilization-labs-extension",
        "valueInteger": 0
      }, {
        "url": "http://synthetichealth.github.io/synthea/utilization-prescriptions-extension",
        "valueInteger": 0
      } ],
      "identifier": [ {
        "system": "https://github.com/synthetichealth/synthea",
        "value": "d733d4a9-080d-3593-b910-2366e652b7ea"
      } ],
      "active": true,
      "type": [ {
        "coding": [ {
          "system": "http://terminology.hl7.org/CodeSystem/organization-type",
          "code": "prov",
          "display": "Healthcare Provider"
        } ],
        "text": "Healthcare Provider"
      } ],
      "name": "BRIGHAM AND WOMEN'S FAULKNER HOSPITAL",
      "telecom": [ {
        "system": "phone",
        "value": "6179837000"
      } ],
      "address": [ {
        "line": [ "1153 CENTRE STREET" ],
        "city": "BOSTON",
        "state": "MA",
        "postalCode": "02130",
        "country": "US"
      } ]
    },
    "request": {
      "method": "POST",
      "url": "Organization",
      "ifNoneExist": "identifier=https://github.com/synthetichealth/synthea|d733d4a9-080d-3593-b910-2366e652b7ea"
    }
  }, {
    "fullUrl": "urn:uuid:9aac3433-95a1-3e3c-b314-97b5039f3e70",
    "resource": {
      "resourceType": "Location",
      "id": "9aac3433-95a1-3e3c-b314-97b5039f3e70",
      "meta": {
        "profile": [ "http://hl7.org/fhir/us/core/StructureDefinition/us-core-location" ]
      },
      "identifier": [ {
        "system": "https://github.com/synthetichealth/synthea",
        "value": "9aac3433-95a1-3e3c-b314-97b5039f3e70"
      } ],
      "status": "active",
      "name": "BRIGHAM AND WOMEN'S FAULKNER HOSPITAL",
      "telecom": [ {
        "system": "phone",
        "value": "6179837000"
      } ],
      "address": {
        "line": [ "1153 CENTRE STREET" ],
        "city": "BOSTON",
        "state": "MA",
        "postalCode": "02130",
        "country": "US"
      },
      "position": {
        "longitude": -71.020173,
        "latitude": 42.33196
      },
      "managingOrganization": {
        "identifier": {
          "system": "https://github.com/synthetichealth/synthea",
          "value": "d733d4a9-080d-3593-b910-2366e652b7ea"
        },
        "display": "BRIGHAM AND WOMEN'S FAULKNER HOSPITAL"
      }
    },
    "request": {
      "method": "POST",
      "url": "Location",
      "ifNoneExist": "identifier=https://github.com/synthetichealth/synthea|9aac3433-95a1-3e3c-b314-97b5039f3e70"
    }
  }, {
    "fullUrl": "urn:uuid:956ccb85-bea0-30f9-af48-52f5dd95ff72",
    "resource": {
      "resourceType": "Organization",
      "id": "956ccb85-bea0-30f9-af48-52f5dd95ff72",
      "meta": {
        "profile": [ "http://hl7.org/fhir/us/core/StructureDefinition/us-core-organization" ]
      },
      "extension": [ {
        "url": "http://synthetichealth.github.io/synthea/utilization-encounters-extension",
        "valueInteger": 15
      }, {
        "url": "http://synthetichealth.github.io/synthea/utilization-procedures-extension",
        "valueInteger": 0
      }, {
        "url": "http://synthetichealth.github.io/synthea/utilization-labs-extension",
        "valueInteger": 0
      }, {
        "url": "http://synthetichealth.github.io/synthea/utilization-prescriptions-extension",
        "valueInteger": 0
      } ],
      "identifier": [ {
        "system": "https://github.com/synthetichealth/synthea",
        "value": "956ccb85-bea0-30f9-af48-52f5dd95ff72"
      } ],
      "active": true,
      "type": [ {
        "coding": [ {
          "system": "http://terminology.hl7.org/CodeSystem/organization-type",
          "code": "prov",
          "display": "Healthcare Provider"
        } ],
        "text": "Healthcare Provider"
      } ],
      "name": "FRANCISCAN CHILDREN'S HOSPITAL & REHAB CENTER",
      "telecom": [ {
        "system": "phone",
        "value": "6172543800"
      } ],
      "address": [ {
        "line": [ "30 WARREN STREET" ],
        "city": "BRIGHTON",
        "state": "MA",
        "postalCode": "02135",
        "country": "US"
      } ]
    },
    "request": {
      "method": "POST",
      "url": "Organization",
      "ifNoneExist": "identifier=https://github.com/synthetichealth/synthea|956ccb85-bea0-30f9-af48-52f5dd95ff72"
    }
  }, {
    "fullUrl": "urn:uuid:7d586b9f-c573-3e13-b739-65ad06160a5d",
    "resource": {
      "resourceType": "Location",
      "id": "7d586b9f-c573-3e13-b739-65ad06160a5d",
      "meta": {
        "profile": [ "http://hl7.org/fhir/us/core/StructureDefinition/us-core-location" ]
      },
      "identifier": [ {
        "system": "https://github.com/synthetichealth/synthea",
        "value": "7d586b9f-c573-3e13-b739-65ad06160a5d"
      } ],
      "status": "active",
      "name": "FRANCISCAN CHILDREN'S HOSPITAL & REHAB CENTER",
      "telecom": [ {
        "system": "phone",
        "value": "6172543800"
      } ],
      "address": {
        "line": [ "30 WARREN STREET" ],
        "city": "BRIGHTON",
        "state": "MA",
        "postalCode": "02135",
        "country": "US"
      },
      "position": {
        "longitude": -71.020173,
        "latitude": 42.33196
      },
      "managingOrganization": {
        "identifier": {
          "system": "https://github.com/synthetichealth/synthea",
          "value": "956ccb85-bea0-30f9-af48-52f5dd95ff72"
        },
        "display": "FRANCISCAN CHILDREN'S HOSPITAL & REHAB CENTER"
      }
    },
    "request": {
      "method": "POST",
      "url": "Location",
      "ifNoneExist": "identifier=https://github.com/synthetichealth/synthea|7d586b9f-c573-3e13-b739-65ad06160a5d"
    }
  }, {
    "fullUrl": "urn:uuid:6e051fa0-1a9b-39ba-b568-21c2ef42bdc5",
    "resource": {
      "resourceType": "Organization",
      "id": "6e051fa0-1a9b-39ba-b568-21c2ef42bdc5",
      "meta": {
        "profile": [ "http://hl7.org/fhir/us/core/StructureDefinition/us-core-organization" ]
      },
      "extension": [ {
        "url": "http://synthetichealth.github.io/synthea/utilization-encounters-extension",
        "valueInteger": 31
      }, {
        "url": "http://synthetichealth.github.io/synthea/utilization-procedures-extension",
        "valueInteger": 66
      }, {
        "url": "http://synthetichealth.github.io/synthea/utilization-labs-extension",
        "valueInteger": 25
      }, {
        "url": "http://synthetichealth.github.io/synthea/utilization-prescriptions-extension",
        "valueInteger": 7
      } ],
      "identifier": [ {
        "system": "https://github.com/synthetichealth/synthea",
        "value": "6e051fa0-1a9b-39ba-b568-21c2ef42bdc5"
      } ],
      "active": true,
      "type": [ {
        "coding": [ {
          "system": "http://terminology.hl7.org/CodeSystem/organization-type",
          "code": "prov",
          "display": "Healthcare Provider"
        } ],
        "text": "Healthcare Provider"
      } ],
      "name": "BRIGHAM AND WOMENS PHYSICIANS ORGANIZATION INC",
      "telecom": [ {
        "system": "phone",
        "value": "617-364-9880"
      } ],
      "address": [ {
        "line": [ "1337 HYDE PARK AVE" ],
        "city": "HYDE PARK",
        "state": "MA",
        "postalCode": "02136-2713",
        "country": "US"
      } ]
    },
    "request": {
      "method": "POST",
      "url": "Organization",
      "ifNoneExist": "identifier=https://github.com/synthetichealth/synthea|6e051fa0-1a9b-39ba-b568-21c2ef42bdc5"
    }
  }, {
    "fullUrl": "urn:uuid:38ef2c42-4f3d-33ca-80a4-5e0af9e9a938",
    "resource": {
      "resourceType": "Location",
      "id": "38ef2c42-4f3d-33ca-80a4-5e0af9e9a938",
      "meta": {
        "profile": [ "http://hl7.org/fhir/us/core/StructureDefinition/us-core-location" ]
      },
      "identifier": [ {
        "system": "https://github.com/synthetichealth/synthea",
        "value": "38ef2c42-4f3d-33ca-80a4-5e0af9e9a938"
      } ],
      "status": "active",
      "name": "BRIGHAM AND WOMENS PHYSICIANS ORGANIZATION INC",
      "telecom": [ {
        "system": "phone",
        "value": "617-364-9880"
      } ],
      "address": {
        "line": [ "1337 HYDE PARK AVE" ],
        "city": "HYDE PARK",
        "state": "MA",
        "postalCode": "02136-2713",
        "country": "US"
      },
      "position": {
        "longitude": -71.020173,
        "latitude": 42.33196
      },
      "managingOrganization": {
        "identifier": {
          "system": "https://github.com/synthetichealth/synthea",
          "value": "6e051fa0-1a9b-39ba-b568-21c2ef42bdc5"
        },
        "display": "BRIGHAM AND WOMENS PHYSICIANS ORGANIZATION INC"
      }
    },
    "request": {
      "method": "POST",
      "url": "Location",
      "ifNoneExist": "identifier=https://github.com/synthetichealth/synthea|38ef2c42-4f3d-33ca-80a4-5e0af9e9a938"
    }
  } ]
}
