{
  "resourceType": "Bundle",
  "type": "batch",
  "entry": [ {
    "fullUrl": "urn:uuid:80e919cc-df1a-3838-b75e-541564a286e5",
    "resource": {
      "resourceType": "Organization",
      "id": "80e919cc-df1a-3838-b75e-541564a286e5",
      "meta": {
        "profile": [ "http://hl7.org/fhir/us/core/StructureDefinition/us-core-organization" ]
      },
      "extension": [ {
        "url": "http://synthetichealth.github.io/synthea/utilization-encounters-extension",
        "valueInteger": 70
      }, {
        "url": "http://synthetichealth.github.io/synthea/utilization-procedures-extension",
        "valueInteger": 0
      }, {
        "url": "http://synthetichealth.github.io/synthea/utilization-labs-extension",
        "valueInteger": 0
      }, {
        "url": "http://synthetichealth.github.io/synthea/utilization-prescriptions-extension",
        "valueInteger": 0
      } ],
      "identifier": [ {
        "system": "https://github.com/synthetichealth/synthea",
        "value": "80e919cc-df1a-3838-b75e-541564a286e5"
      } ],
      "active": true,
      "type": [ {
        "coding": [ {
          "system": "http://terminology.hl7.org/CodeSystem/organization-type",
          "code": "prov",
          "display": "Healthcare Provider"
        } ],
        "text": "Healthcare Provider"
      } ],
      "name": "NANTUCKET COTTAGE HOSPITAL",
      "telecom": [ {
        "system": "phone",
        "value": "5082281200"
      } ],
      "address": [ {
        "line": [ "57 PROSPECT STREET" ],
        "city": "NANTUCKET",
        "state": "MA",
        "postalCode": "02554",
        "country": "US"
      } ]
    },
    "request": {
      "method": "POST",
      "url": "Organization",
      "ifNoneExist": "identifier=https://github.com/synthetichealth/synthea|80e919cc-df1a-3838-b75e-541564a286e5"
    }
  }, {
    "fullUrl": "urn:uuid:3db68e5d-f235-3f3b-8af9-ecaa760eef4f",
    "resource": {
      "resourceType": "Location",
      "id": "3db68e5d-f235-3f3b-8af9-ecaa760eef4f",
      "meta": {
        "profile": [ "http://hl7.org/fhir/us/core/StructureDefinition/us-core-location" ]
      },
      "identifier": [ {
        "system": "https://github.com/synthetichealth/synthea",
        "value": "3db68e5d-f235-3f3b-8af9-ecaa760eef4f"
      } ],
      "status": "active",
      "name": "NANTUCKET COTTAGE HOSPITAL",
      "telecom": [ {
        "system": "phone",
        "value": "5082281200"
      } ],
      "address": {
        "line": [ "57 PROSPECT STREET" ],
        "city": "NANTUCKET",
        "state": "MA",
        "postalCode": "02554",
        "country": "US"
      },
      "position": {
        "longitude": -70.10216899999999,
        "latitude": 41.293416
      },
      "managingOrganization": {
        "identifier": {
          "system": "https://github.com/synthetichealth/synthea",
          "value": "80e919cc-df1a-3838-b75e-541564a286e5"
        },
        "display": "NANTUCKET COTTAGE HOSPITAL"
      }
    },
    "request": {
      "method": "POST",
      "url": "Location",
      "ifNoneExist": "identifier=https://github.com/synthetichealth/synthea|3db68e5d-f235-3f3b-8af9-ecaa760eef4f"
    }
  }, {
    "fullUrl": "urn:uuid:c1414e2c-48df-3428-92a4-ac36114a2a45",
    "resource": {
      "resourceType": "Organization",
      "id": "c1414e2c-48df-3428-92a4-ac36114a2a45",
      "meta": {
        "profile": [ "http://hl7.org/fhir/us/core/StructureDefinition/us-core-organization" ]
      },
      "extension": [ {
        "url": "http://synthetichealth.github.io/synthea/utilization-encounters-extension",
        "valueInteger": 28
      }, {
        "url": "http://synthetichealth.github.io/synthea/utilization-procedures-extension",
        "valueInteger": 145
      }, {
        "url": "http://synthetichealth.github.io/synthea/utilization-labs-extension",
        "valueInteger": 19
      }, {
        "url": "http://synthetichealth.github.io/synthea/utilization-prescriptions-extension",
        "valueInteger": 10
      } ],
      "identifier": [ {
        "system": "https://github.com/synthetichealth/synthea",
        "value": "c1414e2c-48df-3428-92a4-ac36114a2a45"
      } ],
      "active": true,
      "type": [ {
        "coding": [ {
          "system": "http://terminology.hl7.org/CodeSystem/organization-type",
          "code": "prov",
          "display": "Healthcare Provider"
        } ],
        "text": "Healthcare Provider"
      } ],
      "name": "ORTHOPEDIC AND SPORTS PHYSICAL THERAPY OF CAPE COD LLC",
      "telecom": [ {
        "system": "phone",
        "value": "774-237-0832"
      } ],
      "address": [ {
        "line": [ "160 ROUTE 137" ],
        "city": "EAST HARWICH",
        "state": "MA",
        "postalCode": "02645-1316",
        "country": "US"
      } ]
    },
    "request": {
      "method": "POST",
      "url": "Organization",
      "ifNoneExist": "identifier=https://github.com/synthetichealth/synthea|c1414e2c-48df-3428-92a4-ac36114a2a45"
    }
  }, {
    "fullUrl": "urn:uuid:d2895d9a-6bea-38a0-b976-5d3a949ff8e3",
    "resource": {
      "resourceType": "Location",
      "id": "d2895d9a-6bea-38a0-b976-5d3a949ff8e3",
      "meta": {
        "profile": [ "http://hl7.org/fhir/us/core/StructureDefinition/us-core-location" ]
      },
      "identifier": [ {
        "system": "https://github.com/synthetichealth/synthea",
        "value": "d2895d9a-6bea-38a0-b976-5d3a949ff8e3"
      } ],
      "status": "active",
      "name": "ORTHOPEDIC AND SPORTS PHYSICAL THERAPY OF CAPE COD LLC",
      "telecom": [ {
        "system": "phone",
        "value": "774-237-0832"
      } ],
      "address": {
        "line": [ "160 ROUTE 137" ],
        "city": "EAST HARWICH",
        "state": "MA",
        "postalCode": "02645-1316",
        "country": "US"
      },
      "position": {
        "longitude": -70.031856,
        "latitude": 41.708597
      },
      "managingOrganization": {
        "identifier": {
          "system": "https://github.com/synthetichealth/synthea",
          "value": "c1414e2c-48df-3428-92a4-ac36114a2a45"
        },
        "display": "ORTHOPEDIC AND SPORTS PHYSICAL THERAPY OF CAPE COD LLC"
      }
    },
    "request": {
      "method": "POST",
      "url": "Location",
      "ifNoneExist": "identifier=https://github.com/synthetichealth/synthea|d2895d9a-6bea-38a0-b976-5d3a949ff8e3"
    }
  } ]
}
