{
  "resourceType": "Bundle",
  "type": "batch",
  "entry": [ {
    "fullUrl": "urn:uuid:b1ddf812-1fdd-3adf-b1d5-32cc8bd07ebb",
    "resource": {
      "resourceType": "Organization",
      "id": "b1ddf812-1fdd-3adf-b1d5-32cc8bd07ebb",
      "meta": {
        "profile": [ "http://hl7.org/fhir/us/core/StructureDefinition/us-core-organization" ]
      },
      "extension": [ {
        "url": "http://synthetichealth.github.io/synthea/utilization-encounters-extension",
        "valueInteger": 46
      }, {
        "url": "http://synthetichealth.github.io/synthea/utilization-procedures-extension",
        "valueInteger": 0
      }, {
        "url": "http://synthetichealth.github.io/synthea/utilization-labs-extension",
        "valueInteger": 0
      }, {
        "url": "http://synthetichealth.github.io/synthea/utilization-prescriptions-extension",
        "valueInteger": 0
      } ],
      "identifier": [ {
        "system": "https://github.com/synthetichealth/synthea",
        "value": "b1ddf812-1fdd-3adf-b1d5-32cc8bd07ebb"
      } ],
      "active": true,
      "type": [ {
        "coding": [ {
          "system": "http://terminology.hl7.org/CodeSystem/organization-type",
          "code": "prov",
          "display": "Healthcare Provider"
        } ],
        "text": "Healthcare Provider"
      } ],
      "name": "BETH ISRAEL DEACONESS HOSPITAL - PLYMOUTH",
      "telecom": [ {
        "system": "phone",
        "value": "5087462000"
      } ],
      "address": [ {
        "line": [ "275 SANDWICH STREET" ],
        "city": "PLYMOUTH",
        "state": "MA",
        "postalCode": "02360",
        "country": "US"
      } ]
    },
    "request": {
      "method": "POST",
      "url": "Organization",
      "ifNoneExist": "identifier=https://github.com/synthetichealth/synthea|b1ddf812-1fdd-3adf-b1d5-32cc8bd07ebb"
    }
  }, {
    "fullUrl": "urn:uuid:8a883371-6aed-3948-b487-a874cfdb8cea",
    "resource": {
      "resourceType": "Location",
      "id": "8a883371-6aed-3948-b487-a874cfdb8cea",
      "meta": {
        "profile": [ "http://hl7.org/fhir/us/core/StructureDefinition/us-core-location" ]
      },
      "identifier": [ {
        "system": "https://github.com/synthetichealth/synthea",
        "value": "8a883371-6aed-3948-b487-a874cfdb8cea"
      } ],
      "status": "active",
      "name": "BETH ISRAEL DEACONESS HOSPITAL - PLYMOUTH",
      "telecom": [ {
        "system": "phone",
        "value": "5087462000"
      } ],
      "address": {
        "line": [ "275 SANDWICH STREET" ],
        "city": "PLYMOUTH",
        "state": "MA",
        "postalCode": "02360",
        "country": "US"
      },
      "position": {
        "longitude": -70.62403,
        "latitude": 41.897892
      },
      "managingOrganization": {
        "identifier": {
          "system": "https://github.com/synthetichealth/synthea",
          "value": "b1ddf812-1fdd-3adf-b1d5-32cc8bd07ebb"
        },
        "display": "BETH ISRAEL DEACONESS HOSPITAL - PLYMOUTH"
      }
    },
    "request": {
      "method": "POST",
      "url": "Location",
      "ifNoneExist": "identifier=https://github.com/synthetichealth/synthea|8a883371-6aed-3948-b487-a874cfdb8cea"
    }
  }, {
    "fullUrl": "urn:uuid:23ae9af5-8904-3b84-9ce1-61b0c59646c2",
    "resource": {
      "resourceType": "Organization",
      "id": "23ae9af5-8904-3b84-9ce1-61b0c59646c2",
      "meta": {
        "profile": [ "http://hl7.org/fhir/us/core/StructureDefinition/us-core-organization" ]
      },
      "extension": [ {
        "url": "http://synthetichealth.github.io/synthea/utilization-encounters-extension",
        "valueInteger": 32
      }, {
        "url": "http://synthetichealth.github.io/synthea/utilization-procedures-extension",
        "valueInteger": 93
      }, {
        "url": "http://synthetichealth.github.io/synthea/utilization-labs-extension",
        "valueInteger": 26
      }, {
        "url": "http://synthetichealth.github.io/synthea/utilization-prescriptions-extension",
        "valueInteger": 6
      } ],
      "identifier": [ {
        "system": "https://github.com/synthetichealth/synthea",
        "value": "23ae9af5-8904-3b84-9ce1-61b0c59646c2"
      } ],
      "active": true,
      "type": [ {
        "coding": [ {
          "system": "http://terminology.hl7.org/CodeSystem/organization-type",
          "code": "prov",
          "display": "Healthcare Provider"
        } ],
        "text": "Healthcare Provider"
      } ],
      "name": "PCP33126",
      "telecom": [ {
        "system": "phone",
        "value": "508-759-3843"
      } ],
      "address": [ {
        "line": [ "3193 CRANBERRY HWY" ],
        "city": "E WAREHAM",
        "state": "MA",
        "postalCode": "02538-4707",
        "country": "US"
      } ]
    },
    "request": {
      "method": "POST",
      "url": "Organization",
      "ifNoneExist": "identifier=https://github.com/synthetichealth/synthea|23ae9af5-8904-3b84-9ce1-61b0c59646c2"
    }
  }, {
    "fullUrl": "urn:uuid:6b694ac4-b191-3413-8ff5-0f181f141f94",
    "resource": {
      "resourceType": "Location",
      "id": "6b694ac4-b191-3413-8ff5-0f181f141f94",
      "meta": {
        "profile": [ "http://hl7.org/fhir/us/core/StructureDefinition/us-core-location" ]
      },
      "identifier": [ {
        "system": "https://github.com/synthetichealth/synthea",
        "value": "6b694ac4-b191-3413-8ff5-0f181f141f94"
      } ],
      "status": "active",
      "name": "PCP33126",
      "telecom": [ {
        "system": "phone",
        "value": "508-759-3843"
      } ],
      "address": {
        "line": [ "3193 CRANBERRY HWY" ],
        "city": "E WAREHAM",
        "state": "MA",
        "postalCode": "02538-4707",
        "country": "US"
      },
      "position": {
        "longitude": -70.638745,
        "latitude": 41.793699
      },
      "managingOrganization": {
        "identifier": {
          "system": "https://github.com/synthetichealth/synthea",
          "value": "23ae9af5-8904-3b84-9ce1-61b0c59646c2"
        },
        "display": "PCP33126"
      }
    },
    "request": {
      "method": "POST",
      "url": "Location",
      "ifNoneExist": "identifier=https://github.com/synthetichealth/synthea|6b694ac4-b191-3413-8ff5-0f181f141f94"
    }
  } ]
}
