{
  "resourceType": "Bundle",
  "type": "batch",
  "entry": [ {
    "fullUrl": "urn:uuid:c44f361c-2efb-3050-8f97-0354a12e2920",
    "resource": {
      "resourceType": "Organization",
      "id": "c44f361c-2efb-3050-8f97-0354a12e2920",
      "meta": {
        "profile": [ "http://hl7.org/fhir/us/core/StructureDefinition/us-core-organization" ]
      },
      "extension": [ {
        "url": "http://synthetichealth.github.io/synthea/utilization-encounters-extension",
        "valueInteger": 1
      }, {
        "url": "http://synthetichealth.github.io/synthea/utilization-procedures-extension",
        "valueInteger": 0
      }, {
        "url": "http://synthetichealth.github.io/synthea/utilization-labs-extension",
        "valueInteger": 0
      }, {
        "url": "http://synthetichealth.github.io/synthea/utilization-prescriptions-extension",
        "valueInteger": 0
      } ],
      "identifier": [ {
        "system": "https://github.com/synthetichealth/synthea",
        "value": "c44f361c-2efb-3050-8f97-0354a12e2920"
      } ],
      "active": true,
      "type": [ {
        "coding": [ {
          "system": "http://terminology.hl7.org/CodeSystem/organization-type",
          "code": "prov",
          "display": "Healthcare Provider"
        } ],
        "text": "Healthcare Provider"
      } ],
      "name": "SIGNATURE HEALTHCARE BROCKTON HOSPITAL",
      "telecom": [ {
        "system": "phone",
        "value": "5089417000"
      } ],
      "address": [ {
        "line": [ "680 CENTER STREET" ],
        "city": "BROCKTON",
        "state": "MA",
        "postalCode": "02302",
        "country": "US"
      } ]
    },
    "request": {
      "method": "POST",
      "url": "Organization",
      "ifNoneExist": "identifier=https://github.com/synthetichealth/synthea|c44f361c-2efb-3050-8f97-0354a12e2920"
    }
  }, {
    "fullUrl": "urn:uuid:97bc3a8d-35db-3628-88b5-e595c34fde0c",
    "resource": {
      "resourceType": "Location",
      "id": "97bc3a8d-35db-3628-88b5-e595c34fde0c",
      "meta": {
        "profile": [ "http://hl7.org/fhir/us/core/StructureDefinition/us-core-location" ]
      },
      "identifier": [ {
        "system": "https://github.com/synthetichealth/synthea",
        "value": "97bc3a8d-35db-3628-88b5-e595c34fde0c"
      } ],
      "status": "active",
      "name": "SIGNATURE HEALTHCARE BROCKTON HOSPITAL",
      "telecom": [ {
        "system": "phone",
        "value": "5089417000"
      } ],
      "address": {
        "line": [ "680 CENTER STREET" ],
        "city": "BROCKTON",
        "state": "MA",
        "postalCode": "02302",
        "country": "US"
      },
      "position": {
        "longitude": -71.024638,
        "latitude": 42.082543
      },
      "managingOrganization": {
        "identifier": {
          "system": "https://github.com/synthetichealth/synthea",
          "value": "c44f361c-2efb-3050-8f97-0354a12e2920"
        },
        "display": "SIGNATURE HEALTHCARE BROCKTON HOSPITAL"
      }
    },
    "request": {
      "method": "POST",
      "url": "Location",
      "ifNoneExist": "identifier=https://github.com/synthetichealth/synthea|97bc3a8d-35db-3628-88b5-e595c34fde0c"
    }
  }, {
    "fullUrl": "urn:uuid:226098a2-6a40-3588-b5bb-db56c3a30a04",
    "resource": {
      "resourceType": "Organization",
      "id": "226098a2-6a40-3588-b5bb-db56c3a30a04",
      "meta": {
        "profile": [ "http://hl7.org/fhir/us/core/StructureDefinition/us-core-organization" ]
      },
      "extension": [ {
        "url": "http://synthetichealth.github.io/synthea/utilization-encounters-extension",
        "valueInteger": 40
      }, {
        "url": "http://synthetichealth.github.io/synthea/utilization-procedures-extension",
        "valueInteger": 0
      }, {
        "url": "http://synthetichealth.github.io/synthea/utilization-labs-extension",
        "valueInteger": 0
      }, {
        "url": "http://synthetichealth.github.io/synthea/utilization-prescriptions-extension",
        "valueInteger": 0
      } ],
      "identifier": [ {
        "system": "https://github.com/synthetichealth/synthea",
        "value": "226098a2-6a40-3588-b5bb-db56c3a30a04"
      } ],
      "active": true,
      "type": [ {
        "coding": [ {
          "system": "http://terminology.hl7.org/CodeSystem/organization-type",
          "code": "prov",
          "display": "Healthcare Provider"
        } ],
        "text": "Healthcare Provider"
      } ],
      "name": "GOOD SAMARITAN MEDICAL CENTER",
      "telecom": [ {
        "system": "phone",
        "value": "5084273000"
      } ],
      "address": [ {
        "line": [ "235 NORTH PEARL STREET" ],
        "city": "BROCKTON",
        "state": "MA",
        "postalCode": "02301",
        "country": "US"
      } ]
    },
    "request": {
      "method": "POST",
      "url": "Organization",
      "ifNoneExist": "identifier=https://github.com/synthetichealth/synthea|226098a2-6a40-3588-b5bb-db56c3a30a04"
    }
  }, {
    "fullUrl": "urn:uuid:f6d3670d-1bb9-313b-87b9-c7b37feb154a",
    "resource": {
      "resourceType": "Location",
      "id": "f6d3670d-1bb9-313b-87b9-c7b37feb154a",
      "meta": {
        "profile": [ "http://hl7.org/fhir/us/core/StructureDefinition/us-core-location" ]
      },
      "identifier": [ {
        "system": "https://github.com/synthetichealth/synthea",
        "value": "f6d3670d-1bb9-313b-87b9-c7b37feb154a"
      } ],
      "status": "active",
      "name": "GOOD SAMARITAN MEDICAL CENTER",
      "telecom": [ {
        "system": "phone",
        "value": "5084273000"
      } ],
      "address": {
        "line": [ "235 NORTH PEARL STREET" ],
        "city": "BROCKTON",
        "state": "MA",
        "postalCode": "02301",
        "country": "US"
      },
      "position": {
        "longitude": -71.024638,
        "latitude": 42.082543
      },
      "managingOrganization": {
        "identifier": {
          "system": "https://github.com/synthetichealth/synthea",
          "value": "226098a2-6a40-3588-b5bb-db56c3a30a04"
        },
        "display": "GOOD SAMARITAN MEDICAL CENTER"
      }
    },
    "request": {
      "method": "POST",
      "url": "Location",
      "ifNoneExist": "identifier=https://github.com/synthetichealth/synthea|f6d3670d-1bb9-313b-87b9-c7b37feb154a"
    }
  }, {
    "fullUrl": "urn:uuid:f3b73817-43cb-3762-8353-bcfb64aa9b10",
    "resource": {
      "resourceType": "Organization",
      "id": "f3b73817-43cb-3762-8353-bcfb64aa9b10",
      "meta": {
        "profile": [ "http://hl7.org/fhir/us/core/StructureDefinition/us-core-organization" ]
      },
      "extension": [ {
        "url": "http://synthetichealth.github.io/synthea/utilization-encounters-extension",
        "valueInteger": 29
      }, {
        "url": "http://synthetichealth.github.io/synthea/utilization-procedures-extension",
        "valueInteger": 162
      }, {
        "url": "http://synthetichealth.github.io/synthea/utilization-labs-extension",
        "valueInteger": 18
      }, {
        "url": "http://synthetichealth.github.io/synthea/utilization-prescriptions-extension",
        "valueInteger": 11
      } ],
      "identifier": [ {
        "system": "https://github.com/synthetichealth/synthea",
        "value": "f3b73817-43cb-3762-8353-bcfb64aa9b10"
      } ],
      "active": true,
      "type": [ {
        "coding": [ {
          "system": "http://terminology.hl7.org/CodeSystem/organization-type",
          "code": "prov",
          "display": "Healthcare Provider"
        } ],
        "text": "Healthcare Provider"
      } ],
      "name": "PCP166078",
      "telecom": [ {
        "system": "phone",
        "value": "508-232-4012"
      } ],
      "address": [ {
        "line": [ "120 STOCKWELL DR" ],
        "city": "AVON",
        "state": "MA",
        "postalCode": "02322-1149",
        "country": "US"
      } ]
    },
    "request": {
      "method": "POST",
      "url": "Organization",
      "ifNoneExist": "identifier=https://github.com/synthetichealth/synthea|f3b73817-43cb-3762-8353-bcfb64aa9b10"
    }
  }, {
    "fullUrl": "urn:uuid:b22b2fbc-8e79-3e3f-9952-c28ecc527e0f",
    "resource": {
      "resourceType": "Location",
      "id": "b22b2fbc-8e79-3e3f-9952-c28ecc527e0f",
      "meta": {
        "profile": [ "http://hl7.org/fhir/us/core/StructureDefinition/us-core-location" ]
      },
      "identifier": [ {
        "system": "https://github.com/synthetichealth/synthea",
        "value": "b22b2fbc-8e79-3e3f-9952-c28ecc527e0f"
      } ],
      "status": "active",
      "name": "PCP166078",
      "telecom": [ {
        "system": "phone",
        "value": "508-232-4012"
      } ],
      "address": {
        "line": [ "120 STOCKWELL DR" ],
        "city": "AVON",
        "state": "MA",
        "postalCode": "02322-1149",
        "country": "US"
      },
      "position": {
        "longitude": -71.054013,
        "latitude": 42.132461
      },
      "managingOrganization": {
        "identifier": {
          "system": "https://github.com/synthetichealth/synthea",
          "value": "f3b73817-43cb-3762-8353-bcfb64aa9b10"
        },
        "display": "PCP166078"
      }
    },
    "request": {
      "method": "POST",
      "url": "Location",
      "ifNoneExist": "identifier=https://github.com/synthetichealth/synthea|b22b2fbc-8e79-3e3f-9952-c28ecc527e0f"
    }
  }, {
    "fullUrl": "urn:uuid:be7d3e09-70ac-3374-8d6c-e176c24e0f29",
    "resource": {
      "resourceType": "Organization",
      "id": "be7d3e09-70ac-3374-8d6c-e176c24e0f29",
      "meta": {
        "profile": [ "http://hl7.org/fhir/us/core/StructureDefinition/us-core-organization" ]
      },
      "extension": [ {
        "url": "http://synthetichealth.github.io/synthea/utilization-encounters-extension",
        "valueInteger": 1
      }, {
        "url": "http://synthetichealth.github.io/synthea/utilization-procedures-extension",
        "valueInteger": 0
      }, {
        "url": "http://synthetichealth.github.io/synthea/utilization-labs-extension",
        "valueInteger": 0
      }, {
        "url": "http://synthetichealth.github.io/synthea/utilization-prescriptions-extension",
        "valueInteger": 0
      } ],
      "identifier": [ {
        "system": "https://github.com/synthetichealth/synthea",
        "value": "be7d3e09-70ac-3374-8d6c-e176c24e0f29"
      } ],
      "active": true,
      "type": [ {
        "coding": [ {
          "system": "http://terminology.hl7.org/CodeSystem/organization-type",
          "code": "prov",
          "display": "Healthcare Provider"
        } ],
        "text": "Healthcare Provider"
      } ],
      "name": "BRAEMOOR HEALTH CENTER",
      "telecom": [ {
        "system": "phone",
        "value": "5085863696"
      } ],
      "address": [ {
        "line": [ "34 NORTH PEARL STREET" ],
        "city": "BROCKTON",
        "state": "MA",
        "postalCode": "02301",
        "country": "US"
      } ]
    },
    "request": {
      "method": "POST",
      "url": "Organization",
      "ifNoneExist": "identifier=https://github.com/synthetichealth/synthea|be7d3e09-70ac-3374-8d6c-e176c24e0f29"
    }
  }, {
    "fullUrl": "urn:uuid:17aa0be0-50b0-305d-b4eb-c70e563cfd70",
    "resource": {
      "resourceType": "Location",
      "id": "17aa0be0-50b0-305d-b4eb-c70e563cfd70",
      "meta": {
        "profile": [ "http://hl7.org/fhir/us/core/StructureDefinition/us-core-location" ]
      },
      "identifier": [ {
        "system": "https://github.com/synthetichealth/synthea",
        "value": "17aa0be0-50b0-305d-b4eb-c70e563cfd70"
      } ],
      "status": "active",
      "name": "BRAEMOOR HEALTH CENTER",
      "telecom": [ {
        "system": "phone",
        "value": "5085863696"
      } ],
      "address": {
        "line": [ "34 NORTH PEARL STREET" ],
        "city": "BROCKTON",
        "state": "MA",
        "postalCode": "02301",
        "country": "US"
      },
      "position": {
        "longitude": -71.024638,
        "latitude": 42.082543
      },
      "managingOrganization": {
        "identifier": {
          "system": "https://github.com/synthetichealth/synthea",
          "value": "be7d3e09-70ac-3374-8d6c-e176c24e0f29"
        },
        "display": "BRAEMOOR HEALTH CENTER"
      }
    },
    "request": {
      "method": "POST",
      "url": "Location",
      "ifNoneExist": "identifier=https://github.com/synthetichealth/synthea|17aa0be0-50b0-305d-b4eb-c70e563cfd70"
    }
  } ]
}
