{
  "macroSet" : [ {
    "id" : 1,
    "name" : "GLOBAL",
    "macros" : {
      "macro" : [ {
        "id" : 1,
        "name" : "LOCAL_JOB_SPEC_DIR",
        "value" : "",
        "encryptValue" : false,
        "description" : ""
      }, {
        "id" : 2,
        "name" : "TEMP_DIR",
        "value" : "\\\\liaout01\\Datawarehouse\\Temp\\",
        "encryptValue" : false,
        "description" : ""
      }, {
        "id" : 3,
        "name" : "IIJDBC_JAR_LOC",
        "value" : "\\\\liaout01\\Datawarehouse\\",
        "encryptValue" : false,
        "description" : ""
      }, {
        "id" : 4,
        "name" : "SCHEMA_LOC",
        "value" : "\\\\liaout01\\Datawarehouse\\",
        "encryptValue" : false,
        "description" : ""
      }, {
        "id" : 5,
        "name" : "INPUT_CCURRA_DIR",
        "value" : "\\\\liaout01\\Datawarehouse\\CCURRA\\",
        "encryptValue" : false,
        "description" : ""
      }, {
        "id" : 6,
        "name" : "JDBC_URL",
        "value" : "jdbc:actian://av-y68h813arbhv.avprod.actiandatacloud.com:27839/db;encryption=on;",
        "encryptValue" : false,
        "description" : ""
      }, {
        "id" : 7,
        "name" : "JDBC_USERNAME",
        "value" : "kap_m3_core",
        "encryptValue" : false,
        "description" : ""
      }, {
        "id" : 8,
        "name" : "JDBC_PASSWORD",
        "value" : "calsec@123",
        "encryptValue" : false,
        "description" : ""
      }, {
        "id" : 9,
        "name" : "JDBC_DRIVER_CLASS",
        "value" : "com.ingres.jdbc.IngresDriver",
        "encryptValue" : false,
        "description" : ""
      }, {
        "id" : 10,
        "name" : "EMAIL_USERNAME",
        "value" : "poc-pandg@worldsfastestdatabase.com",
        "encryptValue" : false,
        "description" : ""
      }, {
        "id" : 11,
        "name" : "EMAIL_PASSWORD",
        "value" : "dzeynclfozwqzdzh",
        "encryptValue" : false,
        "description" : ""
      }, {
        "id" : 12,
        "name" : "EMAIL_SERVER",
        "value" : "smtp.gmail.com",
        "encryptValue" : false,
        "description" : ""
      }, {
        "id" : 13,
        "name" : "EMAIL_PORT",
        "value" : "587",
        "encryptValue" : false,
        "description" : ""
      }, {
        "id" : 14,
        "name" : "EMAIL_FROM",
        "value" : "poc-pandg@worldsfastestdatabase.com",
        "encryptValue" : false,
        "description" : ""
      }, {
        "id" : 15,
        "name" : "EMAIL_TO",
        "value" : "helpdesk@kalsec.com,AChandrasekaran@kalsec.com,muraliravindr.valle@hcl.com,karthigapriya.n@hcl.com , karthikeyan_a@hcl.com , shaik.fatima@hcl.com,nodagala.nagav@hcl.com,durgaprasad.kopan@hcl.com",
        "encryptValue" : false,
        "description" : ""
      }, {
        "id" : 16,
        "name" : "EMAIL_SUBJECT",
        "value" : "Error_Notification_Oohead_",
        "encryptValue" : false,
        "description" : ""
      }, {
        "id" : 17,
        "name" : "CCURRA_ARCHIVE_DIR",
        "value" : "\\\\liaout01\\Datawarehouse\\Archive\\CCURRA\\",
        "encryptValue" : false,
        "description" : ""
      }, {
        "id" : 18,
        "name" : "UNPROCESSED_CCURRA_FILES",
        "value" : "\\\\liaout01\\Datawarehouse\\UnProcessedFile\\CCURRA\\",
        "encryptValue" : false,
        "description" : ""
      }, {
        "id" : 19,
        "name" : "CCURRA_EMAIL_ATTACHMENT",
        "value" : "",
        "encryptValue" : false,
        "description" : ""
      } ]
    }
  } ]
}