{
  "macroSet" : [ {
    "id" : 1,
    "name" : "GLOBAL",
    "macros" : {
      "macro" : [ {
        "id" : 1,
        "name" : "LOCAL_JOB_SPEC_DIR",
        "value" : "",
        "encryptValue" : false,
        "description" : ""
      }, {
        "id" : 2,
        "name" : "TEMP_DIR",
        "value" : "\\\\liaout01\\Datawarehouse\\Temp\\",
        "encryptValue" : false,
        "description" : ""
      }, {
        "id" : 3,
        "name" : "IIJDBC_JAR_LOC",
        "value" : "\\\\liaout01\\Datawarehouse\\",
        "encryptValue" : false,
        "description" : ""
      }, {
        "id" : 4,
        "name" : "SCHEMA_LOC",
        "value" : "\\\\liaout01\\Datawarehouse\\",
        "encryptValue" : false,
        "description" : ""
      }, {
        "id" : 5,
        "name" : "INPUT_OOLINE_DIR",
        "value" : "\\\\liaout01\\Datawarehouse\\OOLINE\\",
        "encryptValue" : false,
        "description" : ""
      }, {
        "id" : 6,
        "name" : "JDBC_URL",
        "value" : "jdbc:actian://av-ewncr44wc71r.us-east-2.aws.avprod.actiandatacloud.com:27839/db;encryption=on;",
        "encryptValue" : false,
        "description" : ""
      }, {
        "id" : 7,
        "name" : "JDBC_USERNAME",
        "value" : "kap_m3_core",
        "encryptValue" : false,
        "description" : ""
      }, {
        "id" : 8,
        "name" : "JDBC_PASSWORD",
        "value" : "passw0rd",
        "encryptValue" : false,
        "description" : ""
      }, {
        "id" : 9,
        "name" : "JDBC_DRIVER_CLASS",
        "value" : "com.ingres.jdbc.IngresDriver",
        "encryptValue" : false,
        "description" : ""
      }, {
        "id" : 10,
        "name" : "EMAIL_USERNAME",
        "value" : "poc-pandg@worldsfastestdatabase.com",
        "encryptValue" : false,
        "description" : ""
      }, {
        "id" : 11,
        "name" : "EMAIL_PASSWORD",
        "value" : "dzeynclfozwqzdzh",
        "encryptValue" : false,
        "description" : ""
      }, {
        "id" : 12,
        "name" : "EMAIL_SERVER",
        "value" : "smtp.gmail.com",
        "encryptValue" : false,
        "description" : ""
      }, {
        "id" : 13,
        "name" : "EMAIL_PORT",
        "value" : "587",
        "encryptValue" : false,
        "description" : ""
      }, {
        "id" : 14,
        "name" : "EMAIL_FROM",
        "value" : "poc-pandg@worldsfastestdatabase.com",
        "encryptValue" : false,
        "description" : ""
      }, {
        "id" : 15,
        "name" : "EMAIL_TO",
        "value" : "saravanan_s@hcl.com,abishek-a@hcl.com,muraliravindr.valle@hcl.com,helpdesk@kalsec.com, AChandrasekaran@kalsec.com",
        "encryptValue" : false,
        "description" : ""
      }, {
        "id" : 16,
        "name" : "EMAIL_SUBJECT",
        "value" : "Prod_Error_Notification_OOLINE_",
        "encryptValue" : false,
        "description" : ""
      }, {
        "id" : 17,
        "name" : "OOLINE_ARCHIVE_DIR",
        "value" : "\\\\liaout01\\Datawarehouse\\Archive\\OOLINE\\",
        "encryptValue" : false,
        "description" : ""
      }, {
        "id" : 18,
        "name" : "UNPROCESSED_OOLINE_FILES",
        "value" : "\\\\liaout01\\Datawarehouse\\UnProcessedFile\\OOLINE\\",
        "encryptValue" : false,
        "description" : ""
      }, {
        "id" : 19,
        "name" : "OOLINE_EMAIL_ATTACHMENT",
        "value" : "",
        "encryptValue" : false,
        "description" : ""
      }, {
        "id" : 20,
        "name" : "FILE_LIMIT",
        "value" : "",
        "encryptValue" : false,
        "description" : ""
      }, {
        "id" : 21,
        "name" : "INPUT_OOLINE",
        "value" : "",
        "encryptValue" : false,
        "description" : ""
      } ]
    }
  } ]
}