<?xml version="1.0" encoding="UTF-8" standalone="yes"?>
<PackageManager creator="HCLTECH\saravanan_s" datecreated="2023-01-14T21:48:09.495278+05:30" expandmacros="true" includeMacroDefinition="true" newinventory="false" updatedBy="HCLTECH\saravanan_s" updatedDate="2023-01-15T09:24:06.4245368+05:30" whichMacrosToInclude="workspace">
    <EntryPoint>C:\DataConnect_Workspaces\Demo_DjMessage\JDBC_Import.process</EntryPoint>
    <EntrypointFileType>PROCESSV10</EntrypointFileType>
    <FileEntry>
        <entryPoint>C:\DataConnect_Workspaces\Demo_DjMessage\JDBC_Import.process</entryPoint>
        <fileName>JDBC_Import</fileName>
        <filePath>C:/DataConnect_Workspaces/Demo_DjMessage/JDBC_Import.process</filePath>
        <fileType>Process</fileType>
        <macroValue></macroValue>
        <mainProcess>true</mainProcess>
        <overrideTransformationPath></overrideTransformationPath>
        <version>1.7</version>
    </FileEntry>
    <FileEntry>
        <entryPoint>C:\DataConnect_Workspaces\Demo_DjMessage\JDBC_Import.process</entryPoint>
        <fileName>JDBC_Import</fileName>
        <filePath>C:/DataConnect_Workspaces/Demo_DjMessage/JDBC_Import.process.rtc</filePath>
        <fileType>Process Configuration</fileType>
        <macroValue></macroValue>
        <mainProcess>false</mainProcess>
        <overrideTransformationPath></overrideTransformationPath>
        <referringArtifactPath>C:/DataConnect_Workspaces/Demo_DjMessage/JDBC_Import.process</referringArtifactPath>
        <version>1.7</version>
    </FileEntry>
    <FileEntry>
        <fileName>Template_Macro.json</fileName>
        <filePath>C:/Users/saravanan_s/Actian/DataConnect/Kalsec_Workspace/Kalsec/Template_Macro.json</filePath>
        <fileType>Macro</fileType>
        <macroValue></macroValue>
        <mainProcess>false</mainProcess>
        <overrideTransformationPath></overrideTransformationPath>
    </FileEntry>
    <PackageName>ODBC_IMPORT</PackageName>
    <packageversion>1.0</packageversion>
</PackageManager>
