<?xml version="1.0" encoding="UTF-8" standalone="yes"?>
<PackageManager creator="HCLTECH\durgaprasad.kopan" datecreated="2023-02-03T17:21:56.781451+05:30" expandmacros="true" includeMacroDefinition="true" newinventory="false" updatedBy="HCLTECH\durgaprasad.kopan" updatedDate="2023-02-05T14:41:13.5306293+05:30" whichMacrosToInclude="configuration">
    <EntryPoint>C:\DataConnect_Workspaces\Kalsec\Ccurra\Ccurra_Error_Process_Delete.process</EntryPoint>
    <EntrypointFileType>PROCESSV10</EntrypointFileType>
    <FileEntry>
        <entryPoint>C:\DataConnect_Workspaces\Kalsec\Ccurra\Ccurra_Error_Process_Delete.process</entryPoint>
        <fileName>Ccurra_Error_Process_Delete</fileName>
        <filePath>C:/DataConnect_Workspaces/Kalsec/Ccurra/Ccurra_Error_Process_Delete.process</filePath>
        <fileType>Process</fileType>
        <macroValue></macroValue>
        <mainProcess>true</mainProcess>
        <overrideTransformationPath></overrideTransformationPath>
        <version>1.203</version>
    </FileEntry>
    <FileEntry>
        <entryPoint>C:\DataConnect_Workspaces\Kalsec\Ccurra\Ccurra_Error_Process_Delete.process</entryPoint>
        <fileName>Ccurra_Error_Process_Delete</fileName>
        <filePath>C:/DataConnect_Workspaces/Kalsec/Ccurra/Ccurra_Error_Process_Delete.process.rtc</filePath>
        <fileType>Process Configuration</fileType>
        <macroValue></macroValue>
        <mainProcess>false</mainProcess>
        <overrideTransformationPath></overrideTransformationPath>
        <referringArtifactPath>C:/DataConnect_Workspaces/Kalsec/Ccurra/Ccurra_Error_Process_Delete.process</referringArtifactPath>
        <version>1.203</version>
    </FileEntry>
    <FileEntry>
        <entryPoint>C:\DataConnect_Workspaces\Kalsec\Ccurra\Ccurra_Error_Process_Delete.process</entryPoint>
        <fileName>Schema_Ccurra.schema</fileName>
        <filePath>C:/DataConnect_Workspaces/Kalsec/Local_Job_SPEC/Input/Schema_Ccurra.schema</filePath>
        <fileType>External Schema</fileType>
        <macroValue>$(SCHEMA_LOC)Schema_Ccurra.schema</macroValue>
        <mainProcess>false</mainProcess>
        <overrideTransformationPath></overrideTransformationPath>
        <version>1.0</version>
    </FileEntry>
    <FileEntry>
        <entryPoint>C:\DataConnect_Workspaces\Kalsec\Ccurra\Ccurra_Error_Process_Delete.process</entryPoint>
        <fileName>Delete_Ccurra</fileName>
        <filePath>C:/DataConnect_Workspaces/Kalsec/Ccurra/Delete_Ccurra.map</filePath>
        <fileType>Map</fileType>
        <macroValue></macroValue>
        <mainProcess>false</mainProcess>
        <overrideTransformationPath>C:\DataConnect_Workspaces\Kalsec\Ccurra\Delete_Ccurra.map.rtc</overrideTransformationPath>
        <version>1.79</version>
    </FileEntry>
    <FileEntry>
        <entryPoint>C:\DataConnect_Workspaces\Kalsec\Ccurra\Ccurra_Error_Process_Delete.process</entryPoint>
        <fileName>Delete_Ccurra</fileName>
        <filePath>C:/DataConnect_Workspaces/Kalsec/Ccurra/Delete_Ccurra.map.rtc</filePath>
        <fileType>Map Configuration</fileType>
        <macroValue></macroValue>
        <mainProcess>false</mainProcess>
        <overrideTransformationPath></overrideTransformationPath>
        <referringArtifactPath>C:/DataConnect_Workspaces/Kalsec/Ccurra/Ccurra_Error_Process_Delete.process</referringArtifactPath>
        <version>1.79</version>
    </FileEntry>
    <FileEntry>
        <entryPoint>C:\DataConnect_Workspaces\Kalsec\Ccurra\Ccurra_Error_Process_Delete.process</entryPoint>
        <fileName>GetDelete_ExistingRecord_AddCcurra</fileName>
        <filePath>C:/DataConnect_Workspaces/Kalsec/Ccurra/GetDelete_ExistingRecord_AddCcurra.map</filePath>
        <fileType>Map</fileType>
        <macroValue></macroValue>
        <mainProcess>false</mainProcess>
        <overrideTransformationPath>C:\DataConnect_Workspaces\Kalsec\Ccurra\GetDelete_ExistingRecord_AddCcurra.map.rtc</overrideTransformationPath>
        <version>1.66</version>
    </FileEntry>
    <FileEntry>
        <entryPoint>C:\DataConnect_Workspaces\Kalsec\Ccurra\Ccurra_Error_Process_Delete.process</entryPoint>
        <fileName>GetDelete_ExistingRecord_AddCcurra</fileName>
        <filePath>C:/DataConnect_Workspaces/Kalsec/Ccurra/GetDelete_ExistingRecord_AddCcurra.map.rtc</filePath>
        <fileType>Map Configuration</fileType>
        <macroValue></macroValue>
        <mainProcess>false</mainProcess>
        <overrideTransformationPath></overrideTransformationPath>
        <referringArtifactPath>C:/DataConnect_Workspaces/Kalsec/Ccurra/Ccurra_Error_Process_Delete.process</referringArtifactPath>
        <version>1.66</version>
    </FileEntry>
    <FileEntry>
        <entryPoint>C:\DataConnect_Workspaces\Kalsec\Ccurra\Ccurra_Error_Process_Delete.process</entryPoint>
        <fileName>UpdateReplaceFlagMsg_Ccurra</fileName>
        <filePath>C:/DataConnect_Workspaces/Kalsec/Ccurra/UpdateReplaceFlagMsg_Ccurra.map</filePath>
        <fileType>Map</fileType>
        <macroValue></macroValue>
        <mainProcess>false</mainProcess>
        <overrideTransformationPath>C:\DataConnect_Workspaces\Kalsec\Ccurra\UpdateReplaceFlagMsg_Ccurra.map.rtc</overrideTransformationPath>
        <version>1.40</version>
    </FileEntry>
    <FileEntry>
        <entryPoint>C:\DataConnect_Workspaces\Kalsec\Ccurra\Ccurra_Error_Process_Delete.process</entryPoint>
        <fileName>UpdateReplaceFlagMsg_Ccurra</fileName>
        <filePath>C:/DataConnect_Workspaces/Kalsec/Ccurra/UpdateReplaceFlagMsg_Ccurra.map.rtc</filePath>
        <fileType>Map Configuration</fileType>
        <macroValue></macroValue>
        <mainProcess>false</mainProcess>
        <overrideTransformationPath></overrideTransformationPath>
        <referringArtifactPath>C:/DataConnect_Workspaces/Kalsec/Ccurra/Ccurra_Error_Process_Delete.process</referringArtifactPath>
        <version>1.40</version>
    </FileEntry>
    <FileEntry>
        <entryPoint>C:\DataConnect_Workspaces\Kalsec\Ccurra\Ccurra_Error_Process_Delete.process</entryPoint>
        <fileName>GetAdd_ExistingRecord_Ccurra</fileName>
        <filePath>C:/DataConnect_Workspaces/Kalsec/Ccurra/GetAdd_ExistingRecord_Ccurra.map</filePath>
        <fileType>Map</fileType>
        <macroValue></macroValue>
        <mainProcess>false</mainProcess>
        <overrideTransformationPath>C:\DataConnect_Workspaces\Kalsec\Ccurra\GetAdd_ExistingRecord_Ccurra.map.rtc</overrideTransformationPath>
        <version>1.6</version>
    </FileEntry>
    <FileEntry>
        <entryPoint>C:\DataConnect_Workspaces\Kalsec\Ccurra\Ccurra_Error_Process_Delete.process</entryPoint>
        <fileName>GetAdd_ExistingRecord_Ccurra</fileName>
        <filePath>C:/DataConnect_Workspaces/Kalsec/Ccurra/GetAdd_ExistingRecord_Ccurra.map.rtc</filePath>
        <fileType>Map Configuration</fileType>
        <macroValue></macroValue>
        <mainProcess>false</mainProcess>
        <overrideTransformationPath></overrideTransformationPath>
        <referringArtifactPath>C:/DataConnect_Workspaces/Kalsec/Ccurra/Ccurra_Error_Process_Delete.process</referringArtifactPath>
        <version>1.6</version>
    </FileEntry>
    <FileEntry>
        <fileName>Ccurra_Error_Process_Delete_macros.json</fileName>
        <filePath>C:/DataConnect_Workspaces/Kalsec/Ccurra_Error_Process_Delete_macros.json</filePath>
        <fileType>Macro</fileType>
        <macroValue></macroValue>
        <mainProcess>false</mainProcess>
        <overrideTransformationPath></overrideTransformationPath>
    </FileEntry>
    <PackageName>Ccurra_Delete</PackageName>
    <packageversion>1.0</packageversion>
</PackageManager>
