<?xml version="1.0" encoding="UTF-8" standalone="yes"?>
<PackageManager creator="HCLTECH\durgaprasad.kopan" datecreated="2023-02-03T16:06:47.366064+05:30" expandmacros="true" includeMacroDefinition="true" newinventory="false" updatedBy="HCLTECH\durgaprasad.kopan" updatedDate="2023-02-03T16:06:48.4270365+05:30" whichMacrosToInclude="configuration">
    <EntryPoint>C:\DataConnect_Workspaces\Kalsec\Ccurra\Ccurra_Error_Process_Replace.process</EntryPoint>
    <EntrypointFileType>PROCESSV10</EntrypointFileType>
    <FileEntry>
        <entryPoint>C:\DataConnect_Workspaces\Kalsec\Ccurra\Ccurra_Error_Process_Replace.process</entryPoint>
        <fileName>Ccurra_Error_Process_Replace</fileName>
        <filePath>C:/DataConnect_Workspaces/Kalsec/Ccurra/Ccurra_Error_Process_Replace.process</filePath>
        <fileType>Process</fileType>
        <macroValue></macroValue>
        <mainProcess>true</mainProcess>
        <overrideTransformationPath></overrideTransformationPath>
        <version>1.219</version>
    </FileEntry>
    <FileEntry>
        <entryPoint>C:\DataConnect_Workspaces\Kalsec\Ccurra\Ccurra_Error_Process_Replace.process</entryPoint>
        <fileName>Ccurra_Error_Process_Replace</fileName>
        <filePath>C:/DataConnect_Workspaces/Kalsec/Ccurra/Ccurra_Error_Process_Replace.process.rtc</filePath>
        <fileType>Process Configuration</fileType>
        <macroValue></macroValue>
        <mainProcess>false</mainProcess>
        <overrideTransformationPath></overrideTransformationPath>
        <referringArtifactPath>C:/DataConnect_Workspaces/Kalsec/Ccurra/Ccurra_Error_Process_Replace.process</referringArtifactPath>
        <version>1.219</version>
    </FileEntry>
    <FileEntry>
        <entryPoint>C:\DataConnect_Workspaces\Kalsec\Ccurra\Ccurra_Error_Process_Replace.process</entryPoint>
        <fileName>Schema_Ccurra.schema</fileName>
        <filePath>C:/DataConnect_Workspaces/Kalsec/Local_Job_SPEC/Input/Schema_Ccurra.schema</filePath>
        <fileType>External Schema</fileType>
        <macroValue>$(SCHEMA_LOC)Schema_Ccurra.schema</macroValue>
        <mainProcess>false</mainProcess>
        <overrideTransformationPath></overrideTransformationPath>
        <version>1.0</version>
    </FileEntry>
    <FileEntry>
        <entryPoint>C:\DataConnect_Workspaces\Kalsec\Ccurra\Ccurra_Error_Process_Replace.process</entryPoint>
        <fileName>Replace_Ccurra</fileName>
        <filePath>C:/DataConnect_Workspaces/Kalsec/Ccurra/Replace_Ccurra.map</filePath>
        <fileType>Map</fileType>
        <macroValue></macroValue>
        <mainProcess>false</mainProcess>
        <overrideTransformationPath>C:\DataConnect_Workspaces\Kalsec\Ccurra\Replace_Ccurra.map.rtc</overrideTransformationPath>
        <version>1.78</version>
    </FileEntry>
    <FileEntry>
        <entryPoint>C:\DataConnect_Workspaces\Kalsec\Ccurra\Ccurra_Error_Process_Replace.process</entryPoint>
        <fileName>Replace_Ccurra</fileName>
        <filePath>C:/DataConnect_Workspaces/Kalsec/Ccurra/Replace_Ccurra.map.rtc</filePath>
        <fileType>Map Configuration</fileType>
        <macroValue></macroValue>
        <mainProcess>false</mainProcess>
        <overrideTransformationPath></overrideTransformationPath>
        <referringArtifactPath>C:/DataConnect_Workspaces/Kalsec/Ccurra/Ccurra_Error_Process_Replace.process</referringArtifactPath>
        <version>1.78</version>
    </FileEntry>
    <FileEntry>
        <entryPoint>C:\DataConnect_Workspaces\Kalsec\Ccurra\Ccurra_Error_Process_Replace.process</entryPoint>
        <fileName>GetAdd_ExistingRecord_Ccurra</fileName>
        <filePath>C:/DataConnect_Workspaces/Kalsec/Ccurra/GetAdd_ExistingRecord_Ccurra.map</filePath>
        <fileType>Map</fileType>
        <macroValue></macroValue>
        <mainProcess>false</mainProcess>
        <overrideTransformationPath>C:\DataConnect_Workspaces\Kalsec\Ccurra\GetAdd_ExistingRecord_Ccurra.map.rtc</overrideTransformationPath>
        <version>1.6</version>
    </FileEntry>
    <FileEntry>
        <entryPoint>C:\DataConnect_Workspaces\Kalsec\Ccurra\Ccurra_Error_Process_Replace.process</entryPoint>
        <fileName>GetAdd_ExistingRecord_Ccurra</fileName>
        <filePath>C:/DataConnect_Workspaces/Kalsec/Ccurra/GetAdd_ExistingRecord_Ccurra.map.rtc</filePath>
        <fileType>Map Configuration</fileType>
        <macroValue></macroValue>
        <mainProcess>false</mainProcess>
        <overrideTransformationPath></overrideTransformationPath>
        <referringArtifactPath>C:/DataConnect_Workspaces/Kalsec/Ccurra/Ccurra_Error_Process_Replace.process</referringArtifactPath>
        <version>1.6</version>
    </FileEntry>
    <FileEntry>
        <entryPoint>C:\DataConnect_Workspaces\Kalsec\Ccurra\Ccurra_Error_Process_Replace.process</entryPoint>
        <fileName>UpdateReplaceFlagMsg_Ccurra</fileName>
        <filePath>C:/DataConnect_Workspaces/Kalsec/Ccurra/UpdateReplaceFlagMsg_Ccurra.map</filePath>
        <fileType>Map</fileType>
        <macroValue></macroValue>
        <mainProcess>false</mainProcess>
        <overrideTransformationPath>C:\DataConnect_Workspaces\Kalsec\Ccurra\UpdateReplaceFlagMsg_Ccurra.map.rtc</overrideTransformationPath>
        <version>1.40</version>
    </FileEntry>
    <FileEntry>
        <entryPoint>C:\DataConnect_Workspaces\Kalsec\Ccurra\Ccurra_Error_Process_Replace.process</entryPoint>
        <fileName>UpdateReplaceFlagMsg_Ccurra</fileName>
        <filePath>C:/DataConnect_Workspaces/Kalsec/Ccurra/UpdateReplaceFlagMsg_Ccurra.map.rtc</filePath>
        <fileType>Map Configuration</fileType>
        <macroValue></macroValue>
        <mainProcess>false</mainProcess>
        <overrideTransformationPath></overrideTransformationPath>
        <referringArtifactPath>C:/DataConnect_Workspaces/Kalsec/Ccurra/Ccurra_Error_Process_Replace.process</referringArtifactPath>
        <version>1.40</version>
    </FileEntry>
    <FileEntry>
        <fileName>Ccurra_Error_Process_Replace_macros.json</fileName>
        <filePath>C:/DataConnect_Workspaces/Kalsec/Ccurra_Error_Process_Replace_macros.json</filePath>
        <fileType>Macro</fileType>
        <macroValue></macroValue>
        <mainProcess>false</mainProcess>
        <overrideTransformationPath></overrideTransformationPath>
    </FileEntry>
    <PackageName>Ccurra</PackageName>
    <packageversion>1.0</packageversion>
</PackageManager>
