<?xml version="1.0" encoding="UTF-8" standalone="yes"?>
<PackageManager creator="HCLTECH\shaik.fatima" datecreated="2022-08-17T16:40:22.070837+05:30" expandmacros="true" includeMacroDefinition="true" newinventory="false" updatedBy="HCLTECH\shaik.fatima" updatedDate="2022-08-17T16:40:22.5843653+05:30" whichMacrosToInclude="configuration">
    <EntryPoint>C:\DataConnect_Workspaces\Kalsec\LocalTest\FindFilesCount.process</EntryPoint>
    <EntrypointFileType>PROCESSV10</EntrypointFileType>
    <FileEntry>
        <entryPoint>C:\DataConnect_Workspaces\Kalsec\LocalTest\FindFilesCount.process</entryPoint>
        <fileName>FindFilesCount</fileName>
        <filePath>C:/DataConnect_Workspaces/Kalsec/LocalTest/FindFilesCount.process</filePath>
        <fileType>Process</fileType>
        <macroValue></macroValue>
        <mainProcess>true</mainProcess>
        <overrideTransformationPath></overrideTransformationPath>
        <version>1.2</version>
    </FileEntry>
    <FileEntry>
        <entryPoint>C:\DataConnect_Workspaces\Kalsec\LocalTest\FindFilesCount.process</entryPoint>
        <fileName>FindFilesCount</fileName>
        <filePath>C:/DataConnect_Workspaces/Kalsec/LocalTest/FindFilesCount.process.rtc</filePath>
        <fileType>Process Configuration</fileType>
        <macroValue></macroValue>
        <mainProcess>false</mainProcess>
        <overrideTransformationPath></overrideTransformationPath>
        <referringArtifactPath>C:/DataConnect_Workspaces/Kalsec/LocalTest/FindFilesCount.process</referringArtifactPath>
        <version>1.2</version>
    </FileEntry>
    <FileEntry>
        <fileName>FindFilesCount_macros.json</fileName>
        <filePath>C:/DataConnect_Workspaces/Kalsec/FindFilesCount_macros.json</filePath>
        <fileType>Macro</fileType>
        <macroValue></macroValue>
        <mainProcess>false</mainProcess>
        <overrideTransformationPath></overrideTransformationPath>
    </FileEntry>
    <PackageName>FilesCount</PackageName>
    <packageversion>1.0</packageversion>
</PackageManager>
