<?xml version="1.0" encoding="UTF-8"?>
<!--======  Integration  XML ======-->
<!-- <!DOCTYPE Process SYSTEM "DJProcess.dtd"> -->
<Process author="chrish" creator="chrish"
    datecreated="2010-02-04T17:15:27Z"
    datemodified="2011-01-04T22:03:03Z" maxconcurrentthreads="1"
    name="CreateSendPmtRequest.ip.xml" schemaVersion="1.2"
        version="1.15">
  
  <LogManager
        loglocation="C:\Program Files\Pervasive\Cosmos\Common800\log\CreateSendPmtRequest.log"
            messagetypemask="15"/>
  <ProcessOptions>
    <Option
            name="logging" value="True"/>
    <Option name="clearlog"
            value="False"/>
    <Option name="breakonerror"
            value="True"/>
    <Option name="useeventlog"
            value="False"/>
  </ProcessOptions>
  <Sessions>
    <Session
            name="Session-1" resourcemanager="$(DBNAME)"
            server="$(SQLSERVER)" transactionindicator="False"
            type="SQL Server 2005"
                    userid="$(DBUSERNAME)">
      <Password><![CDATA[AQBBAKQAwABhAHAAegA5APkA+AC9AF0ALAAGAJYA]]></Password>
      <SessionOptions>
        <Option
                    name="txnisolation"
            value="serializable"/>
      </SessionOptions>
    </Session>
  </Sessions>
  <Components>
    <Component
            componenttype="Invoker" componentversion="1.1.0"
            name="Pmt WS Invoker" transactionindicator="False"
                    type="Web Service Invoker Component">
      <ComponentOptions>
        <Option
                    name="WSDL-URL"
                    value="$(PMT_WSDL_FILE)"/>
        <Option
                    name="SchemaDir"
                    value="$(WEB_SVC_INPUT_DIR)"/>
        <Option
                    name="username"/>
        <Option name="password"
                    value="\U+0002"/>
        <Option name="Timeout"
                    value="60"/>
        <Option name="RetryLimit"
            value="3"/>
      </ComponentOptions>
    </Component>
  </Components>
  <Steps>
    <Step
            location="" name="Start" type="Start"/>
    <Step
            location="" name="Stop"
                    type="Stop">
      <Predecessors>
        <Predecessor
                    condition="Unconditional"
            name="Pmt WS Invoker"/>
      </Predecessors>
    </Step>
    <Step
            name="Generate SOAP Req"
            source="$(WEB_SVC_INPUT_DIR)/TmpPmtSOAP.xml"
            stylesheet="$(PMT_STYLESHEET)" target="djmessage:///request"
                    type="XSLT">
      <Predecessors>
        <Predecessor
                    condition="Unconditional"
            name="Create Pmt Req"/>
      </Predecessors>
    </Step>
    <Step
            component="Pmt WS Invoker" name="Pmt WS Invoker"
                    type="Invoker">
      <Actions>
        <Action
                        name="Execute">
          <Parameter
                        name="SourceMessage"
                        position="0"><![CDATA[request]]></Parameter>
          <Parameter
                        name="TargetMessage"
                    position="1"><![CDATA[response]]></Parameter>
        </Action>
      </Actions>
      <StepOptions>
        <Option
                    name="Service"
                    value="ImportAndPostPaymentBatchService"/>
        <Option
                    name="Binding"
                    value="ImportAndPostPaymentBatchServiceSOAP"/>
        <Option
                    name="Port"
                    value="$(PMT_SERVICE_ENDPOINT)"/>
        <Option
                    name="Operation"
                    value="ImportAndPostPaymentBatchOperation"/>
        <Option
                    name="RequestSchema"
                    value="C:\CRS5ETL\custom\HEB\ImportAndPostPaymentBatchServiceSOAP.ImportAndPostPaymentBatchService.ImportAndPostPaymentBatchOperation.request.xsd"/>
        <Option
                    name="ResponseSchema"
                    value="C:\CRS5ETL\custom\HEB\ImportAndPostPaymentBatchServiceSOAP.ImportAndPostPaymentBatchService.ImportAndPostPaymentBatchOperation.response.xsd"/>
      </StepOptions>
      <Predecessors>
        <Predecessor
                    condition="Unconditional"
            name="Generate SOAP Req"/>
      </Predecessors>
    </Step>
    <Step
            copytransformationfile="False" location=""
            name="Create Pmt Req"
            processname="../Maps/CreatePmtReqInfo.map.xml"
                    type="Transformation">
      <Predecessors>
        <Predecessor
                    condition="Unconditional"
                    name="Start"/>
        <Predecessor
                    condition="Unconditional"
                    name="Insert Into Reg"/>
        <Predecessor
                    condition="False"
            name="Registry?"/>
      </Predecessors>
    </Step>
    <Step
            name="Registry?"
                    type="Decision">
      <Expression><![CDATA[MacroValue("ADD_TO_REGISTRY") == "Y"]]></Expression>
      <Predecessors>
        <Predecessor
                    condition="Unconditional"
            name="Start"/>
      </Predecessors>
    </Step>
    <Step
            location="" name="Calc CRC"
                    type="Scripting">
      <Expression><![CDATA[dim lgChecksum
dim JavaVirtualMachine as JavaVM
dim obj as JavaObject
dim obj2 as JavaObject
dim strTemp

strTemp = "-Djava.class.path=" & MacroValue("JAVA_CLASS_PATH")

set JavaVirtualMachine = New JavaVM(strTemp) 


obj = JavaVirtualMachine.new com.crsoftwareinc.crs.core.common.util.ChecksumUtil()

strTemp = MacroExpand("$(PAYMENT_OUTPUT_DIR)\$(PAYMENT_IMPORT_FILE)")
 
LogMessage("INFO", "Calculating Checksum on file : " & strTemp)
 
lgChecksum = obj.calculateCrc32ChecksumValueAsString(strTemp)

DefineMacro("PAYMENT_IMPORT_FILE_CHECKSUM", lgChecksum, "Checksum of the File")

LogMessage("INFO", "Checksum of file " & strTemp & " is " & lgChecksum)]]></Expression>
      <Predecessors>
        <Predecessor
                    condition="True"
            name="Registry?"/>
      </Predecessors>
    </Step>
    <Step
            name="Insert Into Reg" sqlsession="Session-1"
                    type="SQL">
      <SQLStatement><![CDATA[INSERT INTO [File_Registry]
           ([file_crc_nmbr]
           ,[file_crt_dttm]
           ,[file_name_full_txt]
           ,[file_stts_cd]
           ,[file_typ_cd]
           ,[upsrt_dttm]
           ,[upsrt_soft_comp_id]
           ,[upsrt_trnsctn_nmbr]
           ,[upsrt_usr_id])
     VALUES
           (Cast('DJX(MacroValue("PAYMENT_IMPORT_FILE_CHECKSUM"))' as bigint),
           GetDate(),
           'DJX(MacroExpand("$(PAYMENT_IMPORT_FILE)"))',
           1,
           2,
           getDate(),
           19,
           0,
           1)]]></SQLStatement>
      <Predecessors>
        <Predecessor
                    condition="Unconditional" name="Calc CRC"/>
      </Predecessors>
    </Step>
  </Steps>
</Process>
