<?xml version="1.0" encoding="UTF-8"?>
<!--======  Integration  XML ======-->
<!-- <!DOCTYPE Process SYSTEM "DJProcess.dtd"> -->
<Process author="702002147" creator="702002147"
    datecreated="2011-02-18T21:35:06Z"
    datemodified="2011-03-03T19:43:24Z" maxconcurrentthreads="1"
    name="StandardAREvents.ip.xml" schemaVersion="1.2"
        version="1.4">
  
  <LogManager
        loglocation="C:\Documents and Settings\702002147.USACORP\Pervasive\Logs\ProcessDesigner\StandardAREvents.log"
            messagetypemask="15"/>
  <ProcessOptions>
    <Option
            name="logging" value="True"/>
    <Option name="clearlog"
            value="False"/>
    <Option name="breakonerror"
            value="True"/>
    <Option name="useeventlog"
            value="False"/>
  </ProcessOptions>
  <Sessions>
    <Session
            name="SQLServer2008-1" resourcemanager="$(DBNAME)"
            server="$(SQLSERVER)" transactionindicator="False"
            type="SQL Server 2008"
            userid="$(DBUSERNAME)">
      <Password><![CDATA[AQBBAKQAwABhAHAAegA5APkA+AC9AF0ALAAGAJYA]]></Password>
      <SessionOptions/>
    </Session>
  </Sessions>
  <Steps>
    <Step
            location="" name="Start" type="Start"/>
    <Step
            location="" name="Stop"
                    type="Stop">
      <Predecessors>
        <Predecessor
                    condition="Unconditional"
            name="Pre AR Events"/>
      </Predecessors>
    </Step>
    <Step
            copytransformationfile="False" location=""
            name="Pre AR Events"
            processname="../Maps/StandardAREvent.map.xml"
            sourcesession="SQLServer2008-1"
                    type="Transformation">
      <Predecessors>
        <Predecessor
                    condition="Unconditional" name="Start"/>
      </Predecessors>
    </Step>
  </Steps>
</Process>
