<?xml version="1.0" encoding="UTF-8"?>
<!--======  Integration  XML ======-->
<!-- <!DOCTYPE Process SYSTEM "DJProcess.dtd"> -->
<Process author="Don" creator="Don" datecreated="2008-06-25T14:39:58Z"
    datemodified="2013-08-11T21:12:03Z" maxconcurrentthreads="1"
    name="TitaniumFullCycleNewBusiness.ip.xml" schemaVersion="1.2"
        version="1.5">
  
  <LogManager
        loglocation="C:\Users\sparameshwarappa\Pervasive\Logs\ProcessDesigner\TitaniumFullCycleNewBusiness.log"
            messagetypemask="15"/>
  <ProcessOptions>
    <Option
            name="logging" value="True"/>
    <Option name="clearlog"
            value="False"/>
    <Option name="breakonerror"
            value="True"/>
    <Option name="useeventlog"
            value="False"/>
  </ProcessOptions>
  <Sessions>
    <Session
            name="SQLServer2005MassInsert-1" resourcemanager="$(DBNAME)"
            server="$(SQLSERVER)" transactionindicator="False"
            type="SQL Server 2005 Mass Insert"
            userid="$(DBUSERNAME)">
      <Password><![CDATA[AQBBAKQAwABhAHAAegA5APkA+AC9AF0ALAAGAJYA]]></Password>
      <SessionOptions/>
    </Session>
    <Session
            name="SQLServer2005MassInsert-2" resourcemanager="$(DBNAME)"
            server="$(SQLSERVER)" transactionindicator="False"
            type="SQL Server 2005 Mass Insert"
            userid="$(DBUSERNAME)">
      <Password><![CDATA[AQBBAKQAwABhAHAAegA5APkA+AC9AF0ALAAGAJYA]]></Password>
      <SessionOptions/>
    </Session>
    <Session
            name="SQLServer2005MassInsert-3" resourcemanager="$(DBNAME)"
            server="$(SQLSERVER)" transactionindicator="False"
            type="SQL Server 2005 Mass Insert"
            userid="$(DBUSERNAME)">
      <Password><![CDATA[AQBBAKQAwABhAHAAegA5APkA+AC9AF0ALAAGAJYA]]></Password>
      <SessionOptions/>
    </Session>
  </Sessions>
  <Steps>
    <Step
            location="" name="Start" type="Start"/>
    <Step
            location="" name="Stop"
                    type="Stop">
      <Predecessors>
        <Predecessor
                    condition="False"
                    name="Decision1"/>
        <Predecessor
                    condition="Unconditional"
            name="Convert to NB XML File"/>
      </Predecessors>
    </Step>
    <Step
            copytransformationfile="False" location=""
            name="Convert to NB XML File"
            processname="../Maps/TitaniumFullCycleNewBusiness.map.xml"
                    type="Transformation">
      <Description><![CDATA[Take file in Titanium Full Cycle format and convert to NB XML]]></Description>
      <Predecessors>
        <Predecessor
                    condition="True"
            name="Decision1"/>
      </Predecessors>
    </Step>
    <Step
            name="Find new payers?"
                    type="Decision">
      <Expression><![CDATA[MacroValue("RUN_NEW_PAYERS") == "Y"]]></Expression>
      <Predecessors>
        <Predecessor
                    condition="Unconditional"
            name="Start"/>
      </Predecessors>
    </Step>
    <Step
            name="Decision1"
                    type="Decision">
      <Expression><![CDATA[MacroValue("RUN_NEW_BUSINESS") == "Y"]]></Expression>
      <Predecessors>
        <Predecessor
                    condition="False"
                    name="Find new payers?"/>
        <Predecessor
                    condition="Unconditional"
            name="Transfer new payers"/>
      </Predecessors>
    </Step>
    <Step
            location="$(SQLDIR)\CreatePayerStagingTable.sql"
            name="Create staging tables"
            sqlsession="SQLServer2005MassInsert-1"
                    type="SQL">
      <Predecessors>
        <Predecessor
                    condition="True"
            name="Find new payers?"/>
      </Predecessors>
    </Step>
    <Step
            copytransformationfile="False" location=""
            name="Load payers to staging"
            processname="../Maps/TitaniumFullCycleNewMDPayers.map.xml"
            targetsession="SQLServer2005MassInsert-1"
                    type="Transformation">
      <Predecessors>
        <Predecessor
                    condition="Unconditional"
            name="Create staging tables"/>
      </Predecessors>
    </Step>
    <Step
            location="$(SQLDIR)\TitaniumFullCycleNewMedicalPayers.sql"
            name="Transfer new payers"
            sqlsession="SQLServer2005MassInsert-1"
                    type="SQL">
      <Predecessors>
        <Predecessor
                    condition="Unconditional" name="Load payers to staging"/>
      </Predecessors>
    </Step>
  </Steps>
</Process>
