<?xml version="1.0" encoding="UTF-8" standalone="yes"?>
<PackageManager creator="HCLTECH\saravanan_s" datecreated="2023-02-16T14:18:32.400551+05:30" expandmacros="true" includeMacroDefinition="true" newinventory="false" updatedBy="HCLTECH\saravanan_s" updatedDate="2023-02-16T21:00:07.0265837+05:30" whichMacrosToInclude="workspace">
    <EntryPoint>C:\DataConnect_Workspaces\Kalsec\Kalsec_REST_API\MITMAS\Mitmas_Main_Process.process</EntryPoint>
    <EntrypointFileType>PROCESSV10</EntrypointFileType>
    <FileEntry>
        <entryPoint>C:\DataConnect_Workspaces\Kalsec\Kalsec_REST_API\MITMAS\Mitmas_Main_Process.process</entryPoint>
        <fileName>Mitmas_Main_Process</fileName>
        <filePath>C:/DataConnect_Workspaces/Kalsec/Kalsec_REST_API/MITMAS/Mitmas_Main_Process.process</filePath>
        <fileType>Process</fileType>
        <macroValue></macroValue>
        <mainProcess>true</mainProcess>
        <overrideTransformationPath></overrideTransformationPath>
        <version>1.58</version>
    </FileEntry>
    <FileEntry>
        <entryPoint>C:\DataConnect_Workspaces\Kalsec\Kalsec_REST_API\MITMAS\Mitmas_Main_Process.process</entryPoint>
        <fileName>Mitmas_Main_Process</fileName>
        <filePath>C:/DataConnect_Workspaces/Kalsec/Kalsec_REST_API/MITMAS/Mitmas_Main_Process.process.rtc</filePath>
        <fileType>Process Configuration</fileType>
        <macroValue></macroValue>
        <mainProcess>false</mainProcess>
        <overrideTransformationPath></overrideTransformationPath>
        <referringArtifactPath>C:/DataConnect_Workspaces/Kalsec/Kalsec_REST_API/MITMAS/Mitmas_Main_Process.process</referringArtifactPath>
        <version>1.58</version>
    </FileEntry>
    <FileEntry>
        <entryPoint>C:\DataConnect_Workspaces\Kalsec\Kalsec_REST_API\MITMAS\Mitmas_Main_Process.process</entryPoint>
        <fileName>Mitmas_Error_Process_Replace</fileName>
        <filePath>C:/DataConnect_Workspaces/Kalsec/Kalsec_REST_API/MITMAS/Mitmas_Error_Process_Replace.process</filePath>
        <fileType>Process</fileType>
        <macroValue></macroValue>
        <mainProcess>false</mainProcess>
        <overrideTransformationPath></overrideTransformationPath>
        <referringArtifactPath>C:/DataConnect_Workspaces/Kalsec/Kalsec_REST_API/MITMAS/Mitmas_Main_Process.process</referringArtifactPath>
        <version>1.74</version>
    </FileEntry>
    <FileEntry>
        <entryPoint>C:\DataConnect_Workspaces\Kalsec\Kalsec_REST_API\MITMAS\Mitmas_Main_Process.process</entryPoint>
        <fileName>Mitmas_Error_Process_Replace</fileName>
        <filePath>C:/DataConnect_Workspaces/Kalsec/Kalsec_REST_API/MITMAS/Mitmas_Error_Process_Replace.process.rtc</filePath>
        <fileType>Process Configuration</fileType>
        <macroValue></macroValue>
        <mainProcess>false</mainProcess>
        <overrideTransformationPath></overrideTransformationPath>
        <referringArtifactPath>C:/DataConnect_Workspaces/Kalsec/Kalsec_REST_API/MITMAS/Mitmas_Error_Process_Replace.process</referringArtifactPath>
        <version>1.74</version>
    </FileEntry>
    <FileEntry>
        <entryPoint>C:\DataConnect_Workspaces\Kalsec\Kalsec_REST_API\MITMAS\Mitmas_Main_Process.process</entryPoint>
        <fileName>Schema_Mitmas.schema</fileName>
        <filePath>C:/DataConnect_Workspaces/Kalsec/Local_Job_SPEC/Input/Schema_Mitmas.schema</filePath>
        <fileType>External Schema</fileType>
        <macroValue>$(LOCAL_JOB_SPEC_DIR)Schema_Mitmas.schema</macroValue>
        <mainProcess>false</mainProcess>
        <overrideTransformationPath></overrideTransformationPath>
        <version>1.0</version>
    </FileEntry>
    <FileEntry>
        <entryPoint>C:\DataConnect_Workspaces\Kalsec\Kalsec_REST_API\MITMAS\Mitmas_Main_Process.process</entryPoint>
        <fileName>GetDelete_ExistingRecord_Mitmas</fileName>
        <filePath>C:/DataConnect_Workspaces/Kalsec/Kalsec_REST_API/MITMAS/GetDelete_ExistingRecord_Mitmas.map</filePath>
        <fileType>Map</fileType>
        <macroValue></macroValue>
        <mainProcess>false</mainProcess>
        <overrideTransformationPath>C:\DataConnect_Workspaces\Kalsec\Kalsec_REST_API\MITMAS\GetAdd_ExistingRecord_Mitmas.map.rtc</overrideTransformationPath>
        <version>1.64</version>
    </FileEntry>
    <FileEntry>
        <entryPoint>C:\DataConnect_Workspaces\Kalsec\Kalsec_REST_API\MITMAS\Mitmas_Main_Process.process</entryPoint>
        <fileName>GetAdd_ExistingRecord_Mitmas</fileName>
        <filePath>C:/DataConnect_Workspaces/Kalsec/Kalsec_REST_API/MITMAS/GetAdd_ExistingRecord_Mitmas.map.rtc</filePath>
        <fileType>Map Configuration</fileType>
        <macroValue></macroValue>
        <mainProcess>false</mainProcess>
        <overrideTransformationPath></overrideTransformationPath>
        <referringArtifactPath>C:/DataConnect_Workspaces/Kalsec/Kalsec_REST_API/MITMAS/Mitmas_Error_Process_Replace.process</referringArtifactPath>
        <version>1.64</version>
    </FileEntry>
    <FileEntry>
        <entryPoint>C:\DataConnect_Workspaces\Kalsec\Kalsec_REST_API\MITMAS\Mitmas_Main_Process.process</entryPoint>
        <fileName>Replace_Mitmas</fileName>
        <filePath>C:/DataConnect_Workspaces/Kalsec/Kalsec_REST_API/MITMAS/Replace_Mitmas.map</filePath>
        <fileType>Map</fileType>
        <macroValue></macroValue>
        <mainProcess>false</mainProcess>
        <overrideTransformationPath>C:\DataConnect_Workspaces\Kalsec\Kalsec_REST_API\MITMAS\Replace_Mitmas.map.rtc</overrideTransformationPath>
        <version>1.63</version>
    </FileEntry>
    <FileEntry>
        <entryPoint>C:\DataConnect_Workspaces\Kalsec\Kalsec_REST_API\MITMAS\Mitmas_Main_Process.process</entryPoint>
        <fileName>Replace_Mitmas</fileName>
        <filePath>C:/DataConnect_Workspaces/Kalsec/Kalsec_REST_API/MITMAS/Replace_Mitmas.map.rtc</filePath>
        <fileType>Map Configuration</fileType>
        <macroValue></macroValue>
        <mainProcess>false</mainProcess>
        <overrideTransformationPath></overrideTransformationPath>
        <referringArtifactPath>C:/DataConnect_Workspaces/Kalsec/Kalsec_REST_API/MITMAS/Mitmas_Error_Process_Replace.process</referringArtifactPath>
        <version>1.63</version>
    </FileEntry>
    <FileEntry>
        <entryPoint>C:\DataConnect_Workspaces\Kalsec\Kalsec_REST_API\MITMAS\Mitmas_Main_Process.process</entryPoint>
        <fileName>UpdateFlagMsg_Mitmas</fileName>
        <filePath>C:/DataConnect_Workspaces/Kalsec/Kalsec_REST_API/MITMAS/UpdateFlagMsg_Mitmas.map</filePath>
        <fileType>Map</fileType>
        <macroValue></macroValue>
        <mainProcess>false</mainProcess>
        <overrideTransformationPath>C:\DataConnect_Workspaces\Kalsec\Kalsec_REST_API\MITMAS\UpdateFlagMsg_Mitmas.map.rtc</overrideTransformationPath>
        <version>1.63</version>
    </FileEntry>
    <FileEntry>
        <entryPoint>C:\DataConnect_Workspaces\Kalsec\Kalsec_REST_API\MITMAS\Mitmas_Main_Process.process</entryPoint>
        <fileName>UpdateFlagMsg_Mitmas</fileName>
        <filePath>C:/DataConnect_Workspaces/Kalsec/Kalsec_REST_API/MITMAS/UpdateFlagMsg_Mitmas.map.rtc</filePath>
        <fileType>Map Configuration</fileType>
        <macroValue></macroValue>
        <mainProcess>false</mainProcess>
        <overrideTransformationPath></overrideTransformationPath>
        <referringArtifactPath>C:/DataConnect_Workspaces/Kalsec/Kalsec_REST_API/MITMAS/Mitmas_Error_Process_Replace.process</referringArtifactPath>
        <version>1.63</version>
    </FileEntry>
    <FileEntry>
        <entryPoint>C:\DataConnect_Workspaces\Kalsec\Kalsec_REST_API\MITMAS\Mitmas_Main_Process.process</entryPoint>
        <fileName>Mitmas_Error_Process_Add</fileName>
        <filePath>C:/DataConnect_Workspaces/Kalsec/Kalsec_REST_API/MITMAS/Mitmas_Error_Process_Add.process</filePath>
        <fileType>Process</fileType>
        <macroValue></macroValue>
        <mainProcess>false</mainProcess>
        <overrideTransformationPath></overrideTransformationPath>
        <referringArtifactPath>C:/DataConnect_Workspaces/Kalsec/Kalsec_REST_API/MITMAS/Mitmas_Main_Process.process</referringArtifactPath>
        <version>1.66</version>
    </FileEntry>
    <FileEntry>
        <entryPoint>C:\DataConnect_Workspaces\Kalsec\Kalsec_REST_API\MITMAS\Mitmas_Main_Process.process</entryPoint>
        <fileName>Mitmas_Error_Process_Add</fileName>
        <filePath>C:/DataConnect_Workspaces/Kalsec/Kalsec_REST_API/MITMAS/Mitmas_Error_Process_Add.process.rtc</filePath>
        <fileType>Process Configuration</fileType>
        <macroValue></macroValue>
        <mainProcess>false</mainProcess>
        <overrideTransformationPath></overrideTransformationPath>
        <referringArtifactPath>C:/DataConnect_Workspaces/Kalsec/Kalsec_REST_API/MITMAS/Mitmas_Error_Process_Add.process</referringArtifactPath>
        <version>1.66</version>
    </FileEntry>
    <FileEntry>
        <entryPoint>C:\DataConnect_Workspaces\Kalsec\Kalsec_REST_API\MITMAS\Mitmas_Main_Process.process</entryPoint>
        <fileName>GetDelete_ExistingRecord_Mitmas</fileName>
        <filePath>C:/DataConnect_Workspaces/Kalsec/Kalsec_REST_API/MITMAS/GetDelete_ExistingRecord_Mitmas.map.rtc</filePath>
        <fileType>Map Configuration</fileType>
        <macroValue></macroValue>
        <mainProcess>false</mainProcess>
        <overrideTransformationPath></overrideTransformationPath>
        <referringArtifactPath>C:/DataConnect_Workspaces/Kalsec/Kalsec_REST_API/MITMAS/Mitmas_Error_Process_Add.process</referringArtifactPath>
        <version>1.64</version>
    </FileEntry>
    <FileEntry>
        <entryPoint>C:\DataConnect_Workspaces\Kalsec\Kalsec_REST_API\MITMAS\Mitmas_Main_Process.process</entryPoint>
        <fileName>Add_Mitmas</fileName>
        <filePath>C:/DataConnect_Workspaces/Kalsec/Kalsec_REST_API/MITMAS/Add_Mitmas.map</filePath>
        <fileType>Map</fileType>
        <macroValue></macroValue>
        <mainProcess>false</mainProcess>
        <overrideTransformationPath>C:\DataConnect_Workspaces\Kalsec\Kalsec_REST_API\MITMAS\Add_Mitmas.map.rtc</overrideTransformationPath>
        <version>1.92</version>
    </FileEntry>
    <FileEntry>
        <entryPoint>C:\DataConnect_Workspaces\Kalsec\Kalsec_REST_API\MITMAS\Mitmas_Main_Process.process</entryPoint>
        <fileName>Add_Mitmas</fileName>
        <filePath>C:/DataConnect_Workspaces/Kalsec/Kalsec_REST_API/MITMAS/Add_Mitmas.map.rtc</filePath>
        <fileType>Map Configuration</fileType>
        <macroValue></macroValue>
        <mainProcess>false</mainProcess>
        <overrideTransformationPath></overrideTransformationPath>
        <referringArtifactPath>C:/DataConnect_Workspaces/Kalsec/Kalsec_REST_API/MITMAS/Mitmas_Error_Process_Add.process</referringArtifactPath>
        <version>1.92</version>
    </FileEntry>
    <FileEntry>
        <entryPoint>C:\DataConnect_Workspaces\Kalsec\Kalsec_REST_API\MITMAS\Mitmas_Main_Process.process</entryPoint>
        <fileName>Mitmas_Error_Process_Delete</fileName>
        <filePath>C:/DataConnect_Workspaces/Kalsec/Kalsec_REST_API/MITMAS/Mitmas_Error_Process_Delete.process</filePath>
        <fileType>Process</fileType>
        <macroValue></macroValue>
        <mainProcess>false</mainProcess>
        <overrideTransformationPath></overrideTransformationPath>
        <referringArtifactPath>C:/DataConnect_Workspaces/Kalsec/Kalsec_REST_API/MITMAS/Mitmas_Main_Process.process</referringArtifactPath>
        <version>1.42</version>
    </FileEntry>
    <FileEntry>
        <entryPoint>C:\DataConnect_Workspaces\Kalsec\Kalsec_REST_API\MITMAS\Mitmas_Main_Process.process</entryPoint>
        <fileName>Mitmas_Error_Process_Delete</fileName>
        <filePath>C:/DataConnect_Workspaces/Kalsec/Kalsec_REST_API/MITMAS/Mitmas_Error_Process_Delete.process.rtc</filePath>
        <fileType>Process Configuration</fileType>
        <macroValue></macroValue>
        <mainProcess>false</mainProcess>
        <overrideTransformationPath></overrideTransformationPath>
        <referringArtifactPath>C:/DataConnect_Workspaces/Kalsec/Kalsec_REST_API/MITMAS/Mitmas_Error_Process_Delete.process</referringArtifactPath>
        <version>1.42</version>
    </FileEntry>
    <FileEntry>
        <entryPoint>C:\DataConnect_Workspaces\Kalsec\Kalsec_REST_API\MITMAS\Mitmas_Main_Process.process</entryPoint>
        <fileName>Delete_Mitmas</fileName>
        <filePath>C:/DataConnect_Workspaces/Kalsec/Kalsec_REST_API/MITMAS/Delete_Mitmas.map</filePath>
        <fileType>Map</fileType>
        <macroValue></macroValue>
        <mainProcess>false</mainProcess>
        <overrideTransformationPath>C:\DataConnect_Workspaces\Kalsec\Kalsec_REST_API\MITMAS\Delete_Mitmas.map.rtc</overrideTransformationPath>
        <version>1.79</version>
    </FileEntry>
    <FileEntry>
        <entryPoint>C:\DataConnect_Workspaces\Kalsec\Kalsec_REST_API\MITMAS\Mitmas_Main_Process.process</entryPoint>
        <fileName>Delete_Mitmas</fileName>
        <filePath>C:/DataConnect_Workspaces/Kalsec/Kalsec_REST_API/MITMAS/Delete_Mitmas.map.rtc</filePath>
        <fileType>Map Configuration</fileType>
        <macroValue></macroValue>
        <mainProcess>false</mainProcess>
        <overrideTransformationPath></overrideTransformationPath>
        <referringArtifactPath>C:/DataConnect_Workspaces/Kalsec/Kalsec_REST_API/MITMAS/Mitmas_Error_Process_Delete.process</referringArtifactPath>
        <version>1.79</version>
    </FileEntry>
    <FileEntry>
        <fileName>Template_Macro.json</fileName>
        <filePath>C:/Users/saravanan_s/Actian/DataConnect/Kalsec_Workspace/Kalsec/Template_Macro.json</filePath>
        <fileType>Macro</fileType>
        <macroValue></macroValue>
        <mainProcess>false</mainProcess>
        <overrideTransformationPath></overrideTransformationPath>
    </FileEntry>
    <PackageName>RestApi_Mitmas8</PackageName>
    <packageversion>1.0</packageversion>
</PackageManager>
