<?xml version="1.0" encoding="UTF-8"?>
<!--======  Schema XML ======-->
<!-- <!DOCTYPE Schema SYSTEM "DJMap.dtd"> -->
<Schema connectorname="SQL Server 2000 Mass Insert"
    datemodified="2008-06-05T20:12:37Z" designedfor="Target"
    location="xmldb:ref:///C:/ETL/Trunk/TitaniumFullCycle/Schemas/TitaniumFullCycleConsumerTag.ss.xml"
            schemaVersion="1.2">
  <RecordLayouts>
    <RecordLayout
            length="47" name="consumerTag" status="0">
      <Origin
                originconnectstring="xmldb:ref:///C:/ETL/Trunk/TitaniumFullCycle/Schemas/TitaniumFullCycleConsumerTag.ss.xml"
                originrname="consumerTag"
                    origintype="1"/>
      <Fields>
        <Field
                        name="uniqueConsumerId">
          <Datatype
                        dataalias="char" dataautoinc="no"
                        datacurrency="no" dataidentity="no"
                        datalength="20" datanulls="yes" datapadchar=" "
                        datarowversion="no"
                    datatype="0"/>
        </Field>
        <Field
                        name="tagShortName">
          <Datatype
                        dataalias="char" dataautoinc="no"
                        datacurrency="no" dataidentity="no"
                        datalength="8" datanulls="yes" datapadchar=" "
                        datarowversion="no"
                    datatype="0"/>
        </Field>
        <Field
                        name="tagAssignDate">
          <Datatype
                        dataalias="char" dataautoinc="no"
                        datacurrency="no" dataidentity="no"
                        datalength="10" datanulls="yes" datapadchar=" "
                        datarowversion="no"
                    datatype="0"/>
        </Field>
        <Field
                        name="userIdWhoAddedTag">
          <Datatype
                        dataalias="char" dataautoinc="no"
                        datacurrency="no" dataidentity="no"
                        datalength="8" datanulls="yes" datapadchar=" "
                        datarowversion="no"
                    datatype="0"/>
        </Field>
        <Field
                        name="inActiveTag">
          <Datatype
                        dataalias="char" dataautoinc="no"
                        datacurrency="no" dataidentity="no"
                        datalength="1" datanulls="yes" datapadchar=" "
                        datarowversion="no"
                    datatype="0"/>
        </Field>
      </Fields>
      <RecordLayoutOptions>
        <Option
                    name="uniquenameprefix" value="FIELD1"/>
      </RecordLayoutOptions>
    </RecordLayout>
  </RecordLayouts>
</Schema>
