<?xml version="1.0" encoding="UTF-8"?>
<!--======  Schema XML ======-->
<!-- <!DOCTYPE Schema SYSTEM "DJMap.dtd"> -->
<Schema connectorname="SQL Server 2005" creator="Don"
    datecreated="2008-11-03T15:08:03Z"
    datemodified="2011-03-24T12:46:26Z" designedfor="Target"
    location="xmldb:ref:///C:/ETL/Trunk/TitaniumFullCycle/Schemas/TitaniumFullCycleJointOwner.ss.xml"
            schemaVersion="1.2">
  <RecordLayouts>
    <RecordLayout
            length="60" name="R1" status="0">
      <Origin
                    origintype="0"/>
      <Fields>
        <Field
                        name="uniqueConsumerIdPrimary">
          <Datatype
                        dataalias="Text" dataautoinc="no"
                        datacurrency="no" dataidentity="no"
                        datalength="20" datapadchar=" "
                        datarowversion="no"
                    datatype="0"/>
        </Field>
        <Field
                        name="uniqueConsumerIdSecondary">
          <Datatype
                        dataalias="Text" dataautoinc="no"
                        datacurrency="no" dataidentity="no"
                        datalength="20" datapadchar=" "
                        datarowversion="no"
                    datatype="0"/>
        </Field>
        <Field
                        name="uniqueConsumerAccountId">
          <Datatype
                        dataalias="Text" dataautoinc="no"
                        datacurrency="no" dataidentity="no"
                        datalength="20" datapadchar=" "
                        datarowversion="no"
                    datatype="0"/>
        </Field>
      </Fields>
      <RecordLayoutOptions>
        <Option
                    name="uniquenameprefix" value="FIELD1"/>
      </RecordLayoutOptions>
    </RecordLayout>
  </RecordLayouts>
</Schema>
