<?xml version="1.0" encoding="UTF-8"?>
<!--======  Schema XML ======-->
<!-- <!DOCTYPE Schema SYSTEM "DJMap.dtd"> -->
<Schema connectorname="SQL Server 2000 Mass Insert" designedfor="Target"
    location="xmldb:ref:///C:/ETL/Trunk/TitaniumFullCycle/Schemas/TitaniumFullCycleAccountTag.ss.xml"
            schemaVersion="1.2">
  <RecordLayouts>
    <RecordLayout
            length="67" name="accountTag" status="0">
      <Origin
                originconnectstring="xmldb:ref:///C:/ETL/Trunk/TitaniumFullCycle/Schemas/TitaniumFullCycleAccountTag.ss.xml"
                originrname="accountTag"
                    origintype="1"/>
      <Fields>
        <Field
                        name="uniqueConsumerId">
          <Datatype
                        dataalias="Text" dataautoinc="no"
                        datacurrency="no" dataidentity="no"
                        datalength="20" datapadchar=" "
                        datarowversion="no"
                    datatype="0"/>
        </Field>
        <Field
                        name="uniqueConsumerAccountId">
          <Datatype
                        dataalias="Text" dataautoinc="no"
                        datacurrency="no" dataidentity="no"
                        datalength="20" datapadchar=" "
                        datarowversion="no"
                    datatype="0"/>
        </Field>
        <Field
                        name="tagShortName">
          <Datatype
                        dataalias="Text" dataautoinc="no"
                        datacurrency="no" dataidentity="no"
                        datalength="8" datapadchar=" "
                        datarowversion="no"
                    datatype="0"/>
        </Field>
        <Field
                        name="tagAssignDate">
          <Datatype
                        dataalias="Text" dataautoinc="no"
                        datacurrency="no" dataidentity="no"
                        datalength="10" datapadchar=" "
                        datarowversion="no"
                    datatype="0"/>
        </Field>
        <Field
                        name="userIdWhoAddedTag">
          <Datatype
                        dataalias="Text" dataautoinc="no"
                        datacurrency="no" dataidentity="no"
                        datalength="8" datapadchar=" "
                        datarowversion="no"
                    datatype="0"/>
        </Field>
        <Field
                        name="inActiveTag">
          <Datatype
                        dataalias="Text" dataautoinc="no"
                        datacurrency="no" dataidentity="no"
                        datalength="1" datapadchar=" "
                        datarowversion="no"
                    datatype="0"/>
        </Field>
      </Fields>
      <RecordLayoutOptions>
        <Option
                    name="uniquenameprefix" value="FIELD1"/>
      </RecordLayoutOptions>
    </RecordLayout>
  </RecordLayouts>
</Schema>
