<?xml version="1.0" encoding="UTF-8"?>
<!--======  Schema XML ======-->
<!-- <!DOCTYPE Schema SYSTEM "DJMap.dtd"> -->
<Schema author="Don" connectorname="SQL Server 2005 Mass Insert"
    creator="Don" datecreated="2011-02-14T14:55:03Z"
    datemodified="2011-02-14T15:05:52Z" designedfor="Target"
    location="xmldb:ref:///C:/ETL/Trunk/TitaniumFullCycle/Schemas/TitaniumFullCycleAccountEffectiveInterest.ss.xml"
    schemaVersion="1.2"
            version="1.1">
  <RecordLayouts>
    <RecordLayout
            length="74" name="R1" status="0">
      <Origin
                originconnector="SQL Server 2005"
                originconnectstring="Server=10.192.5.99\SQLSERVER2008;Database=crs5_oltp_etl02;Encoding=OEM;CommitFrequency=0;ConstraintDDL=;SystemTables=False;Views=True;Synonyms=False;TransactionIsolation=serializable"
                originrname="ETL.TitaniumFullCycleAccountEffectiveInterest"
                    origintype="2"/>
      <Fields>
        <Field
                        name="UniqueConsumerId">
          <Datatype
                        dataalias="varchar" dataautoinc="no"
                        datacurrency="no" dataidentity="no"
                        datalength="20" datanulls="yes"
                        datarowversion="no"
                    datatype="151"/>
        </Field>
        <Field
                        name="UniqueConsumerAccountId">
          <Datatype
                        dataalias="varchar" dataautoinc="no"
                        datacurrency="no" dataidentity="no"
                        datalength="20" datanulls="yes"
                        datarowversion="no"
                    datatype="151"/>
        </Field>
        <Field
                        name="InterestStartDate">
          <Datatype
                        dataalias="datetime" dataautoinc="no"
                        datacurrency="no" dataidentity="no"
                        datalength="8" datanulls="yes"
                        datarowversion="no"
                            datatype="8"/>
          <FieldOptions>
            <Option
                            name="editpicture"
                    value="yyyy-mm-dd H24:MM:SS"/>
          </FieldOptions>
        </Field>
        <Field
                        name="InterestEndDate">
          <Datatype
                        dataalias="datetime" dataautoinc="no"
                        datacurrency="no" dataidentity="no"
                        datalength="8" datanulls="yes"
                        datarowversion="no"
                            datatype="8"/>
          <FieldOptions>
            <Option
                            name="editpicture"
                    value="yyyy-mm-dd H24:MM:SS"/>
          </FieldOptions>
        </Field>
        <Field
                        name="InterestPercentage">
          <Datatype
                        dataalias="decimal" dataautoinc="no"
                        datacurrency="no" datadecimalplaces="4"
                        dataidentity="no" datalength="9"
                        datamaxdecimalplaces="38" datamaxprecision="38"
                        datanulls="yes" dataprecision="8"
                        datarowversion="no" datasigned="yes"
                    datatype="4"/>
          <FieldOptions/>
        </Field>
        <Field
                        name="InterestType">
          <Datatype
                        dataalias="smallint" dataautoinc="no"
                        datacurrency="no" dataidentity="no"
                        datalength="2" datanulls="yes" dataprecision="4"
                        datarowversion="no" datasigned="yes"
                    datatype="1"/>
        </Field>
        <Field
                        name="InterestFrequency">
          <Datatype
                        dataalias="smallint" dataautoinc="no"
                        datacurrency="no" dataidentity="no"
                        datalength="2" datanulls="yes" dataprecision="4"
                        datarowversion="no" datasigned="yes"
                    datatype="1"/>
        </Field>
        <Field
                        name="NumberOfDaysPeriodic">
          <Datatype
                        dataalias="smallint" dataautoinc="no"
                        datacurrency="no" dataidentity="no"
                        datalength="2" datanulls="yes" dataprecision="4"
                        datarowversion="no" datasigned="yes"
                    datatype="1"/>
        </Field>
        <Field
                        name="InterestNumberOfDaysInAYear">
          <Datatype
                        dataalias="smallint" dataautoinc="no"
                        datacurrency="no" dataidentity="no"
                        datalength="2" datanulls="yes" dataprecision="4"
                        datarowversion="no" datasigned="yes"
                    datatype="1"/>
        </Field>
        <Field
                        name="AccumulateInterest">
          <Datatype
                        dataalias="varchar" dataautoinc="no"
                        datacurrency="no" dataidentity="no"
                        datalength="1" datanulls="yes"
                        datarowversion="no"
                    datatype="151"/>
        </Field>
      </Fields>
      <RecordLayoutOptions>
        <Option
                    name="uniquenameprefix" value="FIELD1"/>
      </RecordLayoutOptions>
    </RecordLayout>
  </RecordLayouts>
</Schema>
