<?xml version="1.0" encoding="UTF-8"?>
<!--======  Schema XML ======-->
<!-- <!DOCTYPE Schema SYSTEM "DJMap.dtd"> -->
<Schema author="Don" connectorname="SQL Server 2000 Mass Insert"
    datemodified="2010-08-17T18:52:18Z" designedfor="Target"
    location="xmldb:ref:///C:/ETL/Trunk/TitaniumFullCycle/Schemas/TitaniumFullCycleAccountUpdate.ss.xml"
    schemaVersion="1.2"
            version="1.3">
  <RecordLayouts>
    <RecordLayout
            length="122" name="accountUpdate" status="0">
      <Origin
                originconnector="SQL Server 2005"
                originconnectstring="Server=10.192.5.10;Database=crs5_oltp_ttnatest5j;Encoding=OEM;CommitFrequency=0;ConstraintDDL=;SystemTables=False;Views=True;Synonyms=False;TransactionIsolation=serializable"
                originrname="ETL.titaniumFullCycleAccountUpdate"
                    origintype="2"/>
      <Fields>
        <Field
                        name="uniqueConsumerId">
          <Datatype
                        dataalias="varchar" dataautoinc="no"
                        datacurrency="no" dataidentity="no"
                        datalength="20" datanulls="yes"
                        datarowversion="no"
                    datatype="151"/>
        </Field>
        <Field
                        name="uniqueConsumerAccountId">
          <Datatype
                        dataalias="varchar" dataautoinc="no"
                        datacurrency="no" dataidentity="no"
                        datalength="20" datanulls="yes"
                        datarowversion="no"
                    datatype="151"/>
        </Field>
        <Field
                        name="returnDate">
          <Datatype
                        dataalias="datetime" dataautoinc="no"
                        datacurrency="no" dataidentity="no"
                        datalength="8" datanulls="yes"
                        datarowversion="no"
                            datatype="8"/>
          <FieldOptions>
            <Option
                            name="editpicture"
                    value="yyyy-mm-dd H24:MM:SS"/>
          </FieldOptions>
        </Field>
        <Field
                        name="feeSchedule">
          <Datatype
                        dataalias="varchar" dataautoinc="no"
                        datacurrency="no" dataidentity="no"
                        datalength="8" datanulls="yes"
                        datarowversion="no"
                    datatype="151"/>
        </Field>
        <Field
                        name="holdReleaseDate">
          <Datatype
                        dataalias="datetime" dataautoinc="no"
                        datacurrency="no" dataidentity="no"
                        datalength="8" datanulls="yes"
                        datarowversion="no"
                            datatype="8"/>
          <FieldOptions>
            <Option
                            name="editpicture"
                    value="yyyy-mm-dd H24:MM:SS"/>
          </FieldOptions>
        </Field>
        <Field
                        name="creditBureauStartReportingDate">
          <Datatype
                        dataalias="datetime" dataautoinc="no"
                        datacurrency="no" dataidentity="no"
                        datalength="8" datanulls="yes"
                        datarowversion="no"
                            datatype="8"/>
          <FieldOptions>
            <Option
                            name="editpicture"
                    value="yyyy-mm-dd H24:MM:SS"/>
          </FieldOptions>
        </Field>
        <Field
                        name="creditBureauDeliquencyDate">
          <Datatype
                        dataalias="datetime" dataautoinc="no"
                        datacurrency="no" dataidentity="no"
                        datalength="8" datanulls="yes"
                        datarowversion="no"
                            datatype="8"/>
          <FieldOptions>
            <Option
                            name="editpicture"
                    value="yyyy-mm-dd H24:MM:SS"/>
          </FieldOptions>
        </Field>
        <Field
                        name="creditBureauFirstReportDate">
          <Datatype
                        dataalias="datetime" dataautoinc="no"
                        datacurrency="no" dataidentity="no"
                        datalength="8" datanulls="yes"
                        datarowversion="no"
                            datatype="8"/>
          <FieldOptions>
            <Option
                            name="editpicture"
                    value="yyyy-mm-dd H24:MM:SS"/>
          </FieldOptions>
        </Field>
        <Field
                        name="creditBureauLastReportDate">
          <Datatype
                        dataalias="datetime" dataautoinc="no"
                        datacurrency="no" dataidentity="no"
                        datalength="8" datanulls="yes"
                        datarowversion="no"
                            datatype="8"/>
          <FieldOptions>
            <Option
                            name="editpicture"
                    value="yyyy-mm-dd H24:MM:SS"/>
          </FieldOptions>
        </Field>
        <Field
                        name="creditBureauSuppressUntilDate">
          <Datatype
                        dataalias="datetime" dataautoinc="no"
                        datacurrency="no" dataidentity="no"
                        datalength="8" datanulls="yes"
                        datarowversion="no"
                            datatype="8"/>
          <FieldOptions>
            <Option
                            name="editpicture"
                    value="yyyy-mm-dd H24:MM:SS"/>
          </FieldOptions>
        </Field>
        <Field
                        name="accountIsUnreportable">
          <Datatype
                        dataalias="varchar" dataautoinc="no"
                        datacurrency="no" dataidentity="no"
                        datalength="1" datanulls="yes"
                        datarowversion="no"
                    datatype="151"/>
        </Field>
        <Field
                        name="creditBureauAccountType">
          <Datatype
                        dataalias="smallint" dataautoinc="no"
                        datacurrency="no" dataidentity="no"
                        datalength="2" datanulls="yes" dataprecision="4"
                        datarowversion="no" datasigned="yes"
                    datatype="1"/>
        </Field>
        <Field
                        name="creditBureauAccountStatus">
          <Datatype
                        dataalias="smallint" dataautoinc="no"
                        datacurrency="no" dataidentity="no"
                        datalength="2" datanulls="yes" dataprecision="4"
                        datarowversion="no" datasigned="yes"
                    datatype="1"/>
        </Field>
        <Field
                        name="creditBureauAccountPortfolio">
          <Datatype
                        dataalias="smallint" dataautoinc="no"
                        datacurrency="no" dataidentity="no"
                        datalength="2" datanulls="yes" dataprecision="4"
                        datarowversion="no" datasigned="yes"
                    datatype="1"/>
        </Field>
        <Field
                        name="creditBureauAccountSpeicalComment">
          <Datatype
                        dataalias="smallint" dataautoinc="no"
                        datacurrency="no" dataidentity="no"
                        datalength="2" datanulls="yes" dataprecision="4"
                        datarowversion="no" datasigned="yes"
                    datatype="1"/>
        </Field>
        <Field
                        name="IncludeOnCreditBureauReport">
          <Datatype
                        dataalias="varchar" dataautoinc="no"
                        datacurrency="no" dataidentity="no"
                        datalength="1" datanulls="yes"
                        datarowversion="no"
                    datatype="151"/>
        </Field>
        <Field
                        name="lastInterestDate">
          <Datatype
                        dataalias="datetime" dataautoinc="no"
                        datacurrency="no" dataidentity="no"
                        datalength="8" datanulls="yes"
                        datarowversion="no"
                            datatype="8"/>
          <FieldOptions>
            <Option
                            name="editpicture"
                    value="yyyy-mm-dd H24:MM:SS"/>
          </FieldOptions>
        </Field>
      </Fields>
      <RecordLayoutOptions>
        <Option
                    name="uniquenameprefix" value="FIELD1"/>
      </RecordLayoutOptions>
    </RecordLayout>
  </RecordLayouts>
</Schema>
