<?xml version="1.0" encoding="UTF-8"?>
<!--======  Schema XML ======-->
<!-- <!DOCTYPE Schema SYSTEM "DJMap.dtd"> -->
<Schema connectorname="SQL Server 2000 Mass Insert"
    datemodified="2011-04-11T19:09:36Z" designedfor="Target"
    location="xmldb:ref:///C:/ETL/Trunk/TitaniumFullCycle/Schemas/TitaniumFullCycleConsumerCustomPage.ss.xml"
            schemaVersion="1.2">
  <RecordLayouts>
    <RecordLayout
            length="636" name="consumerCustomPage"
                status="0">
      <Origin
                    origintype="0"/>
      <Fields>
        <Field
                        name="uniqueConsumerId">
          <Datatype
                        dataalias="Text" dataautoinc="no"
                        datacurrency="no" dataidentity="no"
                        datalength="20" datapadchar=" "
                        datarowversion="no"
                    datatype="0"/>
        </Field>
        <Field
                        name="createCustomPage">
          <Datatype
                        dataalias="Text" dataautoinc="no"
                        datacurrency="no" dataidentity="no"
                        datalength="1" datapadchar=" "
                        datarowversion="no"
                    datatype="0"/>
        </Field>
        <Field
                        name="customPageShortName">
          <Datatype
                        dataalias="Text" dataautoinc="no"
                        datacurrency="no" dataidentity="no"
                        datalength="55" datapadchar=" "
                        datarowversion="no"
                    datatype="0"/>
        </Field>
        <Field
                        name="customPageFieldName">
          <Datatype
                        dataalias="Text" dataautoinc="no"
                        datacurrency="no" dataidentity="no"
                        datalength="55" datapadchar=" "
                        datarowversion="no"
                    datatype="0"/>
        </Field>
        <Field
                        name="customPageFieldType">
          <Datatype
                        dataalias="Text" dataautoinc="no"
                        datacurrency="no" dataidentity="no"
                        datalength="2" datapadchar=" "
                        datarowversion="no"
                    datatype="0"/>
        </Field>
        <Field
                        name="customPageFieldText">
          <Datatype
                        dataalias="Text" dataautoinc="no"
                        datacurrency="no" dataidentity="no"
                        datalength="500" datapadchar=" "
                        datarowversion="no"
                    datatype="0"/>
        </Field>
        <Field
                        name="customPageIndicator">
          <Datatype
                        dataalias="Text" dataautoinc="no"
                        datacurrency="no" dataidentity="no"
                        datalength="3" datapadchar=" "
                        datarowversion="no"
                    datatype="0"/>
        </Field>
      </Fields>
      <RecordLayoutOptions>
        <Option
                    name="uniquenameprefix" value="FIELD1"/>
      </RecordLayoutOptions>
    </RecordLayout>
  </RecordLayouts>
</Schema>
