<?xml version="1.0" encoding="UTF-8"?>
<!--======  Schema XML ======-->
<!-- <!DOCTYPE Schema SYSTEM "DJMap.dtd"> -->
<Schema author="Don" connectorname="SQL Server 2005 Mass Insert"
    creator="Don" datecreated="2011-07-28T14:46:50Z"
    datemodified="2011-07-28T14:55:19Z" designedfor="Target"
    location="xmldb:ref:///C:/ETL/Trunk/TitaniumFullCycle/Schemas/TitaniumFullCycleAttachConsumers.ss.xml"
    schemaVersion="1.2"
            version="1.1">
  <RecordLayouts>
    <RecordLayout
            length="44" name="R1" status="0">
      <Origin
                originconnector="SQL Server 2005"
                originconnectstring="Server=10.192.5.99\SQLSERVER2008;Database=crs5_oltp_etl02;Encoding=OEM;CommitFrequency=0;ConstraintDDL=;SystemTables=False;Views=True;Synonyms=False;TransactionIsolation=serializable"
                originrname="ETL.TitaniumFullCycleAttachConsumers"
                    origintype="2"/>
      <Fields>
        <Field
                        name="UniqueConsumerIdPrimary">
          <Datatype
                        dataalias="varchar" dataautoinc="no"
                        datacurrency="no" dataidentity="no"
                        datalength="20" datanulls="yes"
                        datarowversion="no"
                    datatype="151"/>
        </Field>
        <Field
                        name="UniqueConsumerIdSecondary">
          <Datatype
                        dataalias="varchar" dataautoinc="no"
                        datacurrency="no" dataidentity="no"
                        datalength="20" datanulls="yes"
                        datarowversion="no"
                    datatype="151"/>
        </Field>
        <Field
                        name="Relationship">
          <Datatype
                        dataalias="int" dataautoinc="no"
                        datacurrency="no" dataidentity="no"
                        datalength="4" datanulls="yes" dataprecision="9"
                        datarowversion="no" datasigned="yes"
                    datatype="2"/>
        </Field>
      </Fields>
      <RecordLayoutOptions>
        <Option
                    name="uniquenameprefix" value="FIELD1"/>
      </RecordLayoutOptions>
    </RecordLayout>
  </RecordLayouts>
</Schema>
