<?xml version="1.0" encoding="UTF-8"?>
<!--======  Schema XML ======-->
<!-- <!DOCTYPE Schema SYSTEM "DJMap.dtd"> -->
<Schema author="Don" connectorname="SQL Server 2005 Mass Insert"
    creator="Don" datecreated="2011-02-17T21:20:15Z"
    datemodified="2011-02-17T21:20:15Z" designedfor="Target"
    location="xmldb:ref:///C:/ETL/Trunk/TitaniumFullCycle/Schemas/TitaniumFullCycleAccountForwardingReceiver.ss.xml"
    schemaVersion="1.2"
            version="1.0">
  <RecordLayouts>
    <RecordLayout
            length="112" name="R1" status="0">
      <Origin
                originconnector="SQL Server 2005"
                originconnectstring="Server=10.192.5.99\SQLSERVER2008;Database=crs5_oltp_etl02;Encoding=OEM;CommitFrequency=0;ConstraintDDL=;SystemTables=False;Views=True;Synonyms=False;TransactionIsolation=serializable"
                originrname="ETL.TitaniumFullCycleAccountForwardingReceiver"
                    origintype="2"/>
      <Fields>
        <Field
                        name="UniqueConsumerId">
          <Datatype
                        dataalias="varchar" dataautoinc="no"
                        datacurrency="no" dataidentity="no"
                        datalength="20" datanulls="yes"
                        datarowversion="no"
                    datatype="151"/>
        </Field>
        <Field
                        name="UniqueConsumerAccountId">
          <Datatype
                        dataalias="varchar" dataautoinc="no"
                        datacurrency="no" dataidentity="no"
                        datalength="20" datanulls="yes"
                        datarowversion="no"
                    datatype="151"/>
        </Field>
        <Field
                        name="ReceiverShortName">
          <Datatype
                        dataalias="varchar" dataautoinc="no"
                        datacurrency="no" dataidentity="no"
                        datalength="8" datanulls="yes"
                        datarowversion="no"
                    datatype="151"/>
        </Field>
        <Field
                        name="ForwardRequestDate">
          <Datatype
                        dataalias="datetime" dataautoinc="no"
                        datacurrency="no" dataidentity="no"
                        datalength="8" datanulls="yes"
                        datarowversion="no"
                            datatype="8"/>
          <FieldOptions>
            <Option
                            name="editpicture"
                    value="yyyy-mm-dd H24:MM:SS"/>
          </FieldOptions>
        </Field>
        <Field
                        name="ForwardedDate">
          <Datatype
                        dataalias="datetime" dataautoinc="no"
                        datacurrency="no" dataidentity="no"
                        datalength="8" datanulls="yes"
                        datarowversion="no"
                            datatype="8"/>
          <FieldOptions>
            <Option
                            name="editpicture"
                    value="yyyy-mm-dd H24:MM:SS"/>
          </FieldOptions>
        </Field>
        <Field
                        name="ForwardedAmount">
          <Datatype
                        dataalias="decimal" dataautoinc="no"
                        datacurrency="no" datadecimalplaces="2"
                        dataidentity="no" datalength="11"
                        datamaxdecimalplaces="38" datamaxprecision="38"
                        datanulls="yes" dataprecision="10"
                        datarowversion="no" datasigned="yes"
                    datatype="4"/>
          <FieldOptions/>
        </Field>
        <Field
                        name="SingleForwardRequest">
          <Datatype
                        dataalias="varchar" dataautoinc="no"
                        datacurrency="no" dataidentity="no"
                        datalength="1" datanulls="yes"
                        datarowversion="no"
                    datatype="151"/>
        </Field>
        <Field
                        name="ForwardRecallMode">
          <Datatype
                        dataalias="int" dataautoinc="no"
                        datacurrency="no" dataidentity="no"
                        datalength="4" datanulls="yes" dataprecision="9"
                        datarowversion="no" datasigned="yes"
                    datatype="2"/>
        </Field>
        <Field
                        name="ForwardStatusMode">
          <Datatype
                        dataalias="int" dataautoinc="no"
                        datacurrency="no" dataidentity="no"
                        datalength="4" datanulls="yes" dataprecision="9"
                        datarowversion="no" datasigned="yes"
                    datatype="2"/>
        </Field>
        <Field
                        name="RecallRequestDate">
          <Datatype
                        dataalias="datetime" dataautoinc="no"
                        datacurrency="no" dataidentity="no"
                        datalength="8" datanulls="yes"
                        datarowversion="no"
                            datatype="8"/>
          <FieldOptions>
            <Option
                            name="editpicture"
                    value="yyyy-mm-dd H24:MM:SS"/>
          </FieldOptions>
        </Field>
        <Field
                        name="RecallDate">
          <Datatype
                        dataalias="datetime" dataautoinc="no"
                        datacurrency="no" dataidentity="no"
                        datalength="8" datanulls="yes"
                        datarowversion="no"
                            datatype="8"/>
          <FieldOptions>
            <Option
                            name="editpicture"
                    value="yyyy-mm-dd H24:MM:SS"/>
          </FieldOptions>
        </Field>
        <Field
                        name="RecallAmount">
          <Datatype
                        dataalias="decimal" dataautoinc="no"
                        datacurrency="no" datadecimalplaces="2"
                        dataidentity="no" datalength="11"
                        datamaxdecimalplaces="38" datamaxprecision="38"
                        datanulls="yes" dataprecision="10"
                        datarowversion="no" datasigned="yes"
                    datatype="4"/>
          <FieldOptions/>
        </Field>
        <Field
                        name="SingleRecallRequest">
          <Datatype
                        dataalias="varchar" dataautoinc="no"
                        datacurrency="no" dataidentity="no"
                        datalength="1" datanulls="yes"
                        datarowversion="no"
                    datatype="151"/>
        </Field>
      </Fields>
      <RecordLayoutOptions>
        <Option
                    name="uniquenameprefix" value="FIELD1"/>
      </RecordLayoutOptions>
    </RecordLayout>
  </RecordLayouts>
</Schema>
