<?xml version="1.0" encoding="UTF-8"?>
<!--======  Schema XML ======-->
<!-- <!DOCTYPE Schema SYSTEM "DJMap.dtd"> -->
<Schema author="Don" connectorname="SQL Server 2005 Mass Insert"
    creator="dinaganti" datecreated="2010-08-18T21:58:17Z"
    datemodified="2011-02-23T12:56:04Z" designedfor="Target"
    location="xmldb:ref:///C:/ETL/Trunk/TitaniumFullCycle/Schemas/TitaniumFullCycleAddressHistory.ss.xml"
    schemaVersion="1.2"
            version="1.1">
  <RecordLayouts>
    <RecordLayout
            length="1062" name="R1" status="0">
      <Origin
                originconnector="SQL Server 2005"
                originconnectstring="Server=10.192.5.99\SQLSERVER2008;Database=crs5_oltp_etl02;Encoding=OEM;CommitFrequency=0;ConstraintDDL=;SystemTables=False;Views=True;Synonyms=False;TransactionIsolation=serializable"
                originrname="ETL.titaniumFullCycleAddressHistory"
                    origintype="2"/>
      <Fields>
        <Field
                        name="UniqueCustomerID">
          <Datatype
                        dataalias="varchar" dataautoinc="no"
                        datacurrency="no" dataidentity="no"
                        datalength="20" datanulls="yes"
                        datarowversion="no"
                    datatype="151"/>
        </Field>
        <Field
                        name="AddressLine1">
          <Datatype
                        dataalias="varchar" dataautoinc="no"
                        datacurrency="no" dataidentity="no"
                        datalength="128" datanulls="yes"
                        datarowversion="no"
                    datatype="151"/>
        </Field>
        <Field
                        name="AddressLine2">
          <Datatype
                        dataalias="varchar" dataautoinc="no"
                        datacurrency="no" dataidentity="no"
                        datalength="128" datanulls="yes"
                        datarowversion="no"
                    datatype="151"/>
        </Field>
        <Field
                        name="AddressLine3">
          <Datatype
                        dataalias="varchar" dataautoinc="no"
                        datacurrency="no" dataidentity="no"
                        datalength="128" datanulls="yes"
                        datarowversion="no"
                    datatype="151"/>
        </Field>
        <Field
                        name="City">
          <Datatype
                        dataalias="varchar" dataautoinc="no"
                        datacurrency="no" dataidentity="no"
                        datalength="64" datanulls="yes"
                        datarowversion="no"
                    datatype="151"/>
        </Field>
        <Field
                        name="State">
          <Datatype
                        dataalias="varchar" dataautoinc="no"
                        datacurrency="no" dataidentity="no"
                        datalength="20" datanulls="yes"
                        datarowversion="no"
                    datatype="151"/>
        </Field>
        <Field
                        name="PostalCode">
          <Datatype
                        dataalias="varchar" dataautoinc="no"
                        datacurrency="no" dataidentity="no"
                        datalength="256" datanulls="yes"
                        datarowversion="no"
                    datatype="151"/>
        </Field>
        <Field
                        name="CountyCode">
          <Datatype
                        dataalias="varchar" dataautoinc="no"
                        datacurrency="no" dataidentity="no"
                        datalength="128" datanulls="yes"
                        datarowversion="no"
                    datatype="151"/>
        </Field>
        <Field
                        name="CreateDate">
          <Datatype
                        dataalias="datetime" dataautoinc="no"
                        datacurrency="no" dataidentity="no"
                        datalength="8" datanulls="yes"
                        datarowversion="no"
                            datatype="8"/>
          <FieldOptions>
            <Option
                            name="editpicture"
                    value="yyyy-mm-dd H24:MM:SS"/>
          </FieldOptions>
        </Field>
        <Field
                        name="CountryCode">
          <Datatype
                        dataalias="varchar" dataautoinc="no"
                        datacurrency="no" dataidentity="no"
                        datalength="3" datanulls="yes"
                        datarowversion="no"
                    datatype="151"/>
        </Field>
        <Field
                        name="MailReturnReason">
          <Datatype
                        dataalias="varchar" dataautoinc="no"
                        datacurrency="no" dataidentity="no"
                        datalength="2" datanulls="yes"
                        datarowversion="no"
                    datatype="151"/>
        </Field>
        <Field
                        name="MailReturnDate">
          <Datatype
                        dataalias="datetime" dataautoinc="no"
                        datacurrency="no" dataidentity="no"
                        datalength="8" datanulls="yes"
                        datarowversion="no"
                            datatype="8"/>
          <FieldOptions>
            <Option
                            name="editpicture"
                    value="yyyy-mm-dd H24:MM:SS"/>
          </FieldOptions>
        </Field>
        <Field
                        name="ObsoleteDate">
          <Datatype
                        dataalias="datetime" dataautoinc="no"
                        datacurrency="no" dataidentity="no"
                        datalength="8" datanulls="yes"
                        datarowversion="no"
                            datatype="8"/>
          <FieldOptions>
            <Option
                            name="editpicture"
                    value="yyyy-mm-dd H24:MM:SS"/>
          </FieldOptions>
        </Field>
        <Field
                        name="ObsoleteReason">
          <Datatype
                        dataalias="varchar" dataautoinc="no"
                        datacurrency="no" dataidentity="no"
                        datalength="128" datanulls="yes"
                        datarowversion="no"
                    datatype="151"/>
        </Field>
        <Field
                        name="AddressSource">
          <Datatype
                        dataalias="varchar" dataautoinc="no"
                        datacurrency="no" dataidentity="no"
                        datalength="32" datanulls="yes"
                        datarowversion="no"
                    datatype="151"/>
        </Field>
        <Field
                        name="AddressStatus">
          <Datatype
                        dataalias="varchar" dataautoinc="no"
                        datacurrency="no" dataidentity="no"
                        datalength="1" datanulls="yes"
                        datarowversion="no"
                    datatype="151"/>
        </Field>
      </Fields>
      <RecordLayoutOptions>
        <Option
                    name="uniquenameprefix" value="FIELD1"/>
      </RecordLayoutOptions>
    </RecordLayout>
  </RecordLayouts>
</Schema>
