<?xml version="1.0" encoding="UTF-8"?>
<!--======  Schema XML ======-->
<!-- <!DOCTYPE Schema SYSTEM "DJMap.dtd"> -->
<Schema author="Don" connectorname="ASCII (Delimited)" creator="Don"
    datecreated="2010-08-30T15:31:23Z"
    datemodified="2010-08-30T15:31:23Z" designedfor="Target"
    location="xmldb:ref:///C:/ETL/Trunk/TitaniumFullCycle/Schemas/TitaniumFullCycleUDPColumnList.ss.xml"
    schemaVersion="1.2"
            version="1.0">
  <RecordLayouts>
    <RecordLayout
            length="1076" name="R1" status="0">
      <Origin
                    origintype="0"/>
      <Fields>
        <Field
                        name="TableAndColumn">
          <Datatype
                        dataalias="Text" dataalign="Left"
                        dataautoinc="no" datacurrency="no"
                        dataidentity="no" datalength="256"
                        datapadchar=" " datarowversion="no"
                    datatype="0"/>
        </Field>
        <Field
                        name="TableName">
          <Datatype
                        dataalias="Text" dataalign="Left"
                        dataautoinc="no" datacurrency="no"
                        dataidentity="no" datalength="128"
                        datapadchar=" " datarowversion="no"
                    datatype="0"/>
        </Field>
        <Field
                        name="ColumnName">
          <Datatype
                        dataalias="Text" dataalign="Left"
                        dataautoinc="no" datacurrency="no"
                        dataidentity="no" datalength="128"
                        datapadchar=" " datarowversion="no"
                    datatype="0"/>
        </Field>
        <Field
                        name="DataType">
          <Datatype
                        dataalias="Text" dataalign="Left"
                        dataautoinc="no" datacurrency="no"
                        dataidentity="no" datalength="10"
                        datapadchar=" " datarowversion="no"
                    datatype="0"/>
        </Field>
        <Field
                        name="ColumnType">
          <Datatype
                        dataalias="Text" dataalign="Left"
                        dataautoinc="no" datacurrency="no"
                        dataidentity="no" datalength="10"
                        datapadchar=" " datarowversion="no"
                    datatype="0"/>
        </Field>
        <Field
                        name="ColumnLength">
          <Datatype
                        dataalias="Text" dataalign="Left"
                        dataautoinc="no" datacurrency="no"
                        dataidentity="no" datalength="32"
                        datapadchar=" " datarowversion="no"
                    datatype="0"/>
        </Field>
        <Field
                        name="ColumnDescription">
          <Datatype
                        dataalias="Text" dataalign="Left"
                        dataautoinc="no" datacurrency="no"
                        dataidentity="no" datalength="512"
                        datapadchar=" " datarowversion="no"
                    datatype="0"/>
        </Field>
      </Fields>
      <RecordLayoutOptions>
        <Option
                    name="uniquenameprefix" value="FIELD1"/>
      </RecordLayoutOptions>
    </RecordLayout>
  </RecordLayouts>
</Schema>
