{
  "resourceType": "Bundle",
  "type": "batch",
  "entry": [ {
    "fullUrl": "urn:uuid:fc8912d5-5be5-3891-97e8-9f5c988246f3",
    "resource": {
      "resourceType": "Practitioner",
      "id": "fc8912d5-5be5-3891-97e8-9f5c988246f3",
      "meta": {
        "profile": [ "http://hl7.org/fhir/us/core/StructureDefinition/us-core-practitioner" ]
      },
      "extension": [ {
        "url": "http://synthetichealth.github.io/synthea/utilization-encounters-extension",
        "valueInteger": 46
      } ],
      "identifier": [ {
        "system": "http://hl7.org/fhir/sid/us-npi",
        "value": "9999997791"
      } ],
      "active": true,
      "name": [ {
        "family": "Jacobson885",
        "given": [ "Amos720" ],
        "prefix": [ "Dr." ]
      } ],
      "telecom": [ {
        "extension": [ {
          "url": "http://hl7.org/fhir/us/core/StructureDefinition/us-core-direct",
          "valueBoolean": true
        } ],
        "system": "email",
        "value": "Amos720.Jacobson885@example.com",
        "use": "work"
      } ],
      "address": [ {
        "line": [ "275 SANDWICH STREET" ],
        "city": "PLYMOUTH",
        "state": "MA",
        "postalCode": "02360",
        "country": "US"
      } ],
      "gender": "male"
    },
    "request": {
      "method": "POST",
      "url": "Practitioner",
      "ifNoneExist": "identifier=http://hl7.org/fhir/sid/us-npi|9999997791"
    }
  }, {
    "fullUrl": "urn:uuid:72ec361c-a0de-542d-a680-b3876a1e2c18",
    "resource": {
      "resourceType": "PractitionerRole",
      "id": "72ec361c-a0de-542d-a680-b3876a1e2c18",
      "meta": {
        "profile": [ "http://hl7.org/fhir/us/core/StructureDefinition/us-core-practitionerrole" ]
      },
      "practitioner": {
        "identifier": {
          "system": "http://hl7.org/fhir/sid/us-npi",
          "value": "9999997791"
        },
        "display": "Dr. Amos720 Jacobson885"
      },
      "organization": {
        "identifier": {
          "system": "https://github.com/synthetichealth/synthea",
          "value": "b1ddf812-1fdd-3adf-b1d5-32cc8bd07ebb"
        },
        "display": "BETH ISRAEL DEACONESS HOSPITAL - PLYMOUTH"
      },
      "code": [ {
        "coding": [ {
          "system": "http://nucc.org/provider-taxonomy",
          "code": "208D00000X",
          "display": "General Practice"
        } ],
        "text": "General Practice"
      } ],
      "specialty": [ {
        "coding": [ {
          "system": "http://nucc.org/provider-taxonomy",
          "code": "208D00000X",
          "display": "General Practice"
        } ],
        "text": "General Practice"
      } ],
      "location": [ {
        "identifier": {
          "system": "https://github.com/synthetichealth/synthea",
          "value": "8a883371-6aed-3948-b487-a874cfdb8cea"
        },
        "display": "BETH ISRAEL DEACONESS HOSPITAL - PLYMOUTH"
      } ],
      "telecom": [ {
        "system": "phone",
        "value": "5087462000"
      }, {
        "extension": [ {
          "url": "http://hl7.org/fhir/us/core/StructureDefinition/us-core-direct",
          "valueBoolean": true
        } ],
        "system": "email",
        "value": "Amos720.Jacobson885@example.com",
        "use": "work"
      } ]
    },
    "request": {
      "method": "POST",
      "url": "PractitionerRole"
    }
  }, {
    "fullUrl": "urn:uuid:430f8406-dda8-3706-98e2-1f72de9b0f6e",
    "resource": {
      "resourceType": "Practitioner",
      "id": "430f8406-dda8-3706-98e2-1f72de9b0f6e",
      "meta": {
        "profile": [ "http://hl7.org/fhir/us/core/StructureDefinition/us-core-practitioner" ]
      },
      "extension": [ {
        "url": "http://synthetichealth.github.io/synthea/utilization-encounters-extension",
        "valueInteger": 32
      } ],
      "identifier": [ {
        "system": "http://hl7.org/fhir/sid/us-npi",
        "value": "9999775197"
      } ],
      "active": true,
      "name": [ {
        "family": "Hahn503",
        "given": [ "Gaston250" ],
        "prefix": [ "Dr." ]
      } ],
      "telecom": [ {
        "extension": [ {
          "url": "http://hl7.org/fhir/us/core/StructureDefinition/us-core-direct",
          "valueBoolean": true
        } ],
        "system": "email",
        "value": "Gaston250.Hahn503@example.com",
        "use": "work"
      } ],
      "address": [ {
        "line": [ "3193 CRANBERRY HWY" ],
        "city": "E WAREHAM",
        "state": "MA",
        "postalCode": "02538-4707",
        "country": "US"
      } ],
      "gender": "male"
    },
    "request": {
      "method": "POST",
      "url": "Practitioner",
      "ifNoneExist": "identifier=http://hl7.org/fhir/sid/us-npi|9999775197"
    }
  }, {
    "fullUrl": "urn:uuid:9e17b6fc-e99b-4560-1c46-543f86b09403",
    "resource": {
      "resourceType": "PractitionerRole",
      "id": "9e17b6fc-e99b-4560-1c46-543f86b09403",
      "meta": {
        "profile": [ "http://hl7.org/fhir/us/core/StructureDefinition/us-core-practitionerrole" ]
      },
      "practitioner": {
        "identifier": {
          "system": "http://hl7.org/fhir/sid/us-npi",
          "value": "9999775197"
        },
        "display": "Dr. Gaston250 Hahn503"
      },
      "organization": {
        "identifier": {
          "system": "https://github.com/synthetichealth/synthea",
          "value": "23ae9af5-8904-3b84-9ce1-61b0c59646c2"
        },
        "display": "PCP33126"
      },
      "code": [ {
        "coding": [ {
          "system": "http://nucc.org/provider-taxonomy",
          "code": "208D00000X",
          "display": "General Practice"
        } ],
        "text": "General Practice"
      } ],
      "specialty": [ {
        "coding": [ {
          "system": "http://nucc.org/provider-taxonomy",
          "code": "208D00000X",
          "display": "General Practice"
        } ],
        "text": "General Practice"
      } ],
      "location": [ {
        "identifier": {
          "system": "https://github.com/synthetichealth/synthea",
          "value": "6b694ac4-b191-3413-8ff5-0f181f141f94"
        },
        "display": "PCP33126"
      } ],
      "telecom": [ {
        "system": "phone",
        "value": "508-759-3843"
      }, {
        "extension": [ {
          "url": "http://hl7.org/fhir/us/core/StructureDefinition/us-core-direct",
          "valueBoolean": true
        } ],
        "system": "email",
        "value": "Gaston250.Hahn503@example.com",
        "use": "work"
      } ]
    },
    "request": {
      "method": "POST",
      "url": "PractitionerRole"
    }
  } ]
}
