{
  "resourceType": "Bundle",
  "type": "batch",
  "entry": [ {
    "fullUrl": "urn:uuid:8b133a0d-7da1-3ff9-ba6c-b35562c7c213",
    "resource": {
      "resourceType": "Practitioner",
      "id": "8b133a0d-7da1-3ff9-ba6c-b35562c7c213",
      "meta": {
        "profile": [ "http://hl7.org/fhir/us/core/StructureDefinition/us-core-practitioner" ]
      },
      "extension": [ {
        "url": "http://synthetichealth.github.io/synthea/utilization-encounters-extension",
        "valueInteger": 70
      } ],
      "identifier": [ {
        "system": "http://hl7.org/fhir/sid/us-npi",
        "value": "9999994491"
      } ],
      "active": true,
      "name": [ {
        "family": "Lehner980",
        "given": [ "Leesa210" ],
        "prefix": [ "Dr." ]
      } ],
      "telecom": [ {
        "extension": [ {
          "url": "http://hl7.org/fhir/us/core/StructureDefinition/us-core-direct",
          "valueBoolean": true
        } ],
        "system": "email",
        "value": "Leesa210.Lehner980@example.com",
        "use": "work"
      } ],
      "address": [ {
        "line": [ "57 PROSPECT STREET" ],
        "city": "NANTUCKET",
        "state": "MA",
        "postalCode": "02554",
        "country": "US"
      } ],
      "gender": "female"
    },
    "request": {
      "method": "POST",
      "url": "Practitioner",
      "ifNoneExist": "identifier=http://hl7.org/fhir/sid/us-npi|9999994491"
    }
  }, {
    "fullUrl": "urn:uuid:78fae07b-b89a-7d62-4ed6-15fe95ead924",
    "resource": {
      "resourceType": "PractitionerRole",
      "id": "78fae07b-b89a-7d62-4ed6-15fe95ead924",
      "meta": {
        "profile": [ "http://hl7.org/fhir/us/core/StructureDefinition/us-core-practitionerrole" ]
      },
      "practitioner": {
        "identifier": {
          "system": "http://hl7.org/fhir/sid/us-npi",
          "value": "9999994491"
        },
        "display": "Dr. Leesa210 Lehner980"
      },
      "organization": {
        "identifier": {
          "system": "https://github.com/synthetichealth/synthea",
          "value": "80e919cc-df1a-3838-b75e-541564a286e5"
        },
        "display": "NANTUCKET COTTAGE HOSPITAL"
      },
      "code": [ {
        "coding": [ {
          "system": "http://nucc.org/provider-taxonomy",
          "code": "208D00000X",
          "display": "General Practice"
        } ],
        "text": "General Practice"
      } ],
      "specialty": [ {
        "coding": [ {
          "system": "http://nucc.org/provider-taxonomy",
          "code": "208D00000X",
          "display": "General Practice"
        } ],
        "text": "General Practice"
      } ],
      "location": [ {
        "identifier": {
          "system": "https://github.com/synthetichealth/synthea",
          "value": "3db68e5d-f235-3f3b-8af9-ecaa760eef4f"
        },
        "display": "NANTUCKET COTTAGE HOSPITAL"
      } ],
      "telecom": [ {
        "system": "phone",
        "value": "5082281200"
      }, {
        "extension": [ {
          "url": "http://hl7.org/fhir/us/core/StructureDefinition/us-core-direct",
          "valueBoolean": true
        } ],
        "system": "email",
        "value": "Leesa210.Lehner980@example.com",
        "use": "work"
      } ]
    },
    "request": {
      "method": "POST",
      "url": "PractitionerRole"
    }
  }, {
    "fullUrl": "urn:uuid:f898ee0b-96ec-323d-b255-97681ca44cd1",
    "resource": {
      "resourceType": "Practitioner",
      "id": "f898ee0b-96ec-323d-b255-97681ca44cd1",
      "meta": {
        "profile": [ "http://hl7.org/fhir/us/core/StructureDefinition/us-core-practitioner" ]
      },
      "extension": [ {
        "url": "http://synthetichealth.github.io/synthea/utilization-encounters-extension",
        "valueInteger": 28
      } ],
      "identifier": [ {
        "system": "http://hl7.org/fhir/sid/us-npi",
        "value": "9999647099"
      } ],
      "active": true,
      "name": [ {
        "family": "Ritchie586",
        "given": [ "Cori307" ],
        "prefix": [ "Dr." ]
      } ],
      "telecom": [ {
        "extension": [ {
          "url": "http://hl7.org/fhir/us/core/StructureDefinition/us-core-direct",
          "valueBoolean": true
        } ],
        "system": "email",
        "value": "Cori307.Ritchie586@example.com",
        "use": "work"
      } ],
      "address": [ {
        "line": [ "160 ROUTE 137" ],
        "city": "EAST HARWICH",
        "state": "MA",
        "postalCode": "02645-1316",
        "country": "US"
      } ],
      "gender": "female"
    },
    "request": {
      "method": "POST",
      "url": "Practitioner",
      "ifNoneExist": "identifier=http://hl7.org/fhir/sid/us-npi|9999647099"
    }
  }, {
    "fullUrl": "urn:uuid:8b57ee95-1ffb-766f-db2c-d96cfbab8c28",
    "resource": {
      "resourceType": "PractitionerRole",
      "id": "8b57ee95-1ffb-766f-db2c-d96cfbab8c28",
      "meta": {
        "profile": [ "http://hl7.org/fhir/us/core/StructureDefinition/us-core-practitionerrole" ]
      },
      "practitioner": {
        "identifier": {
          "system": "http://hl7.org/fhir/sid/us-npi",
          "value": "9999647099"
        },
        "display": "Dr. Cori307 Ritchie586"
      },
      "organization": {
        "identifier": {
          "system": "https://github.com/synthetichealth/synthea",
          "value": "c1414e2c-48df-3428-92a4-ac36114a2a45"
        },
        "display": "ORTHOPEDIC AND SPORTS PHYSICAL THERAPY OF CAPE COD LLC"
      },
      "code": [ {
        "coding": [ {
          "system": "http://nucc.org/provider-taxonomy",
          "code": "208D00000X",
          "display": "General Practice"
        } ],
        "text": "General Practice"
      } ],
      "specialty": [ {
        "coding": [ {
          "system": "http://nucc.org/provider-taxonomy",
          "code": "208D00000X",
          "display": "General Practice"
        } ],
        "text": "General Practice"
      } ],
      "location": [ {
        "identifier": {
          "system": "https://github.com/synthetichealth/synthea",
          "value": "d2895d9a-6bea-38a0-b976-5d3a949ff8e3"
        },
        "display": "ORTHOPEDIC AND SPORTS PHYSICAL THERAPY OF CAPE COD LLC"
      } ],
      "telecom": [ {
        "system": "phone",
        "value": "774-237-0832"
      }, {
        "extension": [ {
          "url": "http://hl7.org/fhir/us/core/StructureDefinition/us-core-direct",
          "valueBoolean": true
        } ],
        "system": "email",
        "value": "Cori307.Ritchie586@example.com",
        "use": "work"
      } ]
    },
    "request": {
      "method": "POST",
      "url": "PractitionerRole"
    }
  } ]
}
