{
  "resourceType": "Bundle",
  "type": "batch",
  "entry": [ {
    "fullUrl": "urn:uuid:65a15849-bb8b-33bd-8ae7-449034059a6d",
    "resource": {
      "resourceType": "Practitioner",
      "id": "65a15849-bb8b-33bd-8ae7-449034059a6d",
      "meta": {
        "profile": [ "http://hl7.org/fhir/us/core/StructureDefinition/us-core-practitioner" ]
      },
      "extension": [ {
        "url": "http://synthetichealth.github.io/synthea/utilization-encounters-extension",
        "valueInteger": 2
      } ],
      "identifier": [ {
        "system": "http://hl7.org/fhir/sid/us-npi",
        "value": "9999995191"
      } ],
      "active": true,
      "name": [ {
        "family": "Witting912",
        "given": [ "Garry927" ],
        "prefix": [ "Dr." ]
      } ],
      "telecom": [ {
        "extension": [ {
          "url": "http://hl7.org/fhir/us/core/StructureDefinition/us-core-direct",
          "valueBoolean": true
        } ],
        "system": "email",
        "value": "Garry927.Witting912@example.com",
        "use": "work"
      } ],
      "address": [ {
        "line": [ "1153 CENTRE STREET" ],
        "city": "BOSTON",
        "state": "MA",
        "postalCode": "02130",
        "country": "US"
      } ],
      "gender": "male"
    },
    "request": {
      "method": "POST",
      "url": "Practitioner",
      "ifNoneExist": "identifier=http://hl7.org/fhir/sid/us-npi|9999995191"
    }
  }, {
    "fullUrl": "urn:uuid:c32b68d8-e9db-71a2-4eec-070a5997d386",
    "resource": {
      "resourceType": "PractitionerRole",
      "id": "c32b68d8-e9db-71a2-4eec-070a5997d386",
      "meta": {
        "profile": [ "http://hl7.org/fhir/us/core/StructureDefinition/us-core-practitionerrole" ]
      },
      "practitioner": {
        "identifier": {
          "system": "http://hl7.org/fhir/sid/us-npi",
          "value": "9999995191"
        },
        "display": "Dr. Garry927 Witting912"
      },
      "organization": {
        "identifier": {
          "system": "https://github.com/synthetichealth/synthea",
          "value": "d733d4a9-080d-3593-b910-2366e652b7ea"
        },
        "display": "BRIGHAM AND WOMEN'S FAULKNER HOSPITAL"
      },
      "code": [ {
        "coding": [ {
          "system": "http://nucc.org/provider-taxonomy",
          "code": "208D00000X",
          "display": "General Practice"
        } ],
        "text": "General Practice"
      } ],
      "specialty": [ {
        "coding": [ {
          "system": "http://nucc.org/provider-taxonomy",
          "code": "208D00000X",
          "display": "General Practice"
        } ],
        "text": "General Practice"
      } ],
      "location": [ {
        "identifier": {
          "system": "https://github.com/synthetichealth/synthea",
          "value": "9aac3433-95a1-3e3c-b314-97b5039f3e70"
        },
        "display": "BRIGHAM AND WOMEN'S FAULKNER HOSPITAL"
      } ],
      "telecom": [ {
        "system": "phone",
        "value": "6179837000"
      }, {
        "extension": [ {
          "url": "http://hl7.org/fhir/us/core/StructureDefinition/us-core-direct",
          "valueBoolean": true
        } ],
        "system": "email",
        "value": "Garry927.Witting912@example.com",
        "use": "work"
      } ]
    },
    "request": {
      "method": "POST",
      "url": "PractitionerRole"
    }
  }, {
    "fullUrl": "urn:uuid:e1f2fac7-289f-35b4-874d-f82e1c5ff584",
    "resource": {
      "resourceType": "Practitioner",
      "id": "e1f2fac7-289f-35b4-874d-f82e1c5ff584",
      "meta": {
        "profile": [ "http://hl7.org/fhir/us/core/StructureDefinition/us-core-practitioner" ]
      },
      "extension": [ {
        "url": "http://synthetichealth.github.io/synthea/utilization-encounters-extension",
        "valueInteger": 15
      } ],
      "identifier": [ {
        "system": "http://hl7.org/fhir/sid/us-npi",
        "value": "9999994095"
      } ],
      "active": true,
      "name": [ {
        "family": "Ankunding277",
        "given": [ "Shirl54" ],
        "prefix": [ "Dr." ]
      } ],
      "telecom": [ {
        "extension": [ {
          "url": "http://hl7.org/fhir/us/core/StructureDefinition/us-core-direct",
          "valueBoolean": true
        } ],
        "system": "email",
        "value": "Shirl54.Ankunding277@example.com",
        "use": "work"
      } ],
      "address": [ {
        "line": [ "30 WARREN STREET" ],
        "city": "BRIGHTON",
        "state": "MA",
        "postalCode": "02135",
        "country": "US"
      } ],
      "gender": "female"
    },
    "request": {
      "method": "POST",
      "url": "Practitioner",
      "ifNoneExist": "identifier=http://hl7.org/fhir/sid/us-npi|9999994095"
    }
  }, {
    "fullUrl": "urn:uuid:996d60a3-c87c-7323-5b41-8aa0649527c7",
    "resource": {
      "resourceType": "PractitionerRole",
      "id": "996d60a3-c87c-7323-5b41-8aa0649527c7",
      "meta": {
        "profile": [ "http://hl7.org/fhir/us/core/StructureDefinition/us-core-practitionerrole" ]
      },
      "practitioner": {
        "identifier": {
          "system": "http://hl7.org/fhir/sid/us-npi",
          "value": "9999994095"
        },
        "display": "Dr. Shirl54 Ankunding277"
      },
      "organization": {
        "identifier": {
          "system": "https://github.com/synthetichealth/synthea",
          "value": "956ccb85-bea0-30f9-af48-52f5dd95ff72"
        },
        "display": "FRANCISCAN CHILDREN'S HOSPITAL & REHAB CENTER"
      },
      "code": [ {
        "coding": [ {
          "system": "http://nucc.org/provider-taxonomy",
          "code": "208D00000X",
          "display": "General Practice"
        } ],
        "text": "General Practice"
      } ],
      "specialty": [ {
        "coding": [ {
          "system": "http://nucc.org/provider-taxonomy",
          "code": "208D00000X",
          "display": "General Practice"
        } ],
        "text": "General Practice"
      } ],
      "location": [ {
        "identifier": {
          "system": "https://github.com/synthetichealth/synthea",
          "value": "7d586b9f-c573-3e13-b739-65ad06160a5d"
        },
        "display": "FRANCISCAN CHILDREN'S HOSPITAL & REHAB CENTER"
      } ],
      "telecom": [ {
        "system": "phone",
        "value": "6172543800"
      }, {
        "extension": [ {
          "url": "http://hl7.org/fhir/us/core/StructureDefinition/us-core-direct",
          "valueBoolean": true
        } ],
        "system": "email",
        "value": "Shirl54.Ankunding277@example.com",
        "use": "work"
      } ]
    },
    "request": {
      "method": "POST",
      "url": "PractitionerRole"
    }
  }, {
    "fullUrl": "urn:uuid:83493c29-55bf-37a6-89b4-9fc9b3550293",
    "resource": {
      "resourceType": "Practitioner",
      "id": "83493c29-55bf-37a6-89b4-9fc9b3550293",
      "meta": {
        "profile": [ "http://hl7.org/fhir/us/core/StructureDefinition/us-core-practitioner" ]
      },
      "extension": [ {
        "url": "http://synthetichealth.github.io/synthea/utilization-encounters-extension",
        "valueInteger": 31
      } ],
      "identifier": [ {
        "system": "http://hl7.org/fhir/sid/us-npi",
        "value": "9999234195"
      } ],
      "active": true,
      "name": [ {
        "family": "Vásquez905",
        "given": [ "Horacio317" ],
        "prefix": [ "Dr." ]
      } ],
      "telecom": [ {
        "extension": [ {
          "url": "http://hl7.org/fhir/us/core/StructureDefinition/us-core-direct",
          "valueBoolean": true
        } ],
        "system": "email",
        "value": "Horacio317.Vásquez905@example.com",
        "use": "work"
      } ],
      "address": [ {
        "line": [ "1337 HYDE PARK AVE" ],
        "city": "HYDE PARK",
        "state": "MA",
        "postalCode": "02136-2713",
        "country": "US"
      } ],
      "gender": "male"
    },
    "request": {
      "method": "POST",
      "url": "Practitioner",
      "ifNoneExist": "identifier=http://hl7.org/fhir/sid/us-npi|9999234195"
    }
  }, {
    "fullUrl": "urn:uuid:76e31776-7c40-bd5c-f732-6b95788fd869",
    "resource": {
      "resourceType": "PractitionerRole",
      "id": "76e31776-7c40-bd5c-f732-6b95788fd869",
      "meta": {
        "profile": [ "http://hl7.org/fhir/us/core/StructureDefinition/us-core-practitionerrole" ]
      },
      "practitioner": {
        "identifier": {
          "system": "http://hl7.org/fhir/sid/us-npi",
          "value": "9999234195"
        },
        "display": "Dr. Horacio317 Vásquez905"
      },
      "organization": {
        "identifier": {
          "system": "https://github.com/synthetichealth/synthea",
          "value": "6e051fa0-1a9b-39ba-b568-21c2ef42bdc5"
        },
        "display": "BRIGHAM AND WOMENS PHYSICIANS ORGANIZATION INC"
      },
      "code": [ {
        "coding": [ {
          "system": "http://nucc.org/provider-taxonomy",
          "code": "208D00000X",
          "display": "General Practice"
        } ],
        "text": "General Practice"
      } ],
      "specialty": [ {
        "coding": [ {
          "system": "http://nucc.org/provider-taxonomy",
          "code": "208D00000X",
          "display": "General Practice"
        } ],
        "text": "General Practice"
      } ],
      "location": [ {
        "identifier": {
          "system": "https://github.com/synthetichealth/synthea",
          "value": "38ef2c42-4f3d-33ca-80a4-5e0af9e9a938"
        },
        "display": "BRIGHAM AND WOMENS PHYSICIANS ORGANIZATION INC"
      } ],
      "telecom": [ {
        "system": "phone",
        "value": "617-364-9880"
      }, {
        "extension": [ {
          "url": "http://hl7.org/fhir/us/core/StructureDefinition/us-core-direct",
          "valueBoolean": true
        } ],
        "system": "email",
        "value": "Horacio317.Vásquez905@example.com",
        "use": "work"
      } ]
    },
    "request": {
      "method": "POST",
      "url": "PractitionerRole"
    }
  } ]
}
