{
  "resourceType": "Bundle",
  "type": "batch",
  "entry": [ {
    "fullUrl": "urn:uuid:c84f3aae-7610-3b94-b13a-7ee3f0c97bc6",
    "resource": {
      "resourceType": "Practitioner",
      "id": "c84f3aae-7610-3b94-b13a-7ee3f0c97bc6",
      "meta": {
        "profile": [ "http://hl7.org/fhir/us/core/StructureDefinition/us-core-practitioner" ]
      },
      "extension": [ {
        "url": "http://synthetichealth.github.io/synthea/utilization-encounters-extension",
        "valueInteger": 1
      } ],
      "identifier": [ {
        "system": "http://hl7.org/fhir/sid/us-npi",
        "value": "9999997999"
      } ],
      "active": true,
      "name": [ {
        "family": "Thompson596",
        "given": [ "Louetta798" ],
        "prefix": [ "Dr." ]
      } ],
      "telecom": [ {
        "extension": [ {
          "url": "http://hl7.org/fhir/us/core/StructureDefinition/us-core-direct",
          "valueBoolean": true
        } ],
        "system": "email",
        "value": "Louetta798.Thompson596@example.com",
        "use": "work"
      } ],
      "address": [ {
        "line": [ "680 CENTER STREET" ],
        "city": "BROCKTON",
        "state": "MA",
        "postalCode": "02302",
        "country": "US"
      } ],
      "gender": "female"
    },
    "request": {
      "method": "POST",
      "url": "Practitioner",
      "ifNoneExist": "identifier=http://hl7.org/fhir/sid/us-npi|9999997999"
    }
  }, {
    "fullUrl": "urn:uuid:1034db98-2b2e-0dac-2efe-4234cb0b50de",
    "resource": {
      "resourceType": "PractitionerRole",
      "id": "1034db98-2b2e-0dac-2efe-4234cb0b50de",
      "meta": {
        "profile": [ "http://hl7.org/fhir/us/core/StructureDefinition/us-core-practitionerrole" ]
      },
      "practitioner": {
        "identifier": {
          "system": "http://hl7.org/fhir/sid/us-npi",
          "value": "9999997999"
        },
        "display": "Dr. Louetta798 Thompson596"
      },
      "organization": {
        "identifier": {
          "system": "https://github.com/synthetichealth/synthea",
          "value": "c44f361c-2efb-3050-8f97-0354a12e2920"
        },
        "display": "SIGNATURE HEALTHCARE BROCKTON HOSPITAL"
      },
      "code": [ {
        "coding": [ {
          "system": "http://nucc.org/provider-taxonomy",
          "code": "208D00000X",
          "display": "General Practice"
        } ],
        "text": "General Practice"
      } ],
      "specialty": [ {
        "coding": [ {
          "system": "http://nucc.org/provider-taxonomy",
          "code": "208D00000X",
          "display": "General Practice"
        } ],
        "text": "General Practice"
      } ],
      "location": [ {
        "identifier": {
          "system": "https://github.com/synthetichealth/synthea",
          "value": "97bc3a8d-35db-3628-88b5-e595c34fde0c"
        },
        "display": "SIGNATURE HEALTHCARE BROCKTON HOSPITAL"
      } ],
      "telecom": [ {
        "system": "phone",
        "value": "5089417000"
      }, {
        "extension": [ {
          "url": "http://hl7.org/fhir/us/core/StructureDefinition/us-core-direct",
          "valueBoolean": true
        } ],
        "system": "email",
        "value": "Louetta798.Thompson596@example.com",
        "use": "work"
      } ]
    },
    "request": {
      "method": "POST",
      "url": "PractitionerRole"
    }
  }, {
    "fullUrl": "urn:uuid:2221239c-39d9-36d6-bd33-cef460b4e42f",
    "resource": {
      "resourceType": "Practitioner",
      "id": "2221239c-39d9-36d6-bd33-cef460b4e42f",
      "meta": {
        "profile": [ "http://hl7.org/fhir/us/core/StructureDefinition/us-core-practitioner" ]
      },
      "extension": [ {
        "url": "http://synthetichealth.github.io/synthea/utilization-encounters-extension",
        "valueInteger": 40
      } ],
      "identifier": [ {
        "system": "http://hl7.org/fhir/sid/us-npi",
        "value": "9999995399"
      } ],
      "active": true,
      "name": [ {
        "family": "Renner328",
        "given": [ "Hal307" ],
        "prefix": [ "Dr." ]
      } ],
      "telecom": [ {
        "extension": [ {
          "url": "http://hl7.org/fhir/us/core/StructureDefinition/us-core-direct",
          "valueBoolean": true
        } ],
        "system": "email",
        "value": "Hal307.Renner328@example.com",
        "use": "work"
      } ],
      "address": [ {
        "line": [ "235 NORTH PEARL STREET" ],
        "city": "BROCKTON",
        "state": "MA",
        "postalCode": "02301",
        "country": "US"
      } ],
      "gender": "male"
    },
    "request": {
      "method": "POST",
      "url": "Practitioner",
      "ifNoneExist": "identifier=http://hl7.org/fhir/sid/us-npi|9999995399"
    }
  }, {
    "fullUrl": "urn:uuid:69401523-783d-37eb-acc2-f737a6b6fb0e",
    "resource": {
      "resourceType": "PractitionerRole",
      "id": "69401523-783d-37eb-acc2-f737a6b6fb0e",
      "meta": {
        "profile": [ "http://hl7.org/fhir/us/core/StructureDefinition/us-core-practitionerrole" ]
      },
      "practitioner": {
        "identifier": {
          "system": "http://hl7.org/fhir/sid/us-npi",
          "value": "9999995399"
        },
        "display": "Dr. Hal307 Renner328"
      },
      "organization": {
        "identifier": {
          "system": "https://github.com/synthetichealth/synthea",
          "value": "226098a2-6a40-3588-b5bb-db56c3a30a04"
        },
        "display": "GOOD SAMARITAN MEDICAL CENTER"
      },
      "code": [ {
        "coding": [ {
          "system": "http://nucc.org/provider-taxonomy",
          "code": "208D00000X",
          "display": "General Practice"
        } ],
        "text": "General Practice"
      } ],
      "specialty": [ {
        "coding": [ {
          "system": "http://nucc.org/provider-taxonomy",
          "code": "208D00000X",
          "display": "General Practice"
        } ],
        "text": "General Practice"
      } ],
      "location": [ {
        "identifier": {
          "system": "https://github.com/synthetichealth/synthea",
          "value": "f6d3670d-1bb9-313b-87b9-c7b37feb154a"
        },
        "display": "GOOD SAMARITAN MEDICAL CENTER"
      } ],
      "telecom": [ {
        "system": "phone",
        "value": "5084273000"
      }, {
        "extension": [ {
          "url": "http://hl7.org/fhir/us/core/StructureDefinition/us-core-direct",
          "valueBoolean": true
        } ],
        "system": "email",
        "value": "Hal307.Renner328@example.com",
        "use": "work"
      } ]
    },
    "request": {
      "method": "POST",
      "url": "PractitionerRole"
    }
  }, {
    "fullUrl": "urn:uuid:b2ab8a67-6ae6-38d1-97d7-ca7686e802e6",
    "resource": {
      "resourceType": "Practitioner",
      "id": "b2ab8a67-6ae6-38d1-97d7-ca7686e802e6",
      "meta": {
        "profile": [ "http://hl7.org/fhir/us/core/StructureDefinition/us-core-practitioner" ]
      },
      "extension": [ {
        "url": "http://synthetichealth.github.io/synthea/utilization-encounters-extension",
        "valueInteger": 29
      } ],
      "identifier": [ {
        "system": "http://hl7.org/fhir/sid/us-npi",
        "value": "9999458398"
      } ],
      "active": true,
      "name": [ {
        "family": "Alfaro627",
        "given": [ "Gustavo235" ],
        "prefix": [ "Dr." ]
      } ],
      "telecom": [ {
        "extension": [ {
          "url": "http://hl7.org/fhir/us/core/StructureDefinition/us-core-direct",
          "valueBoolean": true
        } ],
        "system": "email",
        "value": "Gustavo235.Alfaro627@example.com",
        "use": "work"
      } ],
      "address": [ {
        "line": [ "120 STOCKWELL DR" ],
        "city": "AVON",
        "state": "MA",
        "postalCode": "02322-1149",
        "country": "US"
      } ],
      "gender": "male"
    },
    "request": {
      "method": "POST",
      "url": "Practitioner",
      "ifNoneExist": "identifier=http://hl7.org/fhir/sid/us-npi|9999458398"
    }
  }, {
    "fullUrl": "urn:uuid:a80893f7-530e-8f46-b0eb-4a12ba88b573",
    "resource": {
      "resourceType": "PractitionerRole",
      "id": "a80893f7-530e-8f46-b0eb-4a12ba88b573",
      "meta": {
        "profile": [ "http://hl7.org/fhir/us/core/StructureDefinition/us-core-practitionerrole" ]
      },
      "practitioner": {
        "identifier": {
          "system": "http://hl7.org/fhir/sid/us-npi",
          "value": "9999458398"
        },
        "display": "Dr. Gustavo235 Alfaro627"
      },
      "organization": {
        "identifier": {
          "system": "https://github.com/synthetichealth/synthea",
          "value": "f3b73817-43cb-3762-8353-bcfb64aa9b10"
        },
        "display": "PCP166078"
      },
      "code": [ {
        "coding": [ {
          "system": "http://nucc.org/provider-taxonomy",
          "code": "208D00000X",
          "display": "General Practice"
        } ],
        "text": "General Practice"
      } ],
      "specialty": [ {
        "coding": [ {
          "system": "http://nucc.org/provider-taxonomy",
          "code": "208D00000X",
          "display": "General Practice"
        } ],
        "text": "General Practice"
      } ],
      "location": [ {
        "identifier": {
          "system": "https://github.com/synthetichealth/synthea",
          "value": "b22b2fbc-8e79-3e3f-9952-c28ecc527e0f"
        },
        "display": "PCP166078"
      } ],
      "telecom": [ {
        "system": "phone",
        "value": "508-232-4012"
      }, {
        "extension": [ {
          "url": "http://hl7.org/fhir/us/core/StructureDefinition/us-core-direct",
          "valueBoolean": true
        } ],
        "system": "email",
        "value": "Gustavo235.Alfaro627@example.com",
        "use": "work"
      } ]
    },
    "request": {
      "method": "POST",
      "url": "PractitionerRole"
    }
  }, {
    "fullUrl": "urn:uuid:4e09228a-55e3-36aa-9688-ce47f3ae9156",
    "resource": {
      "resourceType": "Practitioner",
      "id": "4e09228a-55e3-36aa-9688-ce47f3ae9156",
      "meta": {
        "profile": [ "http://hl7.org/fhir/us/core/StructureDefinition/us-core-practitioner" ]
      },
      "extension": [ {
        "url": "http://synthetichealth.github.io/synthea/utilization-encounters-extension",
        "valueInteger": 1
      } ],
      "identifier": [ {
        "system": "http://hl7.org/fhir/sid/us-npi",
        "value": "9999026195"
      } ],
      "active": true,
      "name": [ {
        "family": "Runte676",
        "given": [ "Rich940" ],
        "prefix": [ "Dr." ]
      } ],
      "telecom": [ {
        "extension": [ {
          "url": "http://hl7.org/fhir/us/core/StructureDefinition/us-core-direct",
          "valueBoolean": true
        } ],
        "system": "email",
        "value": "Rich940.Runte676@example.com",
        "use": "work"
      } ],
      "address": [ {
        "line": [ "34 NORTH PEARL STREET" ],
        "city": "BROCKTON",
        "state": "MA",
        "postalCode": "02301",
        "country": "US"
      } ],
      "gender": "male"
    },
    "request": {
      "method": "POST",
      "url": "Practitioner",
      "ifNoneExist": "identifier=http://hl7.org/fhir/sid/us-npi|9999026195"
    }
  }, {
    "fullUrl": "urn:uuid:33c05ee6-b5ed-ddfc-07bd-c6c7cfec62e7",
    "resource": {
      "resourceType": "PractitionerRole",
      "id": "33c05ee6-b5ed-ddfc-07bd-c6c7cfec62e7",
      "meta": {
        "profile": [ "http://hl7.org/fhir/us/core/StructureDefinition/us-core-practitionerrole" ]
      },
      "practitioner": {
        "identifier": {
          "system": "http://hl7.org/fhir/sid/us-npi",
          "value": "9999026195"
        },
        "display": "Dr. Rich940 Runte676"
      },
      "organization": {
        "identifier": {
          "system": "https://github.com/synthetichealth/synthea",
          "value": "be7d3e09-70ac-3374-8d6c-e176c24e0f29"
        },
        "display": "BRAEMOOR HEALTH CENTER"
      },
      "code": [ {
        "coding": [ {
          "system": "http://nucc.org/provider-taxonomy",
          "code": "208D00000X",
          "display": "General Practice"
        } ],
        "text": "General Practice"
      } ],
      "specialty": [ {
        "coding": [ {
          "system": "http://nucc.org/provider-taxonomy",
          "code": "208D00000X",
          "display": "General Practice"
        } ],
        "text": "General Practice"
      } ],
      "location": [ {
        "identifier": {
          "system": "https://github.com/synthetichealth/synthea",
          "value": "17aa0be0-50b0-305d-b4eb-c70e563cfd70"
        },
        "display": "BRAEMOOR HEALTH CENTER"
      } ],
      "telecom": [ {
        "system": "phone",
        "value": "5085863696"
      }, {
        "extension": [ {
          "url": "http://hl7.org/fhir/us/core/StructureDefinition/us-core-direct",
          "valueBoolean": true
        } ],
        "system": "email",
        "value": "Rich940.Runte676@example.com",
        "use": "work"
      } ]
    },
    "request": {
      "method": "POST",
      "url": "PractitionerRole"
    }
  } ]
}
