<?xml version="1.0" encoding="UTF-8" standalone="yes"?>
<PackageManager creator="HCLTECH\saravanan_s" datecreated="2023-02-21T12:21:32.081892+05:30" expandmacros="true" includeMacroDefinition="true" newinventory="false" updatedBy="HCLTECH\saravanan_s" updatedDate="2023-02-21T12:21:35.3979491+05:30" whichMacrosToInclude="workspace">
    <EntryPoint>C:\DataConnect_Workspaces\Kalsec\Mitloc\Mitloc_Error_Process_Add.process</EntryPoint>
    <EntrypointFileType>PROCESSV10</EntrypointFileType>
    <FileEntry>
        <entryPoint>C:\DataConnect_Workspaces\Kalsec\Mitloc\Mitloc_Error_Process_Add.process</entryPoint>
        <fileName>Mitloc_Error_Process_Add</fileName>
        <filePath>C:/DataConnect_Workspaces/Kalsec/Mitloc/Mitloc_Error_Process_Add.process</filePath>
        <fileType>Process</fileType>
        <macroValue></macroValue>
        <mainProcess>true</mainProcess>
        <overrideTransformationPath></overrideTransformationPath>
        <version>1.300</version>
    </FileEntry>
    <FileEntry>
        <entryPoint>C:\DataConnect_Workspaces\Kalsec\Mitloc\Mitloc_Error_Process_Add.process</entryPoint>
        <fileName>Mitloc_Error_Process_Add</fileName>
        <filePath>C:/DataConnect_Workspaces/Kalsec/Mitloc/Mitloc_Error_Process_Add.process.rtc</filePath>
        <fileType>Process Configuration</fileType>
        <macroValue></macroValue>
        <mainProcess>false</mainProcess>
        <overrideTransformationPath></overrideTransformationPath>
        <referringArtifactPath>C:/DataConnect_Workspaces/Kalsec/Mitloc/Mitloc_Error_Process_Add.process</referringArtifactPath>
        <version>1.300</version>
    </FileEntry>
    <FileEntry>
        <entryPoint>C:\DataConnect_Workspaces\Kalsec\Mitloc\Mitloc_Error_Process_Add.process</entryPoint>
        <fileName>Schema_Mitloc.schema</fileName>
        <filePath>C:/DataConnect_Workspaces/Kalsec/Local_Job_SPEC/Input/Schema_Mitloc.schema</filePath>
        <fileType>External Schema</fileType>
        <macroValue>$(SCHEMA_LOC)Schema_Mitloc.schema</macroValue>
        <mainProcess>false</mainProcess>
        <overrideTransformationPath></overrideTransformationPath>
        <version>1.0</version>
    </FileEntry>
    <FileEntry>
        <entryPoint>C:\DataConnect_Workspaces\Kalsec\Mitloc\Mitloc_Error_Process_Add.process</entryPoint>
        <fileName>Add_Mitloc</fileName>
        <filePath>C:/DataConnect_Workspaces/Kalsec/Mitloc/Add_Mitloc.map</filePath>
        <fileType>Map</fileType>
        <macroValue></macroValue>
        <mainProcess>false</mainProcess>
        <overrideTransformationPath>C:\DataConnect_Workspaces\Kalsec\Mitloc\Add_Mitloc.map.rtc</overrideTransformationPath>
        <version>1.97</version>
    </FileEntry>
    <FileEntry>
        <entryPoint>C:\DataConnect_Workspaces\Kalsec\Mitloc\Mitloc_Error_Process_Add.process</entryPoint>
        <fileName>Add_Mitloc</fileName>
        <filePath>C:/DataConnect_Workspaces/Kalsec/Mitloc/Add_Mitloc.map.rtc</filePath>
        <fileType>Map Configuration</fileType>
        <macroValue></macroValue>
        <mainProcess>false</mainProcess>
        <overrideTransformationPath></overrideTransformationPath>
        <referringArtifactPath>C:/DataConnect_Workspaces/Kalsec/Mitloc/Mitloc_Error_Process_Add.process</referringArtifactPath>
        <version>1.97</version>
    </FileEntry>
    <FileEntry>
        <entryPoint>C:\DataConnect_Workspaces\Kalsec\Mitloc\Mitloc_Error_Process_Add.process</entryPoint>
        <fileName>GetAdd_ExistingRecord_AddMitloc</fileName>
        <filePath>C:/DataConnect_Workspaces/Kalsec/Mitloc/GetAdd_ExistingRecord_AddMitloc.map</filePath>
        <fileType>Map</fileType>
        <macroValue></macroValue>
        <mainProcess>false</mainProcess>
        <overrideTransformationPath>C:\DataConnect_Workspaces\Kalsec\Mitloc\GetAdd_ExistingRecord_AddMitloc.map.rtc</overrideTransformationPath>
        <version>1.68</version>
    </FileEntry>
    <FileEntry>
        <entryPoint>C:\DataConnect_Workspaces\Kalsec\Mitloc\Mitloc_Error_Process_Add.process</entryPoint>
        <fileName>GetAdd_ExistingRecord_AddMitloc</fileName>
        <filePath>C:/DataConnect_Workspaces/Kalsec/Mitloc/GetAdd_ExistingRecord_AddMitloc.map.rtc</filePath>
        <fileType>Map Configuration</fileType>
        <macroValue></macroValue>
        <mainProcess>false</mainProcess>
        <overrideTransformationPath></overrideTransformationPath>
        <referringArtifactPath>C:/DataConnect_Workspaces/Kalsec/Mitloc/Mitloc_Error_Process_Add.process</referringArtifactPath>
        <version>1.68</version>
    </FileEntry>
    <FileEntry>
        <entryPoint>C:\DataConnect_Workspaces\Kalsec\Mitloc\Mitloc_Error_Process_Add.process</entryPoint>
        <fileName>GetDelete_ExistingRecord_AddMitloc</fileName>
        <filePath>C:/DataConnect_Workspaces/Kalsec/Mitloc/GetDelete_ExistingRecord_AddMitloc.map</filePath>
        <fileType>Map</fileType>
        <macroValue></macroValue>
        <mainProcess>false</mainProcess>
        <overrideTransformationPath>C:\DataConnect_Workspaces\Kalsec\Mitloc\GetDelete_ExistingRecord_AddMitloc.map.rtc</overrideTransformationPath>
        <version>1.64</version>
    </FileEntry>
    <FileEntry>
        <entryPoint>C:\DataConnect_Workspaces\Kalsec\Mitloc\Mitloc_Error_Process_Add.process</entryPoint>
        <fileName>GetDelete_ExistingRecord_AddMitloc</fileName>
        <filePath>C:/DataConnect_Workspaces/Kalsec/Mitloc/GetDelete_ExistingRecord_AddMitloc.map.rtc</filePath>
        <fileType>Map Configuration</fileType>
        <macroValue></macroValue>
        <mainProcess>false</mainProcess>
        <overrideTransformationPath></overrideTransformationPath>
        <referringArtifactPath>C:/DataConnect_Workspaces/Kalsec/Mitloc/Mitloc_Error_Process_Add.process</referringArtifactPath>
        <version>1.64</version>
    </FileEntry>
    <FileEntry>
        <fileName>Template_Macro.json</fileName>
        <filePath>C:/Users/saravanan_s/Actian/DataConnect/Kalsec_Workspace/Kalsec/Template_Macro.json</filePath>
        <fileType>Macro</fileType>
        <macroValue></macroValue>
        <mainProcess>false</mainProcess>
        <overrideTransformationPath></overrideTransformationPath>
    </FileEntry>
    <PackageName>Mitloc_Add</PackageName>
    <packageversion>1.0</packageversion>
</PackageManager>
