<?xml version="1.0" encoding="UTF-8"?>
<!--======  Integration  XML ======-->
<!-- <!DOCTYPE Process SYSTEM "DJProcess.dtd"> -->
<Process author="Don" creator="Don" datecreated="2008-09-23T12:36:59Z"
    datemodified="2008-09-23T12:42:46Z" maxconcurrentthreads="1"
    name="TitaniumFullCyclePayments.ip.xml" schemaVersion="1.2"
        version="1.1">
  
  <LogManager
        loglocation="C:\Program Files\Pervasive\Cosmos\Common800\log\TitaniumFullCyclePayments.log"
            messagetypemask="15"/>
  <ProcessOptions>
    <Option
            name="logging" value="True"/>
    <Option name="clearlog"
            value="False"/>
    <Option name="breakonerror"
            value="True"/>
    <Option name="useeventlog"
            value="False"/>
  </ProcessOptions>
  <Sessions>
    <Session
            name="Session-1" resourcemanager="$(DBNAME)"
            server="$(SQLSERVER)" transactionindicator="True"
            type="Microsoft SQL Server 2000"
                    userid="$(DBUSERNAME)">
      <Password><![CDATA[AQBBAKQAwABhAHAAegA5APkA+AC9AF0ALAAGAJYA]]></Password>
      <SessionOptions>
        <Option
                    name="txnisolation"
            value="serializable"/>
      </SessionOptions>
    </Session>
  </Sessions>
  <Steps>
    <Step
            location="" name="Start" type="Start"/>
    <Step
            location="" name="Stop"
                    type="Stop">
      <Predecessors>
        <Predecessor
                    condition="False"
                    name="Does Output file exist"/>
        <Predecessor
                    condition="Unconditional"
            name="Insert into file registry"/>
      </Predecessors>
    </Step>
    <Step
            copytransformationfile="False" location=""
            name="Get Total # for Header"
            processname="../Maps/TitaniumFullCyclePaymentsHeader.map.xml"
                    type="Transformation">
      <Description><![CDATA[Get the total # of payments and $ for the header in the payments xml file (loads into a macro)]]></Description>
      <Predecessors>
        <Predecessor
                    condition="Unconditional"
            name="Start"/>
      </Predecessors>
    </Step>
    <Step
            copytransformationfile="False" location=""
            name="Create Payments XML"
            processname="../Maps/TitaniumFullCyclePayments.map.xml"
                    type="Transformation">
      <Description><![CDATA[Create the payments xml file for loading into the app]]></Description>
      <Predecessors>
        <Predecessor
                    condition="Unconditional"
            name="Get Total # for Header"/>
      </Predecessors>
    </Step>
    <Step
            name="Does Output file exist"
                    type="Decision">
      <Expression><![CDATA[FileExists(MacroExpand("$(TITANIUM_FULL_CYCLE_OUTPUT_DIR)\$(TITANIUM_FULL_CYCLE_OUTPUT_FILE)"))]]></Expression>
      <Description><![CDATA[Check to see if the output file from the xml map exists to see if we should continue]]></Description>
      <Predecessors>
        <Predecessor
                    condition="Unconditional"
            name="Create Payments XML"/>
      </Predecessors>
    </Step>
    <Step
            location="" name="Get file CRC Number"
                    type="Scripting">
      <Expression><![CDATA[dim lgChecksum
dim JavaVirtualMachine as JavaVM
dim obj as JavaObject
dim obj2 as JavaObject
dim strTemp

strTemp = "-Djava.class.path=" & MacroValue("JAVA_CLASS_PATH")

set JavaVirtualMachine = New JavaVM(strTemp) 


obj = JavaVirtualMachine.new com.crsoftwareinc.crs.core.common.util.ChecksumUtil()

strTemp = MacroExpand("$(TITANIUM_FULL_CYCLE_OUTPUT_DIR)\$(TITANIUM_FULL_CYCLE_OUTPUT_FILE)")
 
LogMessage("INFO", "Calculating Checksum on file : " & strTemp)
 
lgChecksum = obj.calculateCrc32ChecksumValueAsString(strTemp)

DefineMacro("PAYMENT_IMPORT_FILE_CHECKSUM", lgChecksum, "Checksum of the File")

LogMessage("INFO", "Checksum of file " & strTemp & " is " & lgChecksum)
]]></Expression>
      <Description><![CDATA[Get the CRC Number from the XML payments output file created from the previous map]]></Description>
      <Predecessors>
        <Predecessor
                    condition="True"
            name="Does Output file exist"/>
      </Predecessors>
    </Step>
    <Step
            name="Insert into file registry" sqlsession="Session-1"
                    type="SQL">
      <SQLStatement><![CDATA[INSERT INTO [File_Registry]
           ([file_crc_nmbr]
           ,[file_crt_dttm]
           ,[file_name_full_txt]
           ,[file_stts_cd]
           ,[file_typ_cd]
           ,[upsrt_dttm]
           ,[upsrt_soft_comp_id]
           ,[upsrt_trnsctn_nmbr]
           ,[upsrt_usr_id])
     VALUES
           (Cast('DJX(MacroValue("PAYMENT_IMPORT_FILE_CHECKSUM"))' as bigint),
           GetDate(),
           'DJX(MacroExpand("$(TITANIUM_FULL_CYCLE_OUTPUT_FILE)"))',
           1,
           2,
           getDate(),
           19,
           0,
           1)]]></SQLStatement>
      <Description><![CDATA[Insert payments xml file info into file_registry table in database]]></Description>
      <Predecessors>
        <Predecessor
                    condition="Unconditional" name="Get file CRC Number"/>
      </Predecessors>
    </Step>
  </Steps>
</Process>
