<?xml version="1.0" encoding="UTF-8"?>
<!--======  Schema XML ======-->
<!-- <!DOCTYPE Schema SYSTEM "DJMap.dtd"> -->
<Schema author="ychen" connectorname="XML" creator="chrish"
    datecreated="2010-02-04T17:04:27Z"
    datemodified="2012-05-10T03:41:37Z" designedfor="Target"
    location="xmldb:ref:///C:/etl/R4.8/WebServices/Schemas/WS_Payment.ss.xml"
    schemaVersion="1.2"
            version="1.0">
  <RecordLayouts>
    <RecordLayout
            length="7" name="Request" status="0">
      <Origin
                    origintype="0"/>
      <Fields>
        <Field
                        name="RequestType">
          <Datatype
                        dataalias="Attribute" dataautoinc="no"
                        datacurrency="no" dataidentity="no"
                        datalength="7" datarowversion="no"
                    datatype="0"/>
        </Field>
        <Field
                        name="import-and-post-payment-batch-request">
          <Datatype
                        dataalias="Record" dataautoinc="no"
                        datacurrency="no" dataidentity="no"
                        datalength="0" datarowversion="no"
                    datatype="11"/>
        </Field>
      </Fields>
      <RecordLayoutOptions>
        <Option
                    name="uniquenameprefix"
            value="FIELD1"/>
      </RecordLayoutOptions>
    </RecordLayout>
    <RecordLayout
            length="1030" name="import-and-post-payment-batch-request"
                status="0">
      <Origin
                    origintype="0"/>
      <Fields>
        <Field
                        name="batch-name">
          <Datatype
                        dataalias="Character" dataautoinc="no"
                        datacurrency="no" dataidentity="no"
                        datalength="7" datarowversion="no"
                    datatype="0"/>
        </Field>
        <Field
                        name="assigned-to-clerk-id">
          <Datatype
                        dataalias="Character" dataautoinc="no"
                        datacurrency="no" dataidentity="no"
                        datalength="1" datarowversion="no"
                    datatype="0"/>
        </Field>
        <Field
                        name="batch-type-reference">
          <Datatype
                        dataalias="Character" dataautoinc="no"
                        datacurrency="no" dataidentity="no"
                        datalength="6" datarowversion="no"
                    datatype="0"/>
        </Field>
        <Field
                        name="process-post-payment-batch">
          <Datatype
                        dataalias="Character" dataautoinc="no"
                        datacurrency="no" dataidentity="no"
                        datalength="4" datarowversion="no"
                    datatype="0"/>
        </Field>
        <Field
                        name="system-id">
          <Datatype
                        dataalias="Character" dataautoinc="no"
                        datacurrency="no" dataidentity="no"
                        datalength="12" datarowversion="no"
                    datatype="0"/>
        </Field>
        <Field
                        name="crc">
          <Datatype
                        dataalias="Character" dataautoinc="no"
                        datacurrency="no" dataidentity="no"
                        datalength="1000" datarowversion="no"
                    datatype="0"/>
        </Field>
      </Fields>
      <RecordLayoutOptions>
        <Option
                    name="uniquenameprefix" value="FIELD1"/>
      </RecordLayoutOptions>
    </RecordLayout>
  </RecordLayouts>
</Schema>
