<?xml version="1.0" encoding="UTF-8" standalone="yes"?>
<PackageManager creator="HCLTECH\saravanan_s" datecreated="2023-01-19T08:59:32.056464+05:30" expandmacros="true" includeMacroDefinition="true" newinventory="false" updatedBy="HCLTECH\saravanan_s" updatedDate="2023-01-19T08:59:36.6158955+05:30" whichMacrosToInclude="workspace">
    <EntryPoint>C:\DataConnect_Workspaces\Kalsec\Kalsec_REST_API\MITBAL\Mitbal_Error_Process_Add.process</EntryPoint>
    <EntrypointFileType>PROCESSV10</EntrypointFileType>
    <FileEntry>
        <entryPoint>C:\DataConnect_Workspaces\Kalsec\Kalsec_REST_API\MITBAL\Mitbal_Error_Process_Add.process</entryPoint>
        <fileName>Mitbal_Error_Process_Add</fileName>
        <filePath>C:/DataConnect_Workspaces/Kalsec/Kalsec_REST_API/MITBAL/Mitbal_Error_Process_Add.process</filePath>
        <fileType>Process</fileType>
        <macroValue></macroValue>
        <mainProcess>true</mainProcess>
        <overrideTransformationPath></overrideTransformationPath>
        <version>1.36</version>
    </FileEntry>
    <FileEntry>
        <entryPoint>C:\DataConnect_Workspaces\Kalsec\Kalsec_REST_API\MITBAL\Mitbal_Error_Process_Add.process</entryPoint>
        <fileName>Mitbal_Error_Process_Add</fileName>
        <filePath>C:/DataConnect_Workspaces/Kalsec/Kalsec_REST_API/MITBAL/Mitbal_Error_Process_Add.process.rtc</filePath>
        <fileType>Process Configuration</fileType>
        <macroValue></macroValue>
        <mainProcess>false</mainProcess>
        <overrideTransformationPath></overrideTransformationPath>
        <referringArtifactPath>C:/DataConnect_Workspaces/Kalsec/Kalsec_REST_API/MITBAL/Mitbal_Error_Process_Add.process</referringArtifactPath>
        <version>1.36</version>
    </FileEntry>
    <FileEntry>
        <entryPoint>C:\DataConnect_Workspaces\Kalsec\Kalsec_REST_API\MITBAL\Mitbal_Error_Process_Add.process</entryPoint>
        <fileName>Schema_Mitbal.schema</fileName>
        <filePath>C:/DataConnect_Workspaces/Kalsec/Local_Job_SPEC/Input/Schema_Mitbal.schema</filePath>
        <fileType>External Schema</fileType>
        <macroValue>$(SCHEMA_LOC)Schema_Mitbal.schema</macroValue>
        <mainProcess>false</mainProcess>
        <overrideTransformationPath></overrideTransformationPath>
        <version>1.0</version>
    </FileEntry>
    <FileEntry>
        <entryPoint>C:\DataConnect_Workspaces\Kalsec\Kalsec_REST_API\MITBAL\Mitbal_Error_Process_Add.process</entryPoint>
        <fileName>GetAdd_ExistingRecord_Mitbal</fileName>
        <filePath>C:/DataConnect_Workspaces/Kalsec/Kalsec_REST_API/MITBAL/GetAdd_ExistingRecord_Mitbal.map</filePath>
        <fileType>Map</fileType>
        <macroValue></macroValue>
        <mainProcess>false</mainProcess>
        <overrideTransformationPath>C:\DataConnect_Workspaces\Kalsec\Kalsec_REST_API\MITBAL\GetAdd_ExistingRecord_Mitbal.map.rtc</overrideTransformationPath>
        <version>1.39</version>
    </FileEntry>
    <FileEntry>
        <entryPoint>C:\DataConnect_Workspaces\Kalsec\Kalsec_REST_API\MITBAL\Mitbal_Error_Process_Add.process</entryPoint>
        <fileName>GetAdd_ExistingRecord_Mitbal</fileName>
        <filePath>C:/DataConnect_Workspaces/Kalsec/Kalsec_REST_API/MITBAL/GetAdd_ExistingRecord_Mitbal.map.rtc</filePath>
        <fileType>Map Configuration</fileType>
        <macroValue></macroValue>
        <mainProcess>false</mainProcess>
        <overrideTransformationPath></overrideTransformationPath>
        <referringArtifactPath>C:/DataConnect_Workspaces/Kalsec/Kalsec_REST_API/MITBAL/Mitbal_Error_Process_Add.process</referringArtifactPath>
        <version>1.39</version>
    </FileEntry>
    <FileEntry>
        <entryPoint>C:\DataConnect_Workspaces\Kalsec\Kalsec_REST_API\MITBAL\Mitbal_Error_Process_Add.process</entryPoint>
        <fileName>GetDelete_ExistingRecord_Mitbal_Add</fileName>
        <filePath>C:/DataConnect_Workspaces/Kalsec/Kalsec_REST_API/MITBAL/GetDelete_ExistingRecord_Mitbal_Add.map</filePath>
        <fileType>Map</fileType>
        <macroValue></macroValue>
        <mainProcess>false</mainProcess>
        <overrideTransformationPath>C:\DataConnect_Workspaces\Kalsec\Kalsec_REST_API\MITBAL\GetDelete_ExistingRecord_Mitbal_Add.map.rtc</overrideTransformationPath>
        <version>1.54</version>
    </FileEntry>
    <FileEntry>
        <entryPoint>C:\DataConnect_Workspaces\Kalsec\Kalsec_REST_API\MITBAL\Mitbal_Error_Process_Add.process</entryPoint>
        <fileName>GetDelete_ExistingRecord_Mitbal_Add</fileName>
        <filePath>C:/DataConnect_Workspaces/Kalsec/Kalsec_REST_API/MITBAL/GetDelete_ExistingRecord_Mitbal_Add.map.rtc</filePath>
        <fileType>Map Configuration</fileType>
        <macroValue></macroValue>
        <mainProcess>false</mainProcess>
        <overrideTransformationPath></overrideTransformationPath>
        <referringArtifactPath>C:/DataConnect_Workspaces/Kalsec/Kalsec_REST_API/MITBAL/Mitbal_Error_Process_Add.process</referringArtifactPath>
        <version>1.54</version>
    </FileEntry>
    <FileEntry>
        <entryPoint>C:\DataConnect_Workspaces\Kalsec\Kalsec_REST_API\MITBAL\Mitbal_Error_Process_Add.process</entryPoint>
        <fileName>Add_Mitbal</fileName>
        <filePath>C:/DataConnect_Workspaces/Kalsec/Kalsec_REST_API/MITBAL/Add_Mitbal.map</filePath>
        <fileType>Map</fileType>
        <macroValue></macroValue>
        <mainProcess>false</mainProcess>
        <overrideTransformationPath>C:\DataConnect_Workspaces\Kalsec\Kalsec_REST_API\MITBAL\Add_Mitbal.map.rtc</overrideTransformationPath>
        <version>1.74</version>
    </FileEntry>
    <FileEntry>
        <entryPoint>C:\DataConnect_Workspaces\Kalsec\Kalsec_REST_API\MITBAL\Mitbal_Error_Process_Add.process</entryPoint>
        <fileName>Add_Mitbal</fileName>
        <filePath>C:/DataConnect_Workspaces/Kalsec/Kalsec_REST_API/MITBAL/Add_Mitbal.map.rtc</filePath>
        <fileType>Map Configuration</fileType>
        <macroValue></macroValue>
        <mainProcess>false</mainProcess>
        <overrideTransformationPath></overrideTransformationPath>
        <referringArtifactPath>C:/DataConnect_Workspaces/Kalsec/Kalsec_REST_API/MITBAL/Mitbal_Error_Process_Add.process</referringArtifactPath>
        <version>1.74</version>
    </FileEntry>
    <FileEntry>
        <fileName>Template_Macro.json</fileName>
        <filePath>C:/Users/saravanan_s/Actian/DataConnect/Kalsec_Workspace/Kalsec/Template_Macro.json</filePath>
        <fileType>Macro</fileType>
        <macroValue></macroValue>
        <mainProcess>false</mainProcess>
        <overrideTransformationPath></overrideTransformationPath>
    </FileEntry>
    <PackageName>Mitbal_Add1</PackageName>
    <packageversion>1.0</packageversion>
</PackageManager>
