<?xml version="1.0" encoding="UTF-8" standalone="yes"?>
<PackageManager creator="HCLTECH\saravanan_s" datecreated="2023-01-16T16:27:25.221283+05:30" expandmacros="true" includeMacroDefinition="true" newinventory="false" updatedBy="HCLTECH\saravanan_s" updatedDate="2023-01-16T16:27:28.6874146+05:30" whichMacrosToInclude="workspace">
    <EntryPoint>C:\DataConnect_Workspaces\Kalsec_REST_API\Mitmas_Error_Process_Add.process</EntryPoint>
    <EntrypointFileType>PROCESSV10</EntrypointFileType>
    <FileEntry>
        <entryPoint>C:\DataConnect_Workspaces\Kalsec_REST_API\Mitmas_Error_Process_Add.process</entryPoint>
        <fileName>Mitmas_Error_Process_Add</fileName>
        <filePath>C:/DataConnect_Workspaces/Kalsec_REST_API/Mitmas_Error_Process_Add.process</filePath>
        <fileType>Process</fileType>
        <macroValue></macroValue>
        <mainProcess>true</mainProcess>
        <overrideTransformationPath></overrideTransformationPath>
        <version>1.289</version>
    </FileEntry>
    <FileEntry>
        <entryPoint>C:\DataConnect_Workspaces\Kalsec_REST_API\Mitmas_Error_Process_Add.process</entryPoint>
        <fileName>Mitmas_Error_Process_Add</fileName>
        <filePath>C:/DataConnect_Workspaces/Kalsec_REST_API/Mitmas_Error_Process_Add.process.rtc</filePath>
        <fileType>Process Configuration</fileType>
        <macroValue></macroValue>
        <mainProcess>false</mainProcess>
        <overrideTransformationPath></overrideTransformationPath>
        <referringArtifactPath>C:/DataConnect_Workspaces/Kalsec_REST_API/Mitmas_Error_Process_Add.process</referringArtifactPath>
        <version>1.289</version>
    </FileEntry>
    <FileEntry>
        <entryPoint>C:\DataConnect_Workspaces\Kalsec_REST_API\Mitmas_Error_Process_Add.process</entryPoint>
        <fileName>Schema_Mitmas.schema</fileName>
        <filePath>C:/DataConnect_Workspaces/Kalsec/Local_Job_SPEC/Input/Schema_Mitmas.schema</filePath>
        <fileType>External Schema</fileType>
        <macroValue>$(SCHEMA_LOC)Schema_Mitmas.schema</macroValue>
        <mainProcess>false</mainProcess>
        <overrideTransformationPath></overrideTransformationPath>
        <version>1.0</version>
    </FileEntry>
    <FileEntry>
        <entryPoint>C:\DataConnect_Workspaces\Kalsec_REST_API\Mitmas_Error_Process_Add.process</entryPoint>
        <fileName>Add_Mitmas</fileName>
        <filePath>C:/DataConnect_Workspaces/Kalsec/Mitmas/Add_Mitmas.map</filePath>
        <fileType>Map</fileType>
        <macroValue></macroValue>
        <mainProcess>false</mainProcess>
        <overrideTransformationPath>C:\DataConnect_Workspaces\Kalsec\Mitmas\Add_Mitmas.map.rtc</overrideTransformationPath>
        <version>1.102</version>
    </FileEntry>
    <FileEntry>
        <entryPoint>C:\DataConnect_Workspaces\Kalsec_REST_API\Mitmas_Error_Process_Add.process</entryPoint>
        <fileName>Add_Mitmas</fileName>
        <filePath>C:/DataConnect_Workspaces/Kalsec/Mitmas/Add_Mitmas.map.rtc</filePath>
        <fileType>Map Configuration</fileType>
        <macroValue></macroValue>
        <mainProcess>false</mainProcess>
        <overrideTransformationPath></overrideTransformationPath>
        <referringArtifactPath>C:/DataConnect_Workspaces/Kalsec_REST_API/Mitmas_Error_Process_Add.process</referringArtifactPath>
        <version>1.102</version>
    </FileEntry>
    <FileEntry>
        <entryPoint>C:\DataConnect_Workspaces\Kalsec_REST_API\Mitmas_Error_Process_Add.process</entryPoint>
        <fileName>GetAdd_ExistingRecord_Mitmas_Add</fileName>
        <filePath>C:/DataConnect_Workspaces/Kalsec/Mitmas/GetAdd_ExistingRecord_Mitmas_Add.map</filePath>
        <fileType>Map</fileType>
        <macroValue></macroValue>
        <mainProcess>false</mainProcess>
        <overrideTransformationPath>C:\DataConnect_Workspaces\Kalsec\Mitmas\GetAdd_ExistingRecord_Mitmas_Add.map.rtc</overrideTransformationPath>
        <version>1.47</version>
    </FileEntry>
    <FileEntry>
        <entryPoint>C:\DataConnect_Workspaces\Kalsec_REST_API\Mitmas_Error_Process_Add.process</entryPoint>
        <fileName>GetAdd_ExistingRecord_Mitmas_Add</fileName>
        <filePath>C:/DataConnect_Workspaces/Kalsec/Mitmas/GetAdd_ExistingRecord_Mitmas_Add.map.rtc</filePath>
        <fileType>Map Configuration</fileType>
        <macroValue></macroValue>
        <mainProcess>false</mainProcess>
        <overrideTransformationPath></overrideTransformationPath>
        <referringArtifactPath>C:/DataConnect_Workspaces/Kalsec_REST_API/Mitmas_Error_Process_Add.process</referringArtifactPath>
        <version>1.47</version>
    </FileEntry>
    <FileEntry>
        <entryPoint>C:\DataConnect_Workspaces\Kalsec_REST_API\Mitmas_Error_Process_Add.process</entryPoint>
        <fileName>GetDelete_ExistingRecord_Mitmas_Add</fileName>
        <filePath>C:/DataConnect_Workspaces/Kalsec/Mitmas/GetDelete_ExistingRecord_Mitmas_Add.map</filePath>
        <fileType>Map</fileType>
        <macroValue></macroValue>
        <mainProcess>false</mainProcess>
        <overrideTransformationPath>C:\DataConnect_Workspaces\Kalsec\Mitmas\GetDelete_ExistingRecord_Mitmas_Add.map.rtc</overrideTransformationPath>
        <version>1.66</version>
    </FileEntry>
    <FileEntry>
        <entryPoint>C:\DataConnect_Workspaces\Kalsec_REST_API\Mitmas_Error_Process_Add.process</entryPoint>
        <fileName>GetDelete_ExistingRecord_Mitmas_Add</fileName>
        <filePath>C:/DataConnect_Workspaces/Kalsec/Mitmas/GetDelete_ExistingRecord_Mitmas_Add.map.rtc</filePath>
        <fileType>Map Configuration</fileType>
        <macroValue></macroValue>
        <mainProcess>false</mainProcess>
        <overrideTransformationPath></overrideTransformationPath>
        <referringArtifactPath>C:/DataConnect_Workspaces/Kalsec_REST_API/Mitmas_Error_Process_Add.process</referringArtifactPath>
        <version>1.66</version>
    </FileEntry>
    <FileEntry>
        <fileName>Template_Macro.json</fileName>
        <filePath>C:/Users/saravanan_s/Actian/DataConnect/Kalsec_Workspace/Kalsec/Template_Macro.json</filePath>
        <fileType>Macro</fileType>
        <macroValue></macroValue>
        <mainProcess>false</mainProcess>
        <overrideTransformationPath></overrideTransformationPath>
    </FileEntry>
    <PackageName>Mitbal_Add</PackageName>
    <packageversion>1.0</packageversion>
</PackageManager>
