<?xml version="1.0" encoding="UTF-8" standalone="yes"?>
<PackageManager creator="HCLTECH\saravanan_s" datecreated="2023-01-25T21:41:15.829472+05:30" expandmacros="true" includeMacroDefinition="true" newinventory="false" updatedBy="HCLTECH\saravanan_s" updatedDate="2023-01-26T07:07:33.3750022+05:30" whichMacrosToInclude="workspace">
    <EntryPoint>C:\DataConnect_Workspaces\Kalsec\Kalsec_REST_API\MITBAL\Mitbal_Main_Process.process</EntryPoint>
    <EntrypointFileType>PROCESSV10</EntrypointFileType>
    <FileEntry>
        <entryPoint>C:\DataConnect_Workspaces\Kalsec\Kalsec_REST_API\MITBAL\Mitbal_Main_Process.process</entryPoint>
        <fileName>Mitbal_Main_Process</fileName>
        <filePath>C:/DataConnect_Workspaces/Kalsec/Kalsec_REST_API/MITBAL/Mitbal_Main_Process.process</filePath>
        <fileType>Process</fileType>
        <macroValue></macroValue>
        <mainProcess>true</mainProcess>
        <overrideTransformationPath></overrideTransformationPath>
        <version>1.24</version>
    </FileEntry>
    <FileEntry>
        <entryPoint>C:\DataConnect_Workspaces\Kalsec\Kalsec_REST_API\MITBAL\Mitbal_Main_Process.process</entryPoint>
        <fileName>Mitbal_Main_Process</fileName>
        <filePath>C:/DataConnect_Workspaces/Kalsec/Kalsec_REST_API/MITBAL/Mitbal_Main_Process.process.rtc</filePath>
        <fileType>Process Configuration</fileType>
        <macroValue></macroValue>
        <mainProcess>false</mainProcess>
        <overrideTransformationPath></overrideTransformationPath>
        <referringArtifactPath>C:/DataConnect_Workspaces/Kalsec/Kalsec_REST_API/MITBAL/Mitbal_Main_Process.process</referringArtifactPath>
        <version>1.24</version>
    </FileEntry>
    <FileEntry>
        <entryPoint>C:\DataConnect_Workspaces\Kalsec\Kalsec_REST_API\MITBAL\Mitbal_Main_Process.process</entryPoint>
        <fileName>Mitbal_Error_Process_Replace</fileName>
        <filePath>C:/DataConnect_Workspaces/Kalsec/Kalsec_REST_API/MITBAL/Mitbal_Error_Process_Replace.process</filePath>
        <fileType>Process</fileType>
        <macroValue></macroValue>
        <mainProcess>false</mainProcess>
        <overrideTransformationPath></overrideTransformationPath>
        <referringArtifactPath>C:/DataConnect_Workspaces/Kalsec/Kalsec_REST_API/MITBAL/Mitbal_Main_Process.process</referringArtifactPath>
        <version>1.43</version>
    </FileEntry>
    <FileEntry>
        <entryPoint>C:\DataConnect_Workspaces\Kalsec\Kalsec_REST_API\MITBAL\Mitbal_Main_Process.process</entryPoint>
        <fileName>Mitbal_Error_Process_Replace</fileName>
        <filePath>C:/DataConnect_Workspaces/Kalsec/Kalsec_REST_API/MITBAL/Mitbal_Error_Process_Replace.process.rtc</filePath>
        <fileType>Process Configuration</fileType>
        <macroValue></macroValue>
        <mainProcess>false</mainProcess>
        <overrideTransformationPath></overrideTransformationPath>
        <referringArtifactPath>C:/DataConnect_Workspaces/Kalsec/Kalsec_REST_API/MITBAL/Mitbal_Error_Process_Replace.process</referringArtifactPath>
        <version>1.43</version>
    </FileEntry>
    <FileEntry>
        <entryPoint>C:\DataConnect_Workspaces\Kalsec\Kalsec_REST_API\MITBAL\Mitbal_Main_Process.process</entryPoint>
        <fileName>Schema_Mitbal.schema</fileName>
        <filePath>C:/DataConnect_Workspaces/Kalsec/Local_Job_SPEC/Input/Schema_Mitbal.schema</filePath>
        <fileType>External Schema</fileType>
        <macroValue>$(LOCAL_JOB_SPEC_DIR)Schema_Mitbal.schema</macroValue>
        <mainProcess>false</mainProcess>
        <overrideTransformationPath></overrideTransformationPath>
        <version>1.0</version>
    </FileEntry>
    <FileEntry>
        <entryPoint>C:\DataConnect_Workspaces\Kalsec\Kalsec_REST_API\MITBAL\Mitbal_Main_Process.process</entryPoint>
        <fileName>GetAdd_ExistingRecord_Mitbal</fileName>
        <filePath>C:/DataConnect_Workspaces/Kalsec/Kalsec_REST_API/MITBAL/GetAdd_ExistingRecord_Mitbal.map</filePath>
        <fileType>Map</fileType>
        <macroValue></macroValue>
        <mainProcess>false</mainProcess>
        <overrideTransformationPath>C:\DataConnect_Workspaces\Kalsec\Kalsec_REST_API\MITBAL\GetAdd_ExistingRecord_Mitbal.map.rtc</overrideTransformationPath>
        <version>1.43</version>
    </FileEntry>
    <FileEntry>
        <entryPoint>C:\DataConnect_Workspaces\Kalsec\Kalsec_REST_API\MITBAL\Mitbal_Main_Process.process</entryPoint>
        <fileName>GetAdd_ExistingRecord_Mitbal</fileName>
        <filePath>C:/DataConnect_Workspaces/Kalsec/Kalsec_REST_API/MITBAL/GetAdd_ExistingRecord_Mitbal.map.rtc</filePath>
        <fileType>Map Configuration</fileType>
        <macroValue></macroValue>
        <mainProcess>false</mainProcess>
        <overrideTransformationPath></overrideTransformationPath>
        <referringArtifactPath>C:/DataConnect_Workspaces/Kalsec/Kalsec_REST_API/MITBAL/Mitbal_Error_Process_Replace.process</referringArtifactPath>
        <version>1.43</version>
    </FileEntry>
    <FileEntry>
        <entryPoint>C:\DataConnect_Workspaces\Kalsec\Kalsec_REST_API\MITBAL\Mitbal_Main_Process.process</entryPoint>
        <fileName>GetDelete_ExistingRecord_Mitbal_Add</fileName>
        <filePath>C:/DataConnect_Workspaces/Kalsec/Kalsec_REST_API/MITBAL/GetDelete_ExistingRecord_Mitbal_Add.map</filePath>
        <fileType>Map</fileType>
        <macroValue></macroValue>
        <mainProcess>false</mainProcess>
        <overrideTransformationPath>C:\DataConnect_Workspaces\Kalsec\Kalsec_REST_API\MITBAL\GetDelete_ExistingRecord_Mitbal_Add.map.rtc</overrideTransformationPath>
        <version>1.56</version>
    </FileEntry>
    <FileEntry>
        <entryPoint>C:\DataConnect_Workspaces\Kalsec\Kalsec_REST_API\MITBAL\Mitbal_Main_Process.process</entryPoint>
        <fileName>GetDelete_ExistingRecord_Mitbal_Add</fileName>
        <filePath>C:/DataConnect_Workspaces/Kalsec/Kalsec_REST_API/MITBAL/GetDelete_ExistingRecord_Mitbal_Add.map.rtc</filePath>
        <fileType>Map Configuration</fileType>
        <macroValue></macroValue>
        <mainProcess>false</mainProcess>
        <overrideTransformationPath></overrideTransformationPath>
        <referringArtifactPath>C:/DataConnect_Workspaces/Kalsec/Kalsec_REST_API/MITBAL/Mitbal_Error_Process_Replace.process</referringArtifactPath>
        <version>1.56</version>
    </FileEntry>
    <FileEntry>
        <entryPoint>C:\DataConnect_Workspaces\Kalsec\Kalsec_REST_API\MITBAL\Mitbal_Main_Process.process</entryPoint>
        <fileName>Add_Mitbal</fileName>
        <filePath>C:/DataConnect_Workspaces/Kalsec/Kalsec_REST_API/MITBAL/Add_Mitbal.map</filePath>
        <fileType>Map</fileType>
        <macroValue></macroValue>
        <mainProcess>false</mainProcess>
        <overrideTransformationPath>C:\DataConnect_Workspaces\Kalsec\Kalsec_REST_API\MITBAL\Add_Mitbal.map.rtc</overrideTransformationPath>
        <version>1.78</version>
    </FileEntry>
    <FileEntry>
        <entryPoint>C:\DataConnect_Workspaces\Kalsec\Kalsec_REST_API\MITBAL\Mitbal_Main_Process.process</entryPoint>
        <fileName>Add_Mitbal</fileName>
        <filePath>C:/DataConnect_Workspaces/Kalsec/Kalsec_REST_API/MITBAL/Add_Mitbal.map.rtc</filePath>
        <fileType>Map Configuration</fileType>
        <macroValue></macroValue>
        <mainProcess>false</mainProcess>
        <overrideTransformationPath></overrideTransformationPath>
        <referringArtifactPath>C:/DataConnect_Workspaces/Kalsec/Kalsec_REST_API/MITBAL/Mitbal_Error_Process_Replace.process</referringArtifactPath>
        <version>1.78</version>
    </FileEntry>
    <FileEntry>
        <entryPoint>C:\DataConnect_Workspaces\Kalsec\Kalsec_REST_API\MITBAL\Mitbal_Main_Process.process</entryPoint>
        <fileName>UpdateReplaceFlagMsg_Mitbal</fileName>
        <filePath>C:/DataConnect_Workspaces/Kalsec/Kalsec_REST_API/MITBAL/UpdateReplaceFlagMsg_Mitbal.map</filePath>
        <fileType>Map</fileType>
        <macroValue></macroValue>
        <mainProcess>false</mainProcess>
        <overrideTransformationPath>C:\DataConnect_Workspaces\Kalsec\Kalsec_REST_API\MITBAL\UpdateReplaceFlagMsg_Mitbal.map.rtc</overrideTransformationPath>
        <version>1.57</version>
    </FileEntry>
    <FileEntry>
        <entryPoint>C:\DataConnect_Workspaces\Kalsec\Kalsec_REST_API\MITBAL\Mitbal_Main_Process.process</entryPoint>
        <fileName>UpdateReplaceFlagMsg_Mitbal</fileName>
        <filePath>C:/DataConnect_Workspaces/Kalsec/Kalsec_REST_API/MITBAL/UpdateReplaceFlagMsg_Mitbal.map.rtc</filePath>
        <fileType>Map Configuration</fileType>
        <macroValue></macroValue>
        <mainProcess>false</mainProcess>
        <overrideTransformationPath></overrideTransformationPath>
        <referringArtifactPath>C:/DataConnect_Workspaces/Kalsec/Kalsec_REST_API/MITBAL/Mitbal_Error_Process_Replace.process</referringArtifactPath>
        <version>1.57</version>
    </FileEntry>
    <FileEntry>
        <entryPoint>C:\DataConnect_Workspaces\Kalsec\Kalsec_REST_API\MITBAL\Mitbal_Main_Process.process</entryPoint>
        <fileName>Mitbal_Error_Process_Add</fileName>
        <filePath>C:/DataConnect_Workspaces/Kalsec/Kalsec_REST_API/MITBAL/Mitbal_Error_Process_Add.process</filePath>
        <fileType>Process</fileType>
        <macroValue></macroValue>
        <mainProcess>false</mainProcess>
        <overrideTransformationPath></overrideTransformationPath>
        <referringArtifactPath>C:/DataConnect_Workspaces/Kalsec/Kalsec_REST_API/MITBAL/Mitbal_Main_Process.process</referringArtifactPath>
        <version>1.37</version>
    </FileEntry>
    <FileEntry>
        <entryPoint>C:\DataConnect_Workspaces\Kalsec\Kalsec_REST_API\MITBAL\Mitbal_Main_Process.process</entryPoint>
        <fileName>Mitbal_Error_Process_Add</fileName>
        <filePath>C:/DataConnect_Workspaces/Kalsec/Kalsec_REST_API/MITBAL/Mitbal_Error_Process_Add.process.rtc</filePath>
        <fileType>Process Configuration</fileType>
        <macroValue></macroValue>
        <mainProcess>false</mainProcess>
        <overrideTransformationPath></overrideTransformationPath>
        <referringArtifactPath>C:/DataConnect_Workspaces/Kalsec/Kalsec_REST_API/MITBAL/Mitbal_Error_Process_Add.process</referringArtifactPath>
        <version>1.37</version>
    </FileEntry>
    <FileEntry>
        <entryPoint>C:\DataConnect_Workspaces\Kalsec\Kalsec_REST_API\MITBAL\Mitbal_Main_Process.process</entryPoint>
        <fileName>Mitbal_Error_Process_Delete</fileName>
        <filePath>C:/DataConnect_Workspaces/Kalsec/Kalsec_REST_API/MITBAL/Mitbal_Error_Process_Delete.process</filePath>
        <fileType>Process</fileType>
        <macroValue></macroValue>
        <mainProcess>false</mainProcess>
        <overrideTransformationPath></overrideTransformationPath>
        <referringArtifactPath>C:/DataConnect_Workspaces/Kalsec/Kalsec_REST_API/MITBAL/Mitbal_Main_Process.process</referringArtifactPath>
        <version>1.12</version>
    </FileEntry>
    <FileEntry>
        <entryPoint>C:\DataConnect_Workspaces\Kalsec\Kalsec_REST_API\MITBAL\Mitbal_Main_Process.process</entryPoint>
        <fileName>Mitbal_Error_Process_Delete</fileName>
        <filePath>C:/DataConnect_Workspaces/Kalsec/Kalsec_REST_API/MITBAL/Mitbal_Error_Process_Delete.process.rtc</filePath>
        <fileType>Process Configuration</fileType>
        <macroValue></macroValue>
        <mainProcess>false</mainProcess>
        <overrideTransformationPath></overrideTransformationPath>
        <referringArtifactPath>C:/DataConnect_Workspaces/Kalsec/Kalsec_REST_API/MITBAL/Mitbal_Error_Process_Delete.process</referringArtifactPath>
        <version>1.12</version>
    </FileEntry>
    <FileEntry>
        <entryPoint>C:\DataConnect_Workspaces\Kalsec\Kalsec_REST_API\MITBAL\Mitbal_Main_Process.process</entryPoint>
        <fileName>GetAdd_ExistingRecord_Mitbal_Delete</fileName>
        <filePath>C:/DataConnect_Workspaces/Kalsec/Kalsec_REST_API/MITBAL/GetAdd_ExistingRecord_Mitbal_Delete.map</filePath>
        <fileType>Map</fileType>
        <macroValue></macroValue>
        <mainProcess>false</mainProcess>
        <overrideTransformationPath>C:\DataConnect_Workspaces\Kalsec\Kalsec_REST_API\MITBAL\GetAdd_ExistingRecord_Mitbal_Delete.map.rtc</overrideTransformationPath>
        <version>1.43</version>
    </FileEntry>
    <FileEntry>
        <entryPoint>C:\DataConnect_Workspaces\Kalsec\Kalsec_REST_API\MITBAL\Mitbal_Main_Process.process</entryPoint>
        <fileName>GetAdd_ExistingRecord_Mitbal_Delete</fileName>
        <filePath>C:/DataConnect_Workspaces/Kalsec/Kalsec_REST_API/MITBAL/GetAdd_ExistingRecord_Mitbal_Delete.map.rtc</filePath>
        <fileType>Map Configuration</fileType>
        <macroValue></macroValue>
        <mainProcess>false</mainProcess>
        <overrideTransformationPath></overrideTransformationPath>
        <referringArtifactPath>C:/DataConnect_Workspaces/Kalsec/Kalsec_REST_API/MITBAL/Mitbal_Error_Process_Delete.process</referringArtifactPath>
        <version>1.43</version>
    </FileEntry>
    <FileEntry>
        <entryPoint>C:\DataConnect_Workspaces\Kalsec\Kalsec_REST_API\MITBAL\Mitbal_Main_Process.process</entryPoint>
        <fileName>UpdateDeleteFlagMsg_Mitbal</fileName>
        <filePath>C:/DataConnect_Workspaces/Kalsec/Kalsec_REST_API/MITBAL/UpdateDeleteFlagMsg_Mitbal.map</filePath>
        <fileType>Map</fileType>
        <macroValue></macroValue>
        <mainProcess>false</mainProcess>
        <overrideTransformationPath>C:\DataConnect_Workspaces\Kalsec\Kalsec_REST_API\MITBAL\UpdateDeleteFlagMsg_Mitbal.map.rtc</overrideTransformationPath>
        <version>1.60</version>
    </FileEntry>
    <FileEntry>
        <entryPoint>C:\DataConnect_Workspaces\Kalsec\Kalsec_REST_API\MITBAL\Mitbal_Main_Process.process</entryPoint>
        <fileName>UpdateDeleteFlagMsg_Mitbal</fileName>
        <filePath>C:/DataConnect_Workspaces/Kalsec/Kalsec_REST_API/MITBAL/UpdateDeleteFlagMsg_Mitbal.map.rtc</filePath>
        <fileType>Map Configuration</fileType>
        <macroValue></macroValue>
        <mainProcess>false</mainProcess>
        <overrideTransformationPath></overrideTransformationPath>
        <referringArtifactPath>C:/DataConnect_Workspaces/Kalsec/Kalsec_REST_API/MITBAL/Mitbal_Error_Process_Delete.process</referringArtifactPath>
        <version>1.60</version>
    </FileEntry>
    <FileEntry>
        <entryPoint>C:\DataConnect_Workspaces\Kalsec\Kalsec_REST_API\MITBAL\Mitbal_Main_Process.process</entryPoint>
        <fileName>Delete_Mitbal</fileName>
        <filePath>C:/DataConnect_Workspaces/Kalsec/Kalsec_REST_API/MITBAL/Delete_Mitbal.map</filePath>
        <fileType>Map</fileType>
        <macroValue></macroValue>
        <mainProcess>false</mainProcess>
        <overrideTransformationPath>C:\DataConnect_Workspaces\Kalsec\Kalsec_REST_API\MITBAL\Delete_Mitbal.map.rtc</overrideTransformationPath>
        <version>1.74</version>
    </FileEntry>
    <FileEntry>
        <entryPoint>C:\DataConnect_Workspaces\Kalsec\Kalsec_REST_API\MITBAL\Mitbal_Main_Process.process</entryPoint>
        <fileName>Delete_Mitbal</fileName>
        <filePath>C:/DataConnect_Workspaces/Kalsec/Kalsec_REST_API/MITBAL/Delete_Mitbal.map.rtc</filePath>
        <fileType>Map Configuration</fileType>
        <macroValue></macroValue>
        <mainProcess>false</mainProcess>
        <overrideTransformationPath></overrideTransformationPath>
        <referringArtifactPath>C:/DataConnect_Workspaces/Kalsec/Kalsec_REST_API/MITBAL/Mitbal_Error_Process_Delete.process</referringArtifactPath>
        <version>1.74</version>
    </FileEntry>
    <FileEntry>
        <entryPoint>C:\DataConnect_Workspaces\Kalsec\Kalsec_REST_API\MITBAL\Mitbal_Main_Process.process</entryPoint>
        <fileName>GetDelete_ExistingRecord_Mitbal_Delete</fileName>
        <filePath>C:/DataConnect_Workspaces/Kalsec/Kalsec_REST_API/MITBAL/GetDelete_ExistingRecord_Mitbal_Delete.map</filePath>
        <fileType>Map</fileType>
        <macroValue></macroValue>
        <mainProcess>false</mainProcess>
        <overrideTransformationPath>C:\DataConnect_Workspaces\Kalsec\Kalsec_REST_API\MITBAL\GetDelete_ExistingRecord_Mitbal_Delete.map.rtc</overrideTransformationPath>
        <version>1.57</version>
    </FileEntry>
    <FileEntry>
        <entryPoint>C:\DataConnect_Workspaces\Kalsec\Kalsec_REST_API\MITBAL\Mitbal_Main_Process.process</entryPoint>
        <fileName>GetDelete_ExistingRecord_Mitbal_Delete</fileName>
        <filePath>C:/DataConnect_Workspaces/Kalsec/Kalsec_REST_API/MITBAL/GetDelete_ExistingRecord_Mitbal_Delete.map.rtc</filePath>
        <fileType>Map Configuration</fileType>
        <macroValue></macroValue>
        <mainProcess>false</mainProcess>
        <overrideTransformationPath></overrideTransformationPath>
        <referringArtifactPath>C:/DataConnect_Workspaces/Kalsec/Kalsec_REST_API/MITBAL/Mitbal_Error_Process_Delete.process</referringArtifactPath>
        <version>1.57</version>
    </FileEntry>
    <FileEntry>
        <fileName>Template_Macro.json</fileName>
        <filePath>C:/Users/saravanan_s/Actian/DataConnect/Kalsec_Workspace/Kalsec/Template_Macro.json</filePath>
        <fileType>Macro</fileType>
        <macroValue></macroValue>
        <mainProcess>false</mainProcess>
        <overrideTransformationPath></overrideTransformationPath>
    </FileEntry>
    <PackageName>MITBAL_RESTAPI_LOCAL_CALL1</PackageName>
    <packageversion>1.0</packageversion>
</PackageManager>
