<?xml version="1.0" encoding="UTF-8" standalone="yes"?>
<PackageManager creator="HCLTECH\durgaprasad.kopan" datecreated="2022-11-04T20:18:07.041109+05:30" expandmacros="true" includeMacroDefinition="true" newinventory="false" updatedBy="HCLTECH\durgaprasad.kopan" updatedDate="2022-11-04T20:18:09.4604429+05:30" whichMacrosToInclude="configuration">
    <EntryPoint>C:\DataConnect_Workspaces\Kalsec\Mitbal\Mitbal_Error_Process_Delete.process</EntryPoint>
    <EntrypointFileType>PROCESSV10</EntrypointFileType>
    <FileEntry>
        <entryPoint>C:\DataConnect_Workspaces\Kalsec\Mitbal\Mitbal_Error_Process_Delete.process</entryPoint>
        <fileName>Mitbal_Error_Process_Delete</fileName>
        <filePath>C:/DataConnect_Workspaces/Kalsec/Mitbal/Mitbal_Error_Process_Delete.process</filePath>
        <fileType>Process</fileType>
        <macroValue></macroValue>
        <mainProcess>true</mainProcess>
        <overrideTransformationPath></overrideTransformationPath>
        <version>1.401</version>
    </FileEntry>
    <FileEntry>
        <entryPoint>C:\DataConnect_Workspaces\Kalsec\Mitbal\Mitbal_Error_Process_Delete.process</entryPoint>
        <fileName>Mitbal_Error_Process_Delete</fileName>
        <filePath>C:/DataConnect_Workspaces/Kalsec/Mitbal/Mitbal_Error_Process_Delete.process.rtc</filePath>
        <fileType>Process Configuration</fileType>
        <macroValue></macroValue>
        <mainProcess>false</mainProcess>
        <overrideTransformationPath></overrideTransformationPath>
        <referringArtifactPath>C:/DataConnect_Workspaces/Kalsec/Mitbal/Mitbal_Error_Process_Delete.process</referringArtifactPath>
        <version>1.401</version>
    </FileEntry>
    <FileEntry>
        <entryPoint>C:\DataConnect_Workspaces\Kalsec\Mitbal\Mitbal_Error_Process_Delete.process</entryPoint>
        <fileName>Schema_Mitbal.schema</fileName>
        <filePath>C:/DataConnect_Workspaces/Kalsec/Local_Job_SPEC/Input/Schema_Mitbal.schema</filePath>
        <fileType>External Schema</fileType>
        <macroValue>$(SCHEMA_LOC)Schema_Mitbal.schema</macroValue>
        <mainProcess>false</mainProcess>
        <overrideTransformationPath></overrideTransformationPath>
        <version>1.0</version>
    </FileEntry>
    <FileEntry>
        <entryPoint>C:\DataConnect_Workspaces\Kalsec\Mitbal\Mitbal_Error_Process_Delete.process</entryPoint>
        <fileName>Delete_Mitbal</fileName>
        <filePath>C:/DataConnect_Workspaces/Kalsec/Mitbal/Delete_Mitbal.map</filePath>
        <fileType>Map</fileType>
        <macroValue></macroValue>
        <mainProcess>false</mainProcess>
        <overrideTransformationPath>C:\DataConnect_Workspaces\Kalsec\Mitbal\Delete_Mitbal.map.rtc</overrideTransformationPath>
        <version>1.71</version>
    </FileEntry>
    <FileEntry>
        <entryPoint>C:\DataConnect_Workspaces\Kalsec\Mitbal\Mitbal_Error_Process_Delete.process</entryPoint>
        <fileName>Delete_Mitbal</fileName>
        <filePath>C:/DataConnect_Workspaces/Kalsec/Mitbal/Delete_Mitbal.map.rtc</filePath>
        <fileType>Map Configuration</fileType>
        <macroValue></macroValue>
        <mainProcess>false</mainProcess>
        <overrideTransformationPath></overrideTransformationPath>
        <referringArtifactPath>C:/DataConnect_Workspaces/Kalsec/Mitbal/Mitbal_Error_Process_Delete.process</referringArtifactPath>
        <version>1.71</version>
    </FileEntry>
    <FileEntry>
        <entryPoint>C:\DataConnect_Workspaces\Kalsec\Mitbal\Mitbal_Error_Process_Delete.process</entryPoint>
        <fileName>GetAdd_ExistingRecord_Mitbal_Delete</fileName>
        <filePath>C:/DataConnect_Workspaces/Kalsec/Mitbal/GetAdd_ExistingRecord_Mitbal_Delete.map</filePath>
        <fileType>Map</fileType>
        <macroValue></macroValue>
        <mainProcess>false</mainProcess>
        <overrideTransformationPath>C:\DataConnect_Workspaces\Kalsec\Mitbal\GetAdd_ExistingRecord_Mitbal_Delete.map.rtc</overrideTransformationPath>
        <version>1.39</version>
    </FileEntry>
    <FileEntry>
        <entryPoint>C:\DataConnect_Workspaces\Kalsec\Mitbal\Mitbal_Error_Process_Delete.process</entryPoint>
        <fileName>GetAdd_ExistingRecord_Mitbal_Delete</fileName>
        <filePath>C:/DataConnect_Workspaces/Kalsec/Mitbal/GetAdd_ExistingRecord_Mitbal_Delete.map.rtc</filePath>
        <fileType>Map Configuration</fileType>
        <macroValue></macroValue>
        <mainProcess>false</mainProcess>
        <overrideTransformationPath></overrideTransformationPath>
        <referringArtifactPath>C:/DataConnect_Workspaces/Kalsec/Mitbal/Mitbal_Error_Process_Delete.process</referringArtifactPath>
        <version>1.39</version>
    </FileEntry>
    <FileEntry>
        <entryPoint>C:\DataConnect_Workspaces\Kalsec\Mitbal\Mitbal_Error_Process_Delete.process</entryPoint>
        <fileName>UpdateDeleteFlagMsg_Mitbal</fileName>
        <filePath>C:/DataConnect_Workspaces/Kalsec/Mitbal/UpdateDeleteFlagMsg_Mitbal.map</filePath>
        <fileType>Map</fileType>
        <macroValue></macroValue>
        <mainProcess>false</mainProcess>
        <overrideTransformationPath>C:\DataConnect_Workspaces\Kalsec\Mitbal\UpdateDeleteFlagMsg_Mitbal.map.rtc</overrideTransformationPath>
        <version>1.57</version>
    </FileEntry>
    <FileEntry>
        <entryPoint>C:\DataConnect_Workspaces\Kalsec\Mitbal\Mitbal_Error_Process_Delete.process</entryPoint>
        <fileName>UpdateDeleteFlagMsg_Mitbal</fileName>
        <filePath>C:/DataConnect_Workspaces/Kalsec/Mitbal/UpdateDeleteFlagMsg_Mitbal.map.rtc</filePath>
        <fileType>Map Configuration</fileType>
        <macroValue></macroValue>
        <mainProcess>false</mainProcess>
        <overrideTransformationPath></overrideTransformationPath>
        <referringArtifactPath>C:/DataConnect_Workspaces/Kalsec/Mitbal/Mitbal_Error_Process_Delete.process</referringArtifactPath>
        <version>1.57</version>
    </FileEntry>
    <FileEntry>
        <entryPoint>C:\DataConnect_Workspaces\Kalsec\Mitbal\Mitbal_Error_Process_Delete.process</entryPoint>
        <fileName>GetDelete_ExistingRecord_Mitbal_Delete</fileName>
        <filePath>C:/DataConnect_Workspaces/Kalsec/Mitbal/GetDelete_ExistingRecord_Mitbal_Delete.map</filePath>
        <fileType>Map</fileType>
        <macroValue></macroValue>
        <mainProcess>false</mainProcess>
        <overrideTransformationPath>C:\DataConnect_Workspaces\Kalsec\Mitbal\GetDelete_ExistingRecord_Mitbal_Delete.map.rtc</overrideTransformationPath>
        <version>1.54</version>
    </FileEntry>
    <FileEntry>
        <entryPoint>C:\DataConnect_Workspaces\Kalsec\Mitbal\Mitbal_Error_Process_Delete.process</entryPoint>
        <fileName>GetDelete_ExistingRecord_Mitbal_Delete</fileName>
        <filePath>C:/DataConnect_Workspaces/Kalsec/Mitbal/GetDelete_ExistingRecord_Mitbal_Delete.map.rtc</filePath>
        <fileType>Map Configuration</fileType>
        <macroValue></macroValue>
        <mainProcess>false</mainProcess>
        <overrideTransformationPath></overrideTransformationPath>
        <referringArtifactPath>C:/DataConnect_Workspaces/Kalsec/Mitbal/Mitbal_Error_Process_Delete.process</referringArtifactPath>
        <version>1.54</version>
    </FileEntry>
    <FileEntry>
        <fileName>Mitbal_Error_Process_Delete_macros.json</fileName>
        <filePath>C:/DataConnect_Workspaces/Kalsec/Mitbal_Error_Process_Delete_macros.json</filePath>
        <fileType>Macro</fileType>
        <macroValue></macroValue>
        <mainProcess>false</mainProcess>
        <overrideTransformationPath></overrideTransformationPath>
    </FileEntry>
    <PackageName>Limit_Mitbal_Delete</PackageName>
    <packageversion>1.0</packageversion>
</PackageManager>
