<?xml version="1.0" encoding="UTF-8" standalone="yes"?>
<PackageManager creator="HCLTECH\durgaprasad.kopan" datecreated="2022-11-04T20:02:46.01649+05:30" expandmacros="true" includeMacroDefinition="true" newinventory="false" updatedBy="HCLTECH\durgaprasad.kopan" updatedDate="2022-11-04T20:02:48.0128808+05:30" whichMacrosToInclude="configuration">
    <EntryPoint>C:\DataConnect_Workspaces\Kalsec\Mitbal\Mitbal_Error_Process_Replace.process</EntryPoint>
    <EntrypointFileType>PROCESSV10</EntrypointFileType>
    <FileEntry>
        <entryPoint>C:\DataConnect_Workspaces\Kalsec\Mitbal\Mitbal_Error_Process_Replace.process</entryPoint>
        <fileName>Mitbal_Error_Process_Replace</fileName>
        <filePath>C:/DataConnect_Workspaces/Kalsec/Mitbal/Mitbal_Error_Process_Replace.process</filePath>
        <fileType>Process</fileType>
        <macroValue></macroValue>
        <mainProcess>true</mainProcess>
        <overrideTransformationPath></overrideTransformationPath>
        <version>1.397</version>
    </FileEntry>
    <FileEntry>
        <entryPoint>C:\DataConnect_Workspaces\Kalsec\Mitbal\Mitbal_Error_Process_Replace.process</entryPoint>
        <fileName>Mitbal_Error_Process_Replace</fileName>
        <filePath>C:/DataConnect_Workspaces/Kalsec/Mitbal/Mitbal_Error_Process_Replace.process.rtc</filePath>
        <fileType>Process Configuration</fileType>
        <macroValue></macroValue>
        <mainProcess>false</mainProcess>
        <overrideTransformationPath></overrideTransformationPath>
        <referringArtifactPath>C:/DataConnect_Workspaces/Kalsec/Mitbal/Mitbal_Error_Process_Replace.process</referringArtifactPath>
        <version>1.397</version>
    </FileEntry>
    <FileEntry>
        <entryPoint>C:\DataConnect_Workspaces\Kalsec\Mitbal\Mitbal_Error_Process_Replace.process</entryPoint>
        <fileName>Schema_Mitbal.schema</fileName>
        <filePath>C:/DataConnect_Workspaces/Kalsec/Local_Job_SPEC/Input/Schema_Mitbal.schema</filePath>
        <fileType>External Schema</fileType>
        <macroValue>$(SCHEMA_LOC)Schema_Mitbal.schema</macroValue>
        <mainProcess>false</mainProcess>
        <overrideTransformationPath></overrideTransformationPath>
        <version>1.0</version>
    </FileEntry>
    <FileEntry>
        <entryPoint>C:\DataConnect_Workspaces\Kalsec\Mitbal\Mitbal_Error_Process_Replace.process</entryPoint>
        <fileName>Replace_Mitbal</fileName>
        <filePath>C:/DataConnect_Workspaces/Kalsec/Mitbal/Replace_Mitbal.map</filePath>
        <fileType>Map</fileType>
        <macroValue></macroValue>
        <mainProcess>false</mainProcess>
        <overrideTransformationPath>C:\DataConnect_Workspaces\Kalsec\Mitbal\Replace_Mitbal.map.rtc</overrideTransformationPath>
        <version>1.57</version>
    </FileEntry>
    <FileEntry>
        <entryPoint>C:\DataConnect_Workspaces\Kalsec\Mitbal\Mitbal_Error_Process_Replace.process</entryPoint>
        <fileName>Replace_Mitbal</fileName>
        <filePath>C:/DataConnect_Workspaces/Kalsec/Mitbal/Replace_Mitbal.map.rtc</filePath>
        <fileType>Map Configuration</fileType>
        <macroValue></macroValue>
        <mainProcess>false</mainProcess>
        <overrideTransformationPath></overrideTransformationPath>
        <referringArtifactPath>C:/DataConnect_Workspaces/Kalsec/Mitbal/Mitbal_Error_Process_Replace.process</referringArtifactPath>
        <version>1.57</version>
    </FileEntry>
    <FileEntry>
        <entryPoint>C:\DataConnect_Workspaces\Kalsec\Mitbal\Mitbal_Error_Process_Replace.process</entryPoint>
        <fileName>GetReplace_ExistingRecord_Mitbal</fileName>
        <filePath>C:/DataConnect_Workspaces/Kalsec/Mitbal/GetReplace_ExistingRecord_Mitbal.map</filePath>
        <fileType>Map</fileType>
        <macroValue></macroValue>
        <mainProcess>false</mainProcess>
        <overrideTransformationPath>C:\DataConnect_Workspaces\Kalsec\Mitbal\GetReplace_ExistingRecord_Mitbal.map.rtc</overrideTransformationPath>
        <version>1.9</version>
    </FileEntry>
    <FileEntry>
        <entryPoint>C:\DataConnect_Workspaces\Kalsec\Mitbal\Mitbal_Error_Process_Replace.process</entryPoint>
        <fileName>GetReplace_ExistingRecord_Mitbal</fileName>
        <filePath>C:/DataConnect_Workspaces/Kalsec/Mitbal/GetReplace_ExistingRecord_Mitbal.map.rtc</filePath>
        <fileType>Map Configuration</fileType>
        <macroValue></macroValue>
        <mainProcess>false</mainProcess>
        <overrideTransformationPath></overrideTransformationPath>
        <referringArtifactPath>C:/DataConnect_Workspaces/Kalsec/Mitbal/Mitbal_Error_Process_Replace.process</referringArtifactPath>
        <version>1.9</version>
    </FileEntry>
    <FileEntry>
        <entryPoint>C:\DataConnect_Workspaces\Kalsec\Mitbal\Mitbal_Error_Process_Replace.process</entryPoint>
        <fileName>UpdateReplaceFlagMsg_Mitbal</fileName>
        <filePath>C:/DataConnect_Workspaces/Kalsec/Mitbal/UpdateReplaceFlagMsg_Mitbal.map</filePath>
        <fileType>Map</fileType>
        <macroValue></macroValue>
        <mainProcess>false</mainProcess>
        <overrideTransformationPath>C:\DataConnect_Workspaces\Kalsec\Mitbal\UpdateReplaceFlagMsg_Mitbal.map.rtc</overrideTransformationPath>
        <version>1.52</version>
    </FileEntry>
    <FileEntry>
        <entryPoint>C:\DataConnect_Workspaces\Kalsec\Mitbal\Mitbal_Error_Process_Replace.process</entryPoint>
        <fileName>UpdateReplaceFlagMsg_Mitbal</fileName>
        <filePath>C:/DataConnect_Workspaces/Kalsec/Mitbal/UpdateReplaceFlagMsg_Mitbal.map.rtc</filePath>
        <fileType>Map Configuration</fileType>
        <macroValue></macroValue>
        <mainProcess>false</mainProcess>
        <overrideTransformationPath></overrideTransformationPath>
        <referringArtifactPath>C:/DataConnect_Workspaces/Kalsec/Mitbal/Mitbal_Error_Process_Replace.process</referringArtifactPath>
        <version>1.52</version>
    </FileEntry>
    <FileEntry>
        <fileName>Mitbal_Error_Process_Replace_macros.json</fileName>
        <filePath>C:/DataConnect_Workspaces/Kalsec/Mitbal_Error_Process_Replace_macros.json</filePath>
        <fileType>Macro</fileType>
        <macroValue></macroValue>
        <mainProcess>false</mainProcess>
        <overrideTransformationPath></overrideTransformationPath>
    </FileEntry>
    <PackageName>Limit_Mitbal_Replace</PackageName>
    <packageversion>1.0</packageversion>
</PackageManager>
