<?xml version="1.0" encoding="UTF-8"?>
<!--======  Transformation XML ======-->
<!-- <!DOCTYPE Transformation SYSTEM "DJMap.dtd"> -->
<Transformation author="scottk" creator="scottk"
    datecreated="2011-01-19T19:32:11Z"
    datemodified="2011-01-19T19:51:59Z" partial="no" schemaVersion="1.2"
        version="1.9">
	<LogManager loglocation="TransformMap.log"
            messagetypemask="15"/>
	<TransformationOptions>
		<Option
            name="truncationhandling" value="0"/>
		<Option
            name="overflowhandling" value="0"/>
		<Option
            name="nonullshandling" value="0"/>
		<Option
            name="maxerrorcount" value="1"/>
		<Option
            name="logfieldcount" value="5"/>
		<Option
            name="clearlogbeforerun"
            value="no"/>
	</TransformationOptions>
	<TransformationSources>
		<TransformationSource
            connectorname="XML"
                    name="TransformationSource1">
			<TransformationSourceOptions>
				<Option
                    name="attrfields" value="True"/>
				<Option
                    name="ignoredattributes"
                    value="e-dtype a-dtype"/>
				<Option
                    name="ignorewhite" value="True"/>
				<Option
                    name="stylesamplesize" value="5000"/>
				<Option
                    name="schema"/>
				<Option
                    name="qualifiedrecordnames"
                    value="True"/>
				<Option name="maxqualifications"
                    value="0"/>
				<Option name="doctyperecsonly"
                    value="False"/>
				<Option name="lstrip"
                    value="True"/>
				<Option name="tstrip"
                    value="True"/>
				<Option name="elementrecords"
                    value="False"/>
				<Option name="rootdataelements"
                    value="True"/>
				<Option name="layoutmismatch"
                        value="0"/>
			</TransformationSourceOptions>
			<DataAccess>
				<ConnectionInfo>
					<ResMgrSession
                        name="" type="XML"/>
					<ConnectionDetail
                    location="$(WEB_SVC_CFG_DIR)\$(WEB_SVC_CFG_FILE)">
						<UExtra><![CDATA[0@@]]></UExtra>
					</ConnectionDetail>
				</ConnectionInfo>
				<SampleInfo
                        type="All"/>
				<DataAccessOptions>
					<Option
                        name="filterrecordlimit"
                        value="2147483647"/>
					<Option
                        name="sortduplicaterecordsallowed"
            value="True"/>
				</DataAccessOptions>
			</DataAccess>
		</TransformationSource>
	</TransformationSources>
	<TransformationTargets>
		<TransformationTarget
            connectorname="Null" name="TransformationTarget1"
            outputmode="Replace" replacefullrecord="yes"
            updatemode="UpdateEvery"
                    updatewithnullfields="no">
			<TransformationTargetOptions>
				<Option
                    name="updateaddmismatch" value="True"/>
				<Option
                    name="layoutmismatch" value="0"/>
				<Option
                    name="recordrepetitioncount"
                        value="0"/>
			</TransformationTargetOptions>
			<DataAccess>
				<ConnectionInfo>
					<ResMgrSession
                        name=""
                    type="Null"/>
					<ConnectionDetail>
						<UExtra><![CDATA[0@@]]></UExtra>
					</ConnectionDetail>
				</ConnectionInfo>
				<SampleInfo
                        type="All"/>
				<DataAccessOptions>
					<Option
                        name="filterrecordlimit"
        value="2147483647"/>
				</DataAccessOptions>
			</DataAccess>
		</TransformationTarget>
	</TransformationTargets>
	<TransformationMap
        mapname="WebServiceInit.map.xml" originallocation=""/>
</Transformation>
