<?xml version="1.0" encoding="UTF-8"?>
<!--======  Map XML ======-->
<!-- <!DOCTYPE Map SYSTEM "DJMap.dtd"> -->
<Map author="scottk" creator="scottk" datecreated="2011-12-07T20:50:59Z"
    datemodified="2011-12-07T20:50:59Z" schemaVersion="1.2"
            version="1.12">
  <Variables>
    <Variable name="AR"
            public="no" type="Variant"/>
    <Variable name="CTag"
            public="no" type="Variant"/>
    <Variable name="CAcctTag"
            public="no" type="Variant"/>
    <Variable name="CPymntTag"
            public="no"
            type="Variant"/>
  </Variables>
  <MapEvents>
    <Event
                name="BeforeTransformation">
      <Action
                    name="Execute">
        <Parameter name="expression"
            position="0"><![CDATA[actionCode_Init()
resultCode_Init() 
tags_Init() ]]></Parameter>
      </Action>
    </Event>
    <Event
                name="AfterTransformation">
      <Action
                    name="Execute">
        <Parameter name="expression"
            position="0"><![CDATA[actionCode_Clear()
resultCode_Clear()
tags_Clear() ]]></Parameter>
      </Action>
    </Event>
  </MapEvents>
  <ExpressionModuleList>cm/2/actionCode.itable.rifl
cm/3/resultCode.itable.rifl
cm/4/tags.itable.rifl</ExpressionModuleList>
  <MapSources>
    <MapSource
                name="MapSource1">
      <MapSchema originallocation=""
                schemaname="Schemas/ETLWebServicesInput.ss.xml"/>
      <RecordLayoutEvents
                    recordlayoutname="ETLWebServiceRequests">
        <Event
                        name="AfterEveryRecord">
          <Action
                            name="ClearMapPut Record">
            <Parameter
                            name="target name"
                            position="0"><![CDATA[Target]]></Parameter>
            <Parameter
                            name="record layout"
                            position="1"><![CDATA[ETLWebServiceRequests]]></Parameter>
            <Parameter
                            name="buffered"
                position="4"><![CDATA[false]]></Parameter>
          </Action>
        </Event>
      </RecordLayoutEvents>
      <RecordLayoutEvents
                    recordlayoutname="[Request]save-arevent-with-shortnames">
        <Event
                        name="AfterEveryRecord">
          <Action
                            name="Execute">
            <Parameter
                            name="expression"
                        position="0"><![CDATA[Dim strActnCd
Dim strRsltCd

strActnCd = Ucase(Records("[Request]save-arevent-with-shortnames").Fields("action-code-shortname"))
strRsltCd = Ucase(Records("[Request]save-arevent-with-shortnames").Fields("result-code-shortname"))

IF MacroValue("POST_AR_EVENT") == "Y" then

if(actionCode_actn_cd_Lookup(strActnCd, -1) == -1) then
   
   strMessage = "The action code '" & strActnCd & "' is not defined"
   LogMessage("ERROR", strMessage)
   abort()  
   
end  if

if(resultCode_rslt_cd_Lookup(strRsltCd, -1) == -1) then
   
   strMessage = "The result code '" & strRsltCd & "' is not defined"
   LogMessage("ERROR", strMessage)
   abort()
   
end  if

 AR = 1
else

AR = 0

End If]]></Parameter>
          </Action>
          <Action
                            name="ClearMapPut Record">
            <Parameter
                            name="target name"
                            position="0"><![CDATA[Target]]></Parameter>
            <Parameter
                            name="record layout"
                            position="1"><![CDATA[Request]]></Parameter>
            <Parameter
                            name="count"
                            position="2"><![CDATA[if AR == "1" then

1

else

0

end if]]></Parameter>
            <Parameter
                            name="buffered"
                        position="4"><![CDATA[false]]></Parameter>
          </Action>
          <Action
                            name="ClearMapPut Record">
            <Parameter
                            name="target name"
                            position="0"><![CDATA[Target]]></Parameter>
            <Parameter
                            name="record layout"
                            position="1"><![CDATA[[Request]save-arevent-with-shortnames]]></Parameter>
            <Parameter
                            name="count"
                            position="2"><![CDATA[if AR == "1" then

1

else

0

end if]]></Parameter>
            <Parameter
                            name="buffered"
                position="4"><![CDATA[false]]></Parameter>
          </Action>
        </Event>
      </RecordLayoutEvents>
      <RecordLayoutEvents
                    recordlayoutname="[Request]assign-consumer-tag">
        <Event
                        name="AfterEveryRecord">
          <Action
                            name="Execute">
            <Parameter
                            name="expression"
                        position="0"><![CDATA[Dim strTag
Dim strResult
strTag = Ucase(Records("[Request]assign-consumer-tag").Fields("tag-short-name"))

IF MacroValue("POST_CNSMR_TAG") == "Y" then

strResult = tags_entty_assctn_val_txt_Lookup(strTag, "**NOTDEFINED**")
if((strResult == "**NOTDEFINED**") or (strResult <> "CONSUMER")) then
     
     if(strResult == "**NOTDEFINED**") then
		strMessage = "The tag '" & strTag & "' is not defined"
     else
     	strMessage = "You cannot apply the tag '" & strTag & "' to a consumer"
     end if
     
     LogMessage("ERROR", strMessage)
     abort()
         
end if
	CTag = 1

else

	CTag = 0

end if

]]></Parameter>
          </Action>
          <Action
                            name="ClearMapPut Record">
            <Parameter
                            name="target name"
                            position="0"><![CDATA[Target]]></Parameter>
            <Parameter
                            name="record layout"
                            position="1"><![CDATA[Request]]></Parameter>
            <Parameter
                            name="count"
                            position="2"><![CDATA[if CTag == "1" then

1

else

0

end if]]></Parameter>
            <Parameter
                            name="buffered"
                        position="4"><![CDATA[false]]></Parameter>
          </Action>
          <Action
                            name="ClearMapPut Record">
            <Parameter
                            name="target name"
                            position="0"><![CDATA[Target]]></Parameter>
            <Parameter
                            name="record layout"
                            position="1"><![CDATA[[Request]assign-consumer-tag]]></Parameter>
            <Parameter
                            name="count"
                            position="2"><![CDATA[if CTag == "1" then

1

else

0

end if]]></Parameter>
            <Parameter
                            name="buffered"
                position="4"><![CDATA[false]]></Parameter>
          </Action>
        </Event>
      </RecordLayoutEvents>
      <RecordLayoutEvents
                    recordlayoutname="[Request]assign-consumer-account-tag">
        <Event
                        name="AfterEveryRecord">
          <Action
                            name="Execute">
            <Parameter
                            name="expression"
                        position="0"><![CDATA[Dim strTag
Dim strResult
strTag = Ucase(Records("[Request]assign-consumer-account-tag").Fields("tag-short-name"))


IF MacroValue("POST_CNSMR_ACCNT_TAG") == "Y" then


strResult = tags_entty_assctn_val_txt_Lookup(strTag, "**NOTDEFINED**")
	if((strResult == "**NOTDEFINED**") or (strResult <> "CONSUMERACCOUNT")) then
     
     	if(strResult == "**NOTDEFINED**") then
			strMessage = "The tag '" & strTag & "' is not defined"
     	else
     		strMessage = "You cannot apply the tag '" & strTag & "' to a consumer account"
     	end if
     
     	LogMessage("ERROR", strMessage)
     	abort()   
     	     
	end if
	CAcctTag =1
else

     CAcctTag =0

end if

]]></Parameter>
          </Action>
          <Action
                            name="ClearMapPut Record">
            <Parameter
                            name="target name"
                            position="0"><![CDATA[Target]]></Parameter>
            <Parameter
                            name="record layout"
                            position="1"><![CDATA[Request]]></Parameter>
            <Parameter
                            name="count"
                            position="2"><![CDATA[if CAcctTag == "1" then

1

else

0

end if]]></Parameter>
            <Parameter
                            name="buffered"
                        position="4"><![CDATA[false]]></Parameter>
          </Action>
          <Action
                            name="ClearMapPut Record">
            <Parameter
                            name="target name"
                            position="0"><![CDATA[Target]]></Parameter>
            <Parameter
                            name="record layout"
                            position="1"><![CDATA[[Request]assign-consumer-account-tag]]></Parameter>
            <Parameter
                            name="count"
                            position="2"><![CDATA[if CAcctTag == "1" then

1

else

0

end if]]></Parameter>
            <Parameter
                            name="buffered"
                position="4"><![CDATA[false]]></Parameter>
          </Action>
        </Event>
      </RecordLayoutEvents>
      <RecordLayoutEvents
                    recordlayoutname="[Request]assign-consumer-payment-tag">
        <Event
                        name="AfterEveryRecord">
          <Action
                            name="Execute">
            <Parameter
                            name="expression"
                        position="0"><![CDATA[Dim strTag
Dim strResult
strTag = Ucase(Records("[Request]assign-consumer-payment-tag").Fields("tag-short-name"))


IF MacroValue("POST_CNSMR_PYMNT_TAG") == "Y" then

strResult = tags_entty_assctn_val_txt_Lookup(strTag, "**NOTDEFINED**")

	if((strResult == "**NOTDEFINED**") or (strResult <> "CONSUMERPAYMENT")) then
     
     	if(strResult == "**NOTDEFINED**") then
			strMessage = "The tag '" & strTag & "' is not defined"
     	else
     		strMessage = "You cannot apply the tag '" & strTag & "' to a consumer payment"
     	end if
     
     	LogMessage("ERROR", strMessage)
     	abort()   
     	     
	end if
	CPymntTag =1
else

    CPymntTag =0

end if

]]></Parameter>
          </Action>
          <Action
                            name="ClearMapPut Record">
            <Parameter
                            name="target name"
                            position="0"><![CDATA[Target]]></Parameter>
            <Parameter
                            name="record layout"
                            position="1"><![CDATA[Request]]></Parameter>
            <Parameter
                            name="count"
                            position="2"><![CDATA[if CPymntTag == "1" then

1

else

0

end if]]></Parameter>
            <Parameter
                            name="buffered"
                        position="4"><![CDATA[false]]></Parameter>
          </Action>
          <Action
                            name="ClearMapPut Record">
            <Parameter
                            name="target name"
                            position="0"><![CDATA[Target]]></Parameter>
            <Parameter
                            name="record layout"
                            position="1"><![CDATA[[Request]assign-consumer-payment-tag]]></Parameter>
            <Parameter
                            name="count"
                            position="2"><![CDATA[if CPymntTag == "1" then

1

else

0

end if]]></Parameter>
            <Parameter
                            name="buffered"
            position="4"><![CDATA[false]]></Parameter>
          </Action>
        </Event>
      </RecordLayoutEvents>
    </MapSource>
  </MapSources>
  <MapTargets>
    <MapTarget
                name="MapTarget1">
      <MapSchema originallocation=""
                        schemaname="Schemas/ETLWebServicesInput.ss.xml">
        <MapLockedIndicators>
          <MapLocked
                        fieldname="Request"
                        recordlayoutname="ETLWebServiceRequests"/>
          <MapLocked
                        fieldname="[Request]save-arevent-with-shortnames"
                        recordlayoutname="Request"/>
          <MapLocked
                        fieldname="[Request]assign-consumer-tag"
                        recordlayoutname="Request"/>
          <MapLocked
                        fieldname="[Request]assign-consumer-account-tag"
                        recordlayoutname="Request"/>
          <MapLocked
                        fieldname="[Request]assign-consumer-payment-tag"
                        recordlayoutname="Request"/>
        </MapLockedIndicators>
        <MapExpressions>
          <MapExpression
                        fieldname="RequestType" language="DJScript"
                        recordlayoutname="Request"><![CDATA[Records("Request").Fields("RequestType")]]></MapExpression>
          <MapExpression
                        fieldname="consumer-agency-identifier"
                        language="DJScript"
                        recordlayoutname="[Request]save-arevent-with-shortnames"><![CDATA[If MacroValue("POST_AR_EVENT") == "Y" then
	Records("[Request]save-arevent-with-shortnames").Fields("consumer-agency-identifier")
end if
]]></MapExpression>
          <MapExpression
                        fieldname="consumer-account-agency-identifier"
                        language="DJScript"
                        recordlayoutname="[Request]save-arevent-with-shortnames"><![CDATA[	
If MacroValue("POST_AR_EVENT") == "Y" then
	Records("[Request]save-arevent-with-shortnames").Fields("consumer-account-agency-identifier")
end if
]]></MapExpression>
          <MapExpression
                        fieldname="action-code-shortname"
                        language="DJScript"
                        recordlayoutname="[Request]save-arevent-with-shortnames"><![CDATA[If MacroValue("POST_AR_EVENT") == "Y" then
	Records("[Request]save-arevent-with-shortnames").Fields("action-code-shortname")
end if]]></MapExpression>
          <MapExpression
                        fieldname="result-code-shortname"
                        language="DJScript"
                        recordlayoutname="[Request]save-arevent-with-shortnames"><![CDATA[If MacroValue("POST_AR_EVENT") == "Y" then
	Records("[Request]save-arevent-with-shortnames").Fields("result-code-shortname")
end if]]></MapExpression>
          <MapExpression
                        fieldname="message-text" language="DJScript"
                        recordlayoutname="[Request]save-arevent-with-shortnames"><![CDATA[If MacroValue("POST_AR_EVENT") == "Y" then
	Records("[Request]save-arevent-with-shortnames").Fields("message-text")
end if]]></MapExpression>
          <MapExpression
                        fieldname="tag-short-name" language="DJScript"
                        recordlayoutname="[Request]assign-consumer-tag"><![CDATA[If MacroValue("POST_CNSMR_TAG") == "Y" then
	Records("[Request]assign-consumer-tag").Fields("tag-short-name")
end if]]></MapExpression>
          <MapExpression
                        fieldname="consumer-agency-identifier"
                        language="DJScript"
                        recordlayoutname="[Request]assign-consumer-tag"><![CDATA[If MacroValue("POST_CNSMR_TAG") == "Y" then
	Records("[Request]assign-consumer-tag").Fields("consumer-agency-identifier")
end if]]></MapExpression>
          <MapExpression
                        fieldname="tag-short-name" language="DJScript"
                        recordlayoutname="[Request]assign-consumer-account-tag"><![CDATA[If MacroValue("POST_CNSMR_ACCNT_TAG") == "Y" then
	Records("[Request]assign-consumer-account-tag").Fields("tag-short-name")
end if]]></MapExpression>
          <MapExpression
                        fieldname="agency-consumer-account-id"
                        language="DJScript"
                        recordlayoutname="[Request]assign-consumer-account-tag"><![CDATA[If MacroValue("POST_CNSMR_ACCNT_TAG") == "Y" then
	Records("[Request]assign-consumer-account-tag").Fields("agency-consumer-account-id")
end if]]></MapExpression>
          <MapExpression
                        fieldname="tag-short-name" language="DJScript"
                        recordlayoutname="[Request]assign-consumer-payment-tag"><![CDATA[If MacroValue("POST_CNSMR_PYMNT_TAG") == "Y" then
	Records("[Request]assign-consumer-payment-tag").Fields("tag-short-name")
end if]]></MapExpression>
          <MapExpression
                        fieldname="consumer-payment-id"
                        language="DJScript" recordlayoutname="[Request]assign-consumer-payment-tag"><![CDATA[If MacroValue("POST_CNSMR_PYMNT_TAG") == "Y" then
	Records("[Request]assign-consumer-payment-tag").Fields("consumer-payment-id")
end if]]></MapExpression>
        </MapExpressions>
      </MapSchema>
    </MapTarget>
  </MapTargets>
</Map>
