<?xml version="1.0" encoding="UTF-8"?>
<!--======  Map XML ======-->
<!-- <!DOCTYPE Map SYSTEM "DJMap.dtd"> -->
<Map author="scottk" creator="scottk" datecreated="2011-01-19T20:25:10Z"
    datemodified="2011-01-19T20:25:10Z" schemaVersion="1.2"
            version="1.11">
  <Variables>
    <Variable
            name="arEventSvc" public="no" type="Variant"/>
    <Variable
            name="cnsmrTagSvc" public="no"
            type="Variant"/>
    <Variable name="cnsmrAccntTagSvc"
            public="no" type="Variant"/>
    <Variable
            name="cnsmrPymntTag" public="no"
            type="Variant"/>
  </Variables>
  <MapEvents>
    <Event
                name="BeforeTransformation">
      <Action
                    name="Execute">
        <Parameter name="expression"
            position="0"><![CDATA[arEventSvc = "**NONE**"
cnsmrTagSvc = "**NONE**"
cnsmrAccntTagSvc = "**NONE**"
cnsmrPymntTag = "**NONE**"]]></Parameter>
      </Action>
    </Event>
    <Event
                name="AfterTransformation">
      <Action
                    name="Execute">
        <Parameter name="expression"
            position="0"><![CDATA[if((arEventSvc == "**NONE**") or _
   (cnsmrTagSvc == "**NONE**") or _
   (cnsmrAccntTagSvc == "**NONE**") or _
   (cnsmrPymntTag == "**NONE**")) then
   
   LogMessage("ERROR", "One of the required web services is not defined. check the web services configuration file")
   abort()
   
end if]]></Parameter>
      </Action>
    </Event>
  </MapEvents>
  <ExpressionModuleList>cm/1/webService.itable.rifl</ExpressionModuleList>
  <MapSources>
    <MapSource
                name="MapSource1">
      <MapSchema originallocation=""
                schemaname="Schemas/ETLWebServicesConfig.ss.xml"/>
      <RecordLayoutEvents
                    recordlayoutname="TitaniumWebServices">
        <Event
                        name="AfterEveryRecord">
          <Action
                            name="ClearMapPut Record">
            <Parameter
                            name="target name"
                            position="0"><![CDATA[Target]]></Parameter>
            <Parameter
                            name="record layout"
                            position="1"><![CDATA[R1]]></Parameter>
            <Parameter
                            name="buffered"
                position="4"><![CDATA[false]]></Parameter>
          </Action>
        </Event>
      </RecordLayoutEvents>
      <RecordLayoutEvents
                    recordlayoutname="TitaniumWebService">
        <Event
                        name="AfterEveryRecord">
          <Action
                            name="Execute">
            <Parameter
                            name="expression"
            position="0"><![CDATA[dim intError

intError = 0

'
' Validate the Web service type is valid
'
strWebServiceType = Records("TitaniumWebService").Fields("ServiceName") 
if((strWebServiceType <> "AR_EVENT") and _
   (strWebServiceType <> "CONSUMER_ACCOUNT_TAG") and _
   (strWebServiceType <> "CONSUMER_TAG") and _
   (strWebServiceType <> "CONSUMER_PAYMENT_TAG")) then
   
   strMessage = "The web service type '" & strWebServiceType & "' is not defined "
   LogMessage("ERROR", strMessage)
   abort()
   
else

	strEndPoint = Records("TitaniumWebService").Fields("ServiceEndPoint")
	select case Records("TitaniumWebService").Fields("ServiceName") 
	
		case "AR_EVENT"
			arEventSvc = Records("TitaniumWebService").Fields("ServiceEndPoint") 
		case "CONSUMER_TAG"
			cnsmrTagSvc = Records("TitaniumWebService").Fields("ServiceEndPoint") 
		case "CONSUMER_ACCOUNT_TAG"
			cnsmrAccntTagSvc = Records("TitaniumWebService").Fields("ServiceEndPoint") 
		case "CONSUMER_PAYMENT_TAG"
			cnsmrPymntTag = Records("TitaniumWebService").Fields("ServiceEndPoint")
	end select

end if

'
' Check to see of the web service schema directory exists
'
if((right(Records("TitaniumWebService").Fields("SchemaDirectory"), 1) == "/") or _
   (right(Records("TitaniumWebService").Fields("SchemaDirectory"), 1) == "\")) then
   
	intLen = Len(Records("TitaniumWebService").Fields("SchemaDirectory"))
   
	strSchemaDir = left(Records("TitaniumWebService").Fields("SchemaDirectory"), intLen - 1)
else

	strSchemaDir = Records("TitaniumWebService").Fields("SchemaDirectory")
	   
end if

strRqstSchema = strSchemaDir & "/" & Records("TitaniumWebService").Fields("RequestSchema") 
strRspnSchema = strSchemaDir & "/" & Records("TitaniumWebService").Fields("ResponseSchema")			


if(FileExists(strSchemaDir) == TRUE) then

	'
	' Now check to make sure the schema directory is an actual directory
	'
	if(IsDirectory(strSchemaDir) == true) then
	
		'
		' Now that we know the schema directory is valid make sure the 
		' schema files exist
		'
		bRqstSchemaExists = FileExists(strRqstSchema)
		bRspnSchemaExists = FileExists(strRspnSchema)
		

		if(bRqstSchemaExists == false) then
			intError = 3
		elseif(bRspnSchemaExists == false) then
			intError = 4
		else
		
			bRqstIsFile = IsFile(strRqstSchema)
			bRspnIsFile = IsFile(strRspnSchema)
			
			if(bRqstIsFile == false) then
				intError = 5
			elseif(bRspnIsFile == false) then
				intError = 6
			end if
		
		end if

	
	else
		intError = 2
	end if

else
	intError = 1
end if

'
' If there was an error. Set the error message and abort the map
'
if(intError > 0) then
	strMessage = ""
	
	select case intError
		case 1
			strMessage = "The schema directory '" & _
						 Records("TitaniumWebService").Fields("SchemaDirectory")  & "' does not exist"
		case 2
			strMessage = "The specified schema directory '" & _
						 Records("TitaniumWebService").Fields("SchemaDirectory")  & "'" & _
						 " is not a physical directory"
		case 3
			strMessage = "The specified request schema '" & strRqstSchema & "' does not exist"
		case 4
			strMessage = "The specified response schema '" & strRspnSchema & "' does not exist"
		case 5
			strMessage = "The specified request schema '" & strRqstSchema & "' is not a regular file"
		case 6
			strMessage = "The specified response schema '" & strRspnSchema & "' is not a regular file"
		case else
			strMessage = "Unknown error"
	end select


	LogMessage("ERROR", strMessage)
	abort()
else

	webService_AddRow(Records("TitaniumWebService").Fields("ServiceName"),     _
					  Records("TitaniumWebService").Fields("WsdlURL"),         _
					  Records("TitaniumWebService").Fields("ServiceEndPoint"), _
					  Records("TitaniumWebService").Fields("SchemaDirectory"), _
					  Records("TitaniumWebService").Fields("RequestSchema"),   _
					  Records("TitaniumWebService").Fields("ResponseSchema"))
	
end if
]]></Parameter>
          </Action>
        </Event>
      </RecordLayoutEvents>
    </MapSource>
  </MapSources>
  <MapTargets>
    <MapTarget
                    name="MapTarget1">
      <MapSchema>
        <Schema
                    connectorname="Null"
                            designedfor="Target">
          <RecordLayouts>
            <RecordLayout
                            length="16" name="R1"
                                status="0">
              <Origin
                                    origintype="0"/>
              <Fields>
                <Field
                                    name="Field">
                  <Datatype
                                    dataalias="Text"
                                    dataautoinc="no"
                                    datacurrency="no"
                                    dataidentity="no"
                                    datalength="16"
                                    datarowversion="no"
                                    datatype="0"/>
                </Field>
              </Fields>
              <RecordLayoutOptions>
                <Option
                                    name="uniquenameprefix"
                        value="FIELD1"/>
              </RecordLayoutOptions>
            </RecordLayout>
          </RecordLayouts>
        </Schema>
        <MapExpressions>
          <MapExpression
                        fieldname="Field" language="DJScript" recordlayoutname="R1"><![CDATA["FIELD"]]></MapExpression>
        </MapExpressions>
      </MapSchema>
    </MapTarget>
  </MapTargets>
</Map>
