{
  "macroSet" : [ {
    "id" : 1,
    "name" : "GLOBAL",
    "macros" : {
      "macro" : [ {
        "id" : 1,
        "name" : "LOCAL_JOB_SPEC_DIR",
        "value" : "C:\\DataConnect_Workspaces\\Kalsec\\Local_Job_SPEC\\Input\\Schema_Ooline.schema",
        "encryptValue" : false,
        "description" : ""
      }, {
        "id" : 2,
        "name" : "TEMP_DIR",
        "value" : "C:\\DataConnect_Workspaces\\Kalsec\\Local_Job_SPEC\\Temp\\",
        "encryptValue" : false,
        "description" : ""
      }, {
        "id" : 3,
        "name" : "INPUT_MITBAL_DIR",
        "value" : "C:\\DataConnect_Workspaces\\Kalsec\\Local_Job_SPEC\\Input\\",
        "encryptValue" : false,
        "description" : ""
      }, {
        "id" : 4,
        "name" : "IIJDBC_JAR_LOC",
        "value" : "C:\\DataConnect_Workspaces\\Kalsec\\Local_Job_SPEC\\Input\\",
        "encryptValue" : false,
        "description" : ""
      }, {
        "id" : 5,
        "name" : "SCHEMA_LOC",
        "value" : "C:\\DataConnect_Workspaces\\Kalsec\\Local_Job_SPEC\\Input\\",
        "encryptValue" : false,
        "description" : ""
      }, {
        "id" : 6,
        "name" : "INPUT_MITMAS_DIR",
        "value" : "C:\\DataConnect_Workspaces\\Kalsec\\Local_Job_SPEC\\Input\\",
        "encryptValue" : false,
        "description" : ""
      }, {
        "id" : 7,
        "name" : "INPUT_OSBSTD_DIR",
        "value" : "C:\\DataConnect_Workspaces\\Kalsec\\Local_Job_SPEC\\Input\\",
        "encryptValue" : false,
        "description" : ""
      }, {
        "id" : 8,
        "name" : "INPUT_OOHEAD_DIR",
        "value" : "C:\\DataConnect_Workspaces\\Kalsec\\Local_Job_SPEC\\Input\\",
        "encryptValue" : false,
        "description" : ""
      }, {
        "id" : 9,
        "name" : "INPUT_OOLINE_DIR",
        "value" : "C:\\DataConnect_Workspaces\\Kalsec\\Local_Job_SPEC\\Input\\",
        "encryptValue" : false,
        "description" : ""
      }, {
        "id" : 10,
        "name" : "JDBC_URL",
        "value" : "jdbc:actian://av-e5usejinpbh6.avprod.actiandatacloud.com:27839/db;encryption=on;",
        "encryptValue" : false,
        "description" : ""
      }, {
        "id" : 11,
        "name" : "JDBC_USERNAME",
        "value" : "kap_m3_core",
        "encryptValue" : false,
        "description" : ""
      }, {
        "id" : 12,
        "name" : "JDBC_PASSWORD",
        "value" : "password",
        "encryptValue" : false,
        "description" : ""
      }, {
        "id" : 13,
        "name" : "JDBC_DRIVER_CLASS",
        "value" : "com.ingres.jdbc.IngresDriver",
        "encryptValue" : false,
        "description" : ""
      }, {
        "id" : 14,
        "name" : "EMAIL_USERNAME",
        "value" : "poc-pandg@worldsfastestdatabase.com",
        "encryptValue" : false,
        "description" : ""
      }, {
        "id" : 15,
        "name" : "EMAIL_PASSWORD",
        "value" : "dzeynclfozwqzdzh",
        "encryptValue" : false,
        "description" : ""
      }, {
        "id" : 16,
        "name" : "EMAIL_SERVER",
        "value" : "smtp.gmail.com",
        "encryptValue" : false,
        "description" : ""
      }, {
        "id" : 17,
        "name" : "EMAIL_PORT",
        "value" : "587",
        "encryptValue" : false,
        "description" : ""
      }, {
        "id" : 18,
        "name" : "EMAIL_FROM",
        "value" : "poc-pandg@worldsfastestdatabase.com",
        "encryptValue" : false,
        "description" : ""
      }, {
        "id" : 19,
        "name" : "EMAIL_TO",
        "value" : "karthigapriya.n@hcl.com , karthikeyan_a@hcl.com , shaik.fatima@hcl.com",
        "encryptValue" : false,
        "description" : ""
      }, {
        "id" : 20,
        "name" : "EMAIL_SUBJECT",
        "value" : "Error Notification",
        "encryptValue" : false,
        "description" : ""
      }, {
        "id" : 21,
        "name" : "MITBAL_ARCHIVE_DIR",
        "value" : "C:\\DataConnect_Workspaces\\Kalsec\\Local_Job_SPEC\\Archive\\MITBAL\\",
        "encryptValue" : false,
        "description" : ""
      }, {
        "id" : 22,
        "name" : "MITMAS_ARCHIVE_DIR",
        "value" : "C:\\DataConnect_Workspaces\\Kalsec\\Local_Job_SPEC\\Archive\\MITMAS\\",
        "encryptValue" : false,
        "description" : ""
      }, {
        "id" : 23,
        "name" : "OOHEAD_ARCHIVE_DIR",
        "value" : "C:\\DataConnect_Workspaces\\Kalsec\\Local_Job_SPEC\\Archive\\OOHEAD\\",
        "encryptValue" : false,
        "description" : ""
      }, {
        "id" : 24,
        "name" : "OOLINE_ARCHIVE_DIR",
        "value" : "C:\\DataConnect_Workspaces\\Kalsec\\Local_Job_SPEC\\Archive\\OOLINE\\",
        "encryptValue" : false,
        "description" : ""
      }, {
        "id" : 25,
        "name" : "OSBSTD_ARCHIVE_DIR",
        "value" : "C:\\DataConnect_Workspaces\\Kalsec\\Local_Job_SPEC\\Archive\\OSBSTD\\",
        "encryptValue" : false,
        "description" : ""
      }, {
        "id" : 26,
        "name" : "UNPROCESSED_MITBAL_FILES",
        "value" : "C:\\DataConnect_Workspaces\\Kalsec\\Local_Job_SPEC\\Un_ProcessedFiles\\MITBAL\\",
        "encryptValue" : false,
        "description" : ""
      }, {
        "id" : 27,
        "name" : "UNPROCESSED_MITMAS_FILES",
        "value" : "C:\\DataConnect_Workspaces\\Kalsec\\Local_Job_SPEC\\Un_ProcessedFiles\\MITMAS\\",
        "encryptValue" : false,
        "description" : ""
      }, {
        "id" : 28,
        "name" : "UNPROCESSED_OOHEAD_FILES",
        "value" : "C:\\DataConnect_Workspaces\\Kalsec\\Local_Job_SPEC\\Un_ProcessedFiles\\OOHEAD\\",
        "encryptValue" : false,
        "description" : ""
      }, {
        "id" : 29,
        "name" : "UNPROCESSED_OOLINE_FILES",
        "value" : "C:\\DataConnect_Workspaces\\Kalsec\\Local_Job_SPEC\\Un_ProcessedFiles\\OOLINE\\",
        "encryptValue" : false,
        "description" : ""
      }, {
        "id" : 30,
        "name" : "UNPROCESSED_OSBSTD_FILES",
        "value" : "C:\\DataConnect_Workspaces\\Kalsec\\Local_Job_SPEC\\Un_ProcessedFiles\\OSBSTD\\",
        "encryptValue" : false,
        "description" : ""
      }, {
        "id" : 31,
        "name" : "MITBAL_EMAIL_ATTACHMENT",
        "value" : "",
        "encryptValue" : false,
        "description" : ""
      }, {
        "id" : 32,
        "name" : "MITMAS_EMAIL_ATTACHMENT",
        "value" : "",
        "encryptValue" : false,
        "description" : ""
      }, {
        "id" : 33,
        "name" : "OOHEAD_EMAIL_ATTACHMENT",
        "value" : "",
        "encryptValue" : false,
        "description" : ""
      }, {
        "id" : 34,
        "name" : "OOLINE_EMAIL_ATTACHMENT",
        "value" : "",
        "encryptValue" : false,
        "description" : ""
      }, {
        "id" : 35,
        "name" : "OSBSTD_EMAIL_ATTACHMENT",
        "value" : "",
        "encryptValue" : false,
        "description" : ""
      } ]
    }
  } ]
}