<?xml version="1.0" encoding="UTF-8"?>
<!--======  Map XML ======-->
<!-- <!DOCTYPE Map SYSTEM "DJMap.dtd"> -->
<Map author="chrish" creator="chrish" datecreated="2012-11-12T16:08:53Z"
    datemodified="2012-11-12T16:08:53Z" schemaVersion="1.2"
            version="1.27">
  <Variables>
    <Variable
            name="SQLDatabase" public="no"
            type="DJImport"/>
  </Variables>
  <MapEvents>
    <Event
                name="BeforeTransformation">
      <Action
                    name="Execute">
        <Parameter name="expression"
            position="0"><![CDATA[dim connectString

' Declares the import spoke type. 
Set SQLDatabase = new djimport "SQL Server 2005" 

' Sets the import connect string. 
connectString = "server=" & MacroValue("SQLSERVER") & ";database=" & MacroValue("DBNAME") & ";userid=" & MacroValue("DBUSERNAME") & ";password=" & MacroValue("DBPASSWORD")
SQLDatabase.connectstring = connectString]]></Parameter>
      </Action>
    </Event>
    <Event
                name="AfterTransformation">
      <Action
                    name="ClearMapPut Record">
        <Parameter
                    name="target name"
                    position="0"><![CDATA[Target]]></Parameter>
        <Parameter
                    name="record layout"
                    position="1"><![CDATA[Request]]></Parameter>
        <Parameter
                    name="buffered"
                position="4"><![CDATA[false]]></Parameter>
      </Action>
      <Action
                    name="ClearMapPut Record">
        <Parameter
                    name="target name"
                    position="0"><![CDATA[Target]]></Parameter>
        <Parameter
                    name="record layout"
                    position="1"><![CDATA[new-business-upload-release-request]]></Parameter>
        <Parameter
                    name="buffered"
            position="4"><![CDATA[false]]></Parameter>
      </Action>
    </Event>
  </MapEvents>
  <MapSources>
    <MapSource
                    name="MapSource1">
      <MapSchema>
        <Schema
                    connectorname="Null" creator="chrish"
                    datecreated="2010-02-03T23:54:25Z"
                            designedfor="Source">
          <RecordLayouts>
            <RecordLayout
                            length="4" name="R1"
                                status="0">
              <Origin
                                    origintype="0"/>
              <Fields>
                <Field
                                    name="Record Number">
                  <Datatype
                                    dataalias="Integer"
                                    dataautoinc="no"
                                    datacurrency="no"
                                    dataidentity="no" datalength="4"
                                    dataprecision="9"
                                    datarowversion="no"
                                    datasigned="yes"
                                    datatype="2"/>
                </Field>
              </Fields>
              <RecordLayoutOptions>
                <Option
                                    name="uniquenameprefix"
            value="FIELD1"/>
              </RecordLayoutOptions>
            </RecordLayout>
          </RecordLayouts>
        </Schema>
      </MapSchema>
    </MapSource>
  </MapSources>
  <MapTargets>
    <MapTarget
                name="MapTarget1">
      <MapSchema originallocation=""
                        schemaname="Schemas/WS_NewBiz.ss.xml">
        <MapExpressions>
          <MapExpression
                        fieldname="RequestType" language="DJScript"
                        recordlayoutname="Request"><![CDATA["NEWBUSINESS"]]></MapExpression>
          <MapExpression
                        fieldname="short-name" language="DJScript"
                        recordlayoutname="new-business-upload-release-request"><![CDATA['DefineMacro("BATCH_SHORT", "WS" & Left(Month(Date()), 1) & Day(Date()) & Right(Minute(Time()), 1) & Right(Second(Time()), 2))
'
'MacroValue("BATCH_SHORT")
/*
"WSN" & Left(Month(Date()), 1) & Day(Date()) & Right(Minute(Time()), 1) & Right(Second(Time()), 1)
*/



dim A, B

'DefineMacro("BATCH_SHORT", "W" & Left(MO, 1) & DA & HO & Right(MI, 1) & Right(SE, 2))

'MacroValue("BATCH_SHORT")

A = Now()

MO = Month(A)
DA = Day(A)
HO = Hour(A)
MI = format(Minute(A), "00")
SE = format(Second(A),"00")


select CASE MO

CASE  1
 MO =  "A"
CASE  2
 MO =  "B"
CASE  3
 MO =  "C"
CASE  4
 MO =  "D"
CASE  5
 MO =  "E"
CASE  6
 MO =  "F"
CASE  7
 MO =  "G"
CASE  8
 MO =  "H"
CASE  9
 MO =  "I"
CASE  10
 MO =  "J"
CASE  11
 MO =  "K"
CASE  12
 MO =  "L"
  
END select

'logmessage("INfo", MO)

select CASE DA

CASE 1 
 DA =  "1"
CASE 2 
 DA = "2"
CASE 3 
 DA = "3"
CASE 4 
 DA = "4"
CASE 5 
 DA = "5"
CASE 6 
 DA = "6"
CASE 7 
 DA = "7"
CASE 8 
 DA = "8"
CASE 9 
 DA = "9"
CASE 10 
 DA = "A"
CASE 11 
 DA = "B"
CASE 12 
 DA = "C"
CASE 13 
 DA = "D"
CASE 14 
 DA = "E"
CASE 15 
 DA = "F"
CASE 16 
 DA = "G"
CASE 17 
 DA = "H"
CASE 18 
 DA = "I"
CASE 19 
 DA = "J"
CASE 20 
 DA = "K"
CASE 21 
 DA = "L"
CASE 22 
 DA = "M"
CASE 23 
 DA = "N"
CASE 24 
 DA = "O"
CASE 25 
 DA = "P"
CASE 26 
 DA = "Q"
CASE 27 
 DA = "R"
CASE 28 
 DA = "S"
CASE 29 
 DA = "T"
CASE 30 
 DA = "U"
CASE 31 
 DA = "V"

END select

select CASE HO

CASE 0
HO = "A"
CASE 1
HO = "B"
CASE 2
HO = "C"
CASE 3
HO = "D"
CASE 4
HO = "E"
CASE 5
HO = "F"
CASE 6
HO = "G"
CASE 7
HO = "H"
CASE 8
HO = "I"
CASE 9
HO = "J"
CASE 10
HO = "K"
CASE 11
HO = "L"
CASE 12
HO = "M"
CASE 13
HO = "N"
CASE 14
HO = "O"
CASE 15
HO ="P"
CASE 16
HO = "Q"
CASE 17
HO = "R"
CASE 18
HO = "S"
CASE 19
HO = "T"
CASE 20
HO = "U"
CASE 21
HO ="V"
CASE 22
HO = "W"
CASE 23
HO = "X"
CASE 24
HO ="Y"
END select

DefineMacro("BATCH_SHORT", "W" & MO & DA & HO & MI & SE)

'logmessage ("info", MI)
'logmessage("info", SE)

B = MacroValue("BATCH_SHORT")

logmessage("INfo","Batch short name: " & B)

Return (B)]]></MapExpression>
          <MapExpression
                        fieldname="upload-file-name" language="DJScript"
                        recordlayoutname="new-business-upload-release-request"><![CDATA[MacroValue("NEW_BUSINESS_OUTPUT_FILE")]]></MapExpression>
          <MapExpression
                        fieldname="auto-assign-preference"
                        language="DJScript"
                        recordlayoutname="new-business-upload-release-request"><![CDATA[/* Verify that the macro equals one of our auto assignment methods, then output it to the field */
if (MacroValue("WORKGROUP") == "EQUAL" OR MacroValue("WORKGROUP") == "BALANCEALL" OR _
    MacroValue("WORKGROUP") == "SEQUENTIAL") then
    MacroValue("WORKGROUP")
end if]]></MapExpression>
          <MapExpression
                        fieldname="target-workgroup-id"
                        language="DJScript"
                        recordlayoutname="new-business-upload-release-request"><![CDATA[/* First check if the value is an auto assigment method, if it is we do NOT want to populate this field */
if (MacroValue("WORKGROUP") <> "EQUAL" AND MacroValue("WORKGROUP") <> "BALANCEALL" AND _
    MacroValue("WORKGROUP") <> "SEQUENTIAL") then
	/* See if the workgroup short name exists. */
	SQLDatabase.sqlStatement = "select count (*) from wrkgrp where wrkgrp_shrt_nm = '" & MacroValue("WORKGROUP") & "'"

	/* If it's greater than zero, we have a valid workgroup. */
	if (SQLDatabase.fields(1) > 0) then
		SQLDatabase.sqlStatement = "select wrkgrp_id from wrkgrp where wrkgrp_shrt_nm = '" & MacroValue("WORKGROUP") & "'"
	
		/* write out wrkgrp_id */
		SQLDatabase.fields(1)
	else /* else, we have an invalid workgroup.  ABORT!!! */
		LogMessage("BAD WRKGRP", "Value specified in WORKGROUP_SHORT_NAME macro is INVALID")
		Abort(TRUE)
	end if
end if]]></MapExpression>
          <MapExpression
                        fieldname="manual-upload" language="DJScript"
                        recordlayoutname="new-business-upload-release-request"><![CDATA["false"]]></MapExpression>
          <MapExpression
                        fieldname="auto-linking-enabled-flag"
                        language="DJScript"
                        recordlayoutname="new-business-upload-release-request"><![CDATA[if (MacroValue("AUTO_LINKING") == "Y") then
	"true"
else
	"false"
end if]]></MapExpression>
          <MapExpression
                        fieldname="auto-merging-enabled-flag"
                        language="DJScript"
                        recordlayoutname="new-business-upload-release-request"><![CDATA[if (MacroValue("AUTO_MERGING") == "Y") then
	"true"
else
	"false"
end if]]></MapExpression>
          <MapExpression
                        fieldname="strategy-option-choice"
                        language="DJScript"
                        recordlayoutname="new-business-upload-release-request"><![CDATA[dim NB_STRATEGY_OPTION

'"USE_CREDITOR_DEFAULT_STRATEGY"

If ucase(MacroValue("NB_STRATEGY_OPTION")) <> "SPECIFY_STRATEGY" then
NB_STRATEGY_OPTION =  MacroValue("NB_STRATEGY_OPTION")
end if

return(NB_STRATEGY_OPTION)]]></MapExpression>
          <MapExpression
                        fieldname="default-strategy-id"
                        language="DJScript"
                        recordlayoutname="new-business-upload-release-request"><![CDATA[/* First check if the value is an SPECIFY_STRATEGY, if it is we do want to populate this field */
if (Ucase(MacroValue("NB_STRATEGY_OPTION")) == "SPECIFY_STRATEGY") then
	/* See if the workgroup short name exists. */
	SQLDatabase.sqlStatement = "select count (*) from strtgy s where s.strtgy_shrt_nm = '" & MacroValue("STRTGY_SHRT_NM") & "'"

	/* If it's greater than zero, we have a valid workgroup. */
	if (SQLDatabase.fields(1) > 0) then
		SQLDatabase.sqlStatement = "select s.strtgy_id from strtgy s where s.strtgy_shrt_nm = '" & MacroValue("STRTGY_SHRT_NM") & "'"
	
		/* write out wrkgrp_id */
		SQLDatabase.fields(1)
	else /* else, we have an invalid workgroup.  ABORT!!! */
		LogMessage("BAD STRTGY_SHRT_NM", "Value specified in STRTGY_SHRT_NM macro is INVALID")
		Abort(TRUE)
	end if
end if

]]></MapExpression>
          <MapExpression
                        fieldname="auto-release" language="DJScript"
                        recordlayoutname="new-business-upload-release-request"><![CDATA[if (MacroValue("AUTO_RELEASE") == "Y") then
	"true"
else
	"false"
end if]]></MapExpression>
        </MapExpressions>
        <MapLockedIndicators>
          <MapLocked
                        fieldname="new-business-upload-release-request" recordlayoutname="Request"/>
        </MapLockedIndicators>
      </MapSchema>
    </MapTarget>
  </MapTargets>
</Map>
