<?xml version="1.0" encoding="UTF-8" standalone="yes"?>
<PackageManager creator="HCLTECH\saravanan_s" datecreated="2023-02-21T08:29:31.702358+05:30" expandmacros="true" includeMacroDefinition="true" newinventory="false" updatedBy="HCLTECH\saravanan_s" updatedDate="2023-02-21T08:29:43.7771821+05:30" whichMacrosToInclude="workspace">
    <EntryPoint>C:\DataConnect_Workspaces\Kalsec\Kalsec_REST_API\OOLINE\Ooline_Main_Process.process</EntryPoint>
    <EntrypointFileType>PROCESSV10</EntrypointFileType>
    <FileEntry>
        <entryPoint>C:\DataConnect_Workspaces\Kalsec\Kalsec_REST_API\OOLINE\Ooline_Main_Process.process</entryPoint>
        <fileName>Ooline_Main_Process</fileName>
        <filePath>C:/DataConnect_Workspaces/Kalsec/Kalsec_REST_API/OOLINE/Ooline_Main_Process.process</filePath>
        <fileType>Process</fileType>
        <macroValue></macroValue>
        <mainProcess>true</mainProcess>
        <overrideTransformationPath></overrideTransformationPath>
        <version>1.68</version>
    </FileEntry>
    <FileEntry>
        <entryPoint>C:\DataConnect_Workspaces\Kalsec\Kalsec_REST_API\OOLINE\Ooline_Main_Process.process</entryPoint>
        <fileName>Ooline_Main_Process</fileName>
        <filePath>C:/DataConnect_Workspaces/Kalsec/Kalsec_REST_API/OOLINE/Ooline_Main_Process.process.rtc</filePath>
        <fileType>Process Configuration</fileType>
        <macroValue></macroValue>
        <mainProcess>false</mainProcess>
        <overrideTransformationPath></overrideTransformationPath>
        <referringArtifactPath>C:/DataConnect_Workspaces/Kalsec/Kalsec_REST_API/OOLINE/Ooline_Main_Process.process</referringArtifactPath>
        <version>1.68</version>
    </FileEntry>
    <FileEntry>
        <entryPoint>C:\DataConnect_Workspaces\Kalsec\Kalsec_REST_API\OOLINE\Ooline_Main_Process.process</entryPoint>
        <fileName>Ooline_Error_Process_Replace</fileName>
        <filePath>C:/DataConnect_Workspaces/Kalsec/Kalsec_REST_API/OOLINE/Ooline_Error_Process_Replace.process</filePath>
        <fileType>Process</fileType>
        <macroValue></macroValue>
        <mainProcess>false</mainProcess>
        <overrideTransformationPath></overrideTransformationPath>
        <referringArtifactPath>C:/DataConnect_Workspaces/Kalsec/Kalsec_REST_API/OOLINE/Ooline_Main_Process.process</referringArtifactPath>
        <version>1.79</version>
    </FileEntry>
    <FileEntry>
        <entryPoint>C:\DataConnect_Workspaces\Kalsec\Kalsec_REST_API\OOLINE\Ooline_Main_Process.process</entryPoint>
        <fileName>Ooline_Error_Process_Replace</fileName>
        <filePath>C:/DataConnect_Workspaces/Kalsec/Kalsec_REST_API/OOLINE/Ooline_Error_Process_Replace.process.rtc</filePath>
        <fileType>Process Configuration</fileType>
        <macroValue></macroValue>
        <mainProcess>false</mainProcess>
        <overrideTransformationPath></overrideTransformationPath>
        <referringArtifactPath>C:/DataConnect_Workspaces/Kalsec/Kalsec_REST_API/OOLINE/Ooline_Error_Process_Replace.process</referringArtifactPath>
        <version>1.79</version>
    </FileEntry>
    <FileEntry>
        <entryPoint>C:\DataConnect_Workspaces\Kalsec\Kalsec_REST_API\OOLINE\Ooline_Main_Process.process</entryPoint>
        <fileName>Schema_Ooline.schema</fileName>
        <filePath>C:/DataConnect_Workspaces/Kalsec/Local_Job_SPEC/Input/Schema_Ooline.schema</filePath>
        <fileType>External Schema</fileType>
        <macroValue>$(LOCAL_JOB_SPEC_DIR)Schema_Ooline.schema</macroValue>
        <mainProcess>false</mainProcess>
        <overrideTransformationPath></overrideTransformationPath>
        <version>1.0</version>
    </FileEntry>
    <FileEntry>
        <entryPoint>C:\DataConnect_Workspaces\Kalsec\Kalsec_REST_API\OOLINE\Ooline_Main_Process.process</entryPoint>
        <fileName>GetAdd_ExistingRecord_Ooline</fileName>
        <filePath>C:/DataConnect_Workspaces/Kalsec/Kalsec_REST_API/OOLINE/GetAdd_ExistingRecord_Ooline.map</filePath>
        <fileType>Map</fileType>
        <macroValue></macroValue>
        <mainProcess>false</mainProcess>
        <overrideTransformationPath>C:\DataConnect_Workspaces\Kalsec\Kalsec_REST_API\OOLINE\GetAdd_ExistingRecord_Ooline.map.rtc</overrideTransformationPath>
        <version>1.68</version>
    </FileEntry>
    <FileEntry>
        <entryPoint>C:\DataConnect_Workspaces\Kalsec\Kalsec_REST_API\OOLINE\Ooline_Main_Process.process</entryPoint>
        <fileName>GetAdd_ExistingRecord_Ooline</fileName>
        <filePath>C:/DataConnect_Workspaces/Kalsec/Kalsec_REST_API/OOLINE/GetAdd_ExistingRecord_Ooline.map.rtc</filePath>
        <fileType>Map Configuration</fileType>
        <macroValue></macroValue>
        <mainProcess>false</mainProcess>
        <overrideTransformationPath></overrideTransformationPath>
        <referringArtifactPath>C:/DataConnect_Workspaces/Kalsec/Kalsec_REST_API/OOLINE/Ooline_Error_Process_Replace.process</referringArtifactPath>
        <version>1.68</version>
    </FileEntry>
    <FileEntry>
        <entryPoint>C:\DataConnect_Workspaces\Kalsec\Kalsec_REST_API\OOLINE\Ooline_Main_Process.process</entryPoint>
        <fileName>Replace_Ooline</fileName>
        <filePath>C:/DataConnect_Workspaces/Kalsec/Kalsec_REST_API/OOLINE/Replace_Ooline.map</filePath>
        <fileType>Map</fileType>
        <macroValue></macroValue>
        <mainProcess>false</mainProcess>
        <overrideTransformationPath>C:\DataConnect_Workspaces\Kalsec\Kalsec_REST_API\OOLINE\Replace_Ooline.map.rtc</overrideTransformationPath>
        <version>1.65</version>
    </FileEntry>
    <FileEntry>
        <entryPoint>C:\DataConnect_Workspaces\Kalsec\Kalsec_REST_API\OOLINE\Ooline_Main_Process.process</entryPoint>
        <fileName>Replace_Ooline</fileName>
        <filePath>C:/DataConnect_Workspaces/Kalsec/Kalsec_REST_API/OOLINE/Replace_Ooline.map.rtc</filePath>
        <fileType>Map Configuration</fileType>
        <macroValue></macroValue>
        <mainProcess>false</mainProcess>
        <overrideTransformationPath></overrideTransformationPath>
        <referringArtifactPath>C:/DataConnect_Workspaces/Kalsec/Kalsec_REST_API/OOLINE/Ooline_Error_Process_Replace.process</referringArtifactPath>
        <version>1.65</version>
    </FileEntry>
    <FileEntry>
        <entryPoint>C:\DataConnect_Workspaces\Kalsec\Kalsec_REST_API\OOLINE\Ooline_Main_Process.process</entryPoint>
        <fileName>UpdateFlagMsg_Ooline</fileName>
        <filePath>C:/DataConnect_Workspaces/Kalsec/Kalsec_REST_API/OOLINE/UpdateFlagMsg_Ooline.map</filePath>
        <fileType>Map</fileType>
        <macroValue></macroValue>
        <mainProcess>false</mainProcess>
        <overrideTransformationPath>C:\DataConnect_Workspaces\Kalsec\Kalsec_REST_API\OOLINE\UpdateFlagMsg_Ooline.map.rtc</overrideTransformationPath>
        <version>1.65</version>
    </FileEntry>
    <FileEntry>
        <entryPoint>C:\DataConnect_Workspaces\Kalsec\Kalsec_REST_API\OOLINE\Ooline_Main_Process.process</entryPoint>
        <fileName>UpdateFlagMsg_Ooline</fileName>
        <filePath>C:/DataConnect_Workspaces/Kalsec/Kalsec_REST_API/OOLINE/UpdateFlagMsg_Ooline.map.rtc</filePath>
        <fileType>Map Configuration</fileType>
        <macroValue></macroValue>
        <mainProcess>false</mainProcess>
        <overrideTransformationPath></overrideTransformationPath>
        <referringArtifactPath>C:/DataConnect_Workspaces/Kalsec/Kalsec_REST_API/OOLINE/Ooline_Error_Process_Replace.process</referringArtifactPath>
        <version>1.65</version>
    </FileEntry>
    <FileEntry>
        <entryPoint>C:\DataConnect_Workspaces\Kalsec\Kalsec_REST_API\OOLINE\Ooline_Main_Process.process</entryPoint>
        <fileName>Ooline_Error_Process_Add</fileName>
        <filePath>C:/DataConnect_Workspaces/Kalsec/Kalsec_REST_API/OOLINE/Ooline_Error_Process_Add.process</filePath>
        <fileType>Process</fileType>
        <macroValue></macroValue>
        <mainProcess>false</mainProcess>
        <overrideTransformationPath></overrideTransformationPath>
        <referringArtifactPath>C:/DataConnect_Workspaces/Kalsec/Kalsec_REST_API/OOLINE/Ooline_Main_Process.process</referringArtifactPath>
        <version>1.68</version>
    </FileEntry>
    <FileEntry>
        <entryPoint>C:\DataConnect_Workspaces\Kalsec\Kalsec_REST_API\OOLINE\Ooline_Main_Process.process</entryPoint>
        <fileName>Ooline_Error_Process_Add</fileName>
        <filePath>C:/DataConnect_Workspaces/Kalsec/Kalsec_REST_API/OOLINE/Ooline_Error_Process_Add.process.rtc</filePath>
        <fileType>Process Configuration</fileType>
        <macroValue></macroValue>
        <mainProcess>false</mainProcess>
        <overrideTransformationPath></overrideTransformationPath>
        <referringArtifactPath>C:/DataConnect_Workspaces/Kalsec/Kalsec_REST_API/OOLINE/Ooline_Error_Process_Add.process</referringArtifactPath>
        <version>1.68</version>
    </FileEntry>
    <FileEntry>
        <entryPoint>C:\DataConnect_Workspaces\Kalsec\Kalsec_REST_API\OOLINE\Ooline_Main_Process.process</entryPoint>
        <fileName>GetDelete_ExistingRecord_Ooline</fileName>
        <filePath>C:/DataConnect_Workspaces/Kalsec/Kalsec_REST_API/OOLINE/GetDelete_ExistingRecord_Ooline.map</filePath>
        <fileType>Map</fileType>
        <macroValue></macroValue>
        <mainProcess>false</mainProcess>
        <overrideTransformationPath>C:\DataConnect_Workspaces\Kalsec\Kalsec_REST_API\OOLINE\GetDelete_ExistingRecord_Ooline.map.rtc</overrideTransformationPath>
        <version>1.65</version>
    </FileEntry>
    <FileEntry>
        <entryPoint>C:\DataConnect_Workspaces\Kalsec\Kalsec_REST_API\OOLINE\Ooline_Main_Process.process</entryPoint>
        <fileName>GetDelete_ExistingRecord_Ooline</fileName>
        <filePath>C:/DataConnect_Workspaces/Kalsec/Kalsec_REST_API/OOLINE/GetDelete_ExistingRecord_Ooline.map.rtc</filePath>
        <fileType>Map Configuration</fileType>
        <macroValue></macroValue>
        <mainProcess>false</mainProcess>
        <overrideTransformationPath></overrideTransformationPath>
        <referringArtifactPath>C:/DataConnect_Workspaces/Kalsec/Kalsec_REST_API/OOLINE/Ooline_Error_Process_Add.process</referringArtifactPath>
        <version>1.65</version>
    </FileEntry>
    <FileEntry>
        <entryPoint>C:\DataConnect_Workspaces\Kalsec\Kalsec_REST_API\OOLINE\Ooline_Main_Process.process</entryPoint>
        <fileName>Add_Ooline</fileName>
        <filePath>C:/DataConnect_Workspaces/Kalsec/Kalsec_REST_API/OOLINE/Add_Ooline.map</filePath>
        <fileType>Map</fileType>
        <macroValue></macroValue>
        <mainProcess>false</mainProcess>
        <overrideTransformationPath>C:\DataConnect_Workspaces\Kalsec\Kalsec_REST_API\OOLINE\Add_Ooline.map.rtc</overrideTransformationPath>
        <version>1.94</version>
    </FileEntry>
    <FileEntry>
        <entryPoint>C:\DataConnect_Workspaces\Kalsec\Kalsec_REST_API\OOLINE\Ooline_Main_Process.process</entryPoint>
        <fileName>Add_Ooline</fileName>
        <filePath>C:/DataConnect_Workspaces/Kalsec/Kalsec_REST_API/OOLINE/Add_Ooline.map.rtc</filePath>
        <fileType>Map Configuration</fileType>
        <macroValue></macroValue>
        <mainProcess>false</mainProcess>
        <overrideTransformationPath></overrideTransformationPath>
        <referringArtifactPath>C:/DataConnect_Workspaces/Kalsec/Kalsec_REST_API/OOLINE/Ooline_Error_Process_Add.process</referringArtifactPath>
        <version>1.94</version>
    </FileEntry>
    <FileEntry>
        <entryPoint>C:\DataConnect_Workspaces\Kalsec\Kalsec_REST_API\OOLINE\Ooline_Main_Process.process</entryPoint>
        <fileName>Ooline_Error_Process_Delete</fileName>
        <filePath>C:/DataConnect_Workspaces/Kalsec/Kalsec_REST_API/OOLINE/Ooline_Error_Process_Delete.process</filePath>
        <fileType>Process</fileType>
        <macroValue></macroValue>
        <mainProcess>false</mainProcess>
        <overrideTransformationPath></overrideTransformationPath>
        <referringArtifactPath>C:/DataConnect_Workspaces/Kalsec/Kalsec_REST_API/OOLINE/Ooline_Main_Process.process</referringArtifactPath>
        <version>1.50</version>
    </FileEntry>
    <FileEntry>
        <entryPoint>C:\DataConnect_Workspaces\Kalsec\Kalsec_REST_API\OOLINE\Ooline_Main_Process.process</entryPoint>
        <fileName>Ooline_Error_Process_Delete</fileName>
        <filePath>C:/DataConnect_Workspaces/Kalsec/Kalsec_REST_API/OOLINE/Ooline_Error_Process_Delete.process.rtc</filePath>
        <fileType>Process Configuration</fileType>
        <macroValue></macroValue>
        <mainProcess>false</mainProcess>
        <overrideTransformationPath></overrideTransformationPath>
        <referringArtifactPath>C:/DataConnect_Workspaces/Kalsec/Kalsec_REST_API/OOLINE/Ooline_Error_Process_Delete.process</referringArtifactPath>
        <version>1.50</version>
    </FileEntry>
    <FileEntry>
        <entryPoint>C:\DataConnect_Workspaces\Kalsec\Kalsec_REST_API\OOLINE\Ooline_Main_Process.process</entryPoint>
        <fileName>Delete_Ooline</fileName>
        <filePath>C:/DataConnect_Workspaces/Kalsec/Kalsec_REST_API/OOLINE/Delete_Ooline.map</filePath>
        <fileType>Map</fileType>
        <macroValue></macroValue>
        <mainProcess>false</mainProcess>
        <overrideTransformationPath>C:\DataConnect_Workspaces\Kalsec\Kalsec_REST_API\OOLINE\Delete_Ooline.map.rtc</overrideTransformationPath>
        <version>1.82</version>
    </FileEntry>
    <FileEntry>
        <entryPoint>C:\DataConnect_Workspaces\Kalsec\Kalsec_REST_API\OOLINE\Ooline_Main_Process.process</entryPoint>
        <fileName>Delete_Ooline</fileName>
        <filePath>C:/DataConnect_Workspaces/Kalsec/Kalsec_REST_API/OOLINE/Delete_Ooline.map.rtc</filePath>
        <fileType>Map Configuration</fileType>
        <macroValue></macroValue>
        <mainProcess>false</mainProcess>
        <overrideTransformationPath></overrideTransformationPath>
        <referringArtifactPath>C:/DataConnect_Workspaces/Kalsec/Kalsec_REST_API/OOLINE/Ooline_Error_Process_Delete.process</referringArtifactPath>
        <version>1.82</version>
    </FileEntry>
    <FileEntry>
        <fileName>Template_Macro.json</fileName>
        <filePath>C:/Users/saravanan_s/Actian/DataConnect/Kalsec_Workspace/Kalsec/Template_Macro.json</filePath>
        <fileType>Macro</fileType>
        <macroValue></macroValue>
        <mainProcess>false</mainProcess>
        <overrideTransformationPath></overrideTransformationPath>
    </FileEntry>
    <PackageName>RestApi_Ooline1</PackageName>
    <packageversion>1.0</packageversion>
</PackageManager>
