<?xml version="1.0" encoding="UTF-8"?>
<!--======  Schema XML ======-->
<!-- <!DOCTYPE Schema SYSTEM "DJMap.dtd"> -->
<Schema author="Don" connectorname="ASCII (Delimited)" creator="Don"
    datecreated="2008-09-22T18:41:15Z"
    datemodified="2008-09-22T18:41:15Z" designedfor="Target"
    location="xmldb:ref:///C:/ETL/Trunk/TitaniumFullCycle/Schemas/TitaniumFullCyclePaymentsHeader.ss.xml"
    schemaVersion="1.2"
            version="1.0">
  <RecordLayouts>
    <RecordLayout
            length="32" name="TitaniumFullCyclePaymentHeader"
                status="0">
      <Origin
                    origintype="0"/>
      <Fields>
        <Field
                        name="numberOfPayments">
          <Datatype
                        dataalias="Text" dataalign="Left"
                        dataautoinc="no" datacurrency="no"
                        dataidentity="no" datalength="16"
                        datapadchar=" " datarowversion="no"
                    datatype="0"/>
        </Field>
        <Field
                        name="amountOfPayments">
          <Datatype
                        dataalias="Text" dataalign="Left"
                        dataautoinc="no" datacurrency="no"
                        dataidentity="no" datalength="16"
                        datapadchar=" " datarowversion="no"
                    datatype="0"/>
        </Field>
      </Fields>
      <RecordLayoutOptions>
        <Option
                    name="uniquenameprefix" value="FIELD1"/>
      </RecordLayoutOptions>
    </RecordLayout>
  </RecordLayouts>
</Schema>
