<?xml version="1.0" encoding="UTF-8"?>
<!--======  Map XML ======-->
<!-- <!DOCTYPE Map SYSTEM "DJMap.dtd"> -->
<Map author="702002147" creator="702002147"
    datecreated="2011-01-28T17:54:38Z"
    datemodified="2011-03-03T19:41:29Z" schemaVersion="1.2"
            version="1.81">
  <Variables>
    <Variable name="vRequest"
            public="no"
            type="Variant"/>
  </Variables>
  <MapSources>
    <MapSource
                    name="MapSource1">
      <MapSchema>
        <Schema
                    connectorname="SQL Server 2008" creator="Don"
                    datecreated="2008-05-22T18:00:32Z"
                            designedfor="Source">
          <RecordLayouts>
            <RecordLayout
                            length="556" name="R1"
                                status="0">
              <Origin
                                    origintype="0"/>
              <Fields>
                <Field
                                    name="AgencyID">
                  <Datatype
                                    dataalias="bigint"
                                    dataautoinc="no"
                                    datacurrency="no"
                                    dataidentity="no" datalength="8"
                                    datanulls="no"
                                    dataprecision="19"
                                    datarowversion="no"
                                    datasigned="yes"
                                    datatype="12"/>
                </Field>
                <Field
                                    name="AgencyAccount">
                  <Datatype
                                    dataalias="bigint"
                                    dataautoinc="no"
                                    datacurrency="no"
                                    dataidentity="no" datalength="8"
                                    datanulls="no"
                                    dataprecision="19"
                                    datarowversion="no"
                                    datasigned="yes"
                                    datatype="12"/>
                </Field>
                <Field
                                    name="Action_Code">
                  <Datatype
                                    dataalias="varchar"
                                    dataautoinc="no"
                                    datacurrency="no"
                                    dataidentity="no" datalength="8"
                                    datanulls="yes"
                                    datarowversion="no"
                                    datatype="151"/>
                </Field>
                <Field
                                    name="comment">
                  <Datatype
                                    dataalias="varchar"
                                    dataautoinc="no"
                                    datacurrency="no"
                                    dataidentity="no"
                                    datalength="500" datanulls="yes"
                                    datarowversion="no"
                                    datatype="151"/>
                </Field>
                <Field
                                    name="result_code">
                  <Datatype
                                    dataalias="varchar"
                                    dataautoinc="no"
                                    datacurrency="no"
                                    dataidentity="no" datalength="8"
                                    datanulls="yes"
                                    datarowversion="no"
                                    datatype="151"/>
                </Field>
                <Field
                                    name="consumer_tag">
                  <Datatype
                                    dataalias="varchar"
                                    dataautoinc="no"
                                    datacurrency="no"
                                    dataidentity="no" datalength="8"
                                    datanulls="yes"
                                    datarowversion="no"
                                    datatype="151"/>
                </Field>
                <Field
                                    name="consumer_account_tag">
                  <Datatype
                                    dataalias="varchar"
                                    dataautoinc="no"
                                    datacurrency="no"
                                    dataidentity="no" datalength="8"
                                    datanulls="yes"
                                    datarowversion="no"
                                    datatype="151"/>
                </Field>
                <Field
                                    name="payment_account_tag">
                  <Datatype
                                    dataalias="varchar"
                                    dataautoinc="no"
                                    datacurrency="no"
                                    dataidentity="no" datalength="8"
                                    datanulls="yes"
                                    datarowversion="no"
                                    datatype="151"/>
                </Field>
              </Fields>
              <RecordLayoutOptions>
                <Option
                                    name="uniquenameprefix"
                value="FIELD1"/>
              </RecordLayoutOptions>
            </RecordLayout>
          </RecordLayouts>
        </Schema>
      </MapSchema>
      <RecordLayoutEvents
                    recordlayoutname="R1">
        <Event
                        name="AfterEveryRecord">
          <Action
                            name="Execute">
            <Parameter
                            name="expression"
                        position="0"><![CDATA[vRequest = "AREVENT"]]></Parameter>
          </Action>
          <Action
                            name="ClearMapPut Record">
            <Parameter
                            name="target name"
                            position="0"><![CDATA[Target]]></Parameter>
            <Parameter
                            name="record layout"
                            position="1"><![CDATA[Request]]></Parameter>
            <Parameter
                            name="count"
                            position="2"><![CDATA[if( len(trim(Fields("AgencyID"))) > 0 and len(trim(Fields("Action_Code"))) > 0 and len(trim(Fields("result_code"))) > 0) then
	1
else	
	0
end if]]></Parameter>
            <Parameter
                            name="buffered"
                        position="4"><![CDATA[false]]></Parameter>
          </Action>
          <Action
                            name="ClearMapPut Record">
            <Parameter
                            name="target name"
                            position="0"><![CDATA[Target]]></Parameter>
            <Parameter
                            name="record layout"
                            position="1"><![CDATA[[Request]save-arevent-with-shortnames]]></Parameter>
            <Parameter
                            name="count"
                            position="2"><![CDATA[if( len(trim(Fields("AgencyID"))) > 0 and len(trim(Fields("Action_Code"))) > 0 and len(trim(Fields("result_code"))) > 0) then
	1
else	
	0
end if]]></Parameter>
            <Parameter
                            name="buffered"
                        position="4"><![CDATA[false]]></Parameter>
          </Action>
          <Action
                            name="Execute">
            <Parameter
                            name="expression"
                        position="0"><![CDATA[vRequest="CONSUMERTAG"]]></Parameter>
          </Action>
          <Action
                            name="ClearMapPut Record">
            <Parameter
                            name="target name"
                            position="0"><![CDATA[Target]]></Parameter>
            <Parameter
                            name="record layout"
                            position="1"><![CDATA[Request]]></Parameter>
            <Parameter
                            name="count"
                            position="2"><![CDATA[if( len(trim(Fields("AgencyID"))) > 0 and len(trim(Fields("consumer_tag"))) > 0 ) then
	1
else	
	0
end if]]></Parameter>
            <Parameter
                            name="buffered"
                        position="4"><![CDATA[false]]></Parameter>
          </Action>
          <Action
                            name="ClearMapPut Record">
            <Parameter
                            name="target name"
                            position="0"><![CDATA[Target]]></Parameter>
            <Parameter
                            name="record layout"
                            position="1"><![CDATA[[Request]assign-consumer-tag]]></Parameter>
            <Parameter
                            name="count"
                            position="2"><![CDATA[if( len(trim(Fields("AgencyID"))) > 0 and len(trim(Fields("consumer_tag"))) > 0 ) then
	1
else	
	0
end if]]></Parameter>
            <Parameter
                            name="buffered"
                        position="4"><![CDATA[false]]></Parameter>
          </Action>
          <Action
                            name="Execute">
            <Parameter
                            name="expression"
                        position="0"><![CDATA[vRequest="CONSUMERACCOUNTTAG"]]></Parameter>
          </Action>
          <Action
                            name="ClearMapPut Record">
            <Parameter
                            name="target name"
                            position="0"><![CDATA[Target]]></Parameter>
            <Parameter
                            name="record layout"
                            position="1"><![CDATA[Request]]></Parameter>
            <Parameter
                            name="count"
                            position="2"><![CDATA[if( len(trim(Fields("AgencyAccount"))) > 0 and len(trim(Fields("consumer_account_tag"))) > 0 ) then
	1
else	
	0
end if]]></Parameter>
            <Parameter
                            name="buffered"
                        position="4"><![CDATA[false]]></Parameter>
          </Action>
          <Action
                            name="ClearMapPut Record">
            <Parameter
                            name="target name"
                            position="0"><![CDATA[Target]]></Parameter>
            <Parameter
                            name="record layout"
                            position="1"><![CDATA[[Request]assign-consumer-account-tag]]></Parameter>
            <Parameter
                            name="count"
                            position="2"><![CDATA[if( len(trim(Fields("AgencyAccount"))) > 0 and len(trim(Fields("consumer_account_tag"))) > 0 ) then
	1
else	
	0
end if]]></Parameter>
            <Parameter
                            name="buffered"
                        position="4"><![CDATA[false]]></Parameter>
          </Action>
          <Action
                            name="Execute">
            <Parameter
                            name="expression"
                        position="0"><![CDATA[vRequest="CONSUMERPAYMENTTAG"]]></Parameter>
          </Action>
          <Action
                            name="ClearMapPut Record">
            <Parameter
                            name="target name"
                            position="0"><![CDATA[Target]]></Parameter>
            <Parameter
                            name="record layout"
                            position="1"><![CDATA[Request]]></Parameter>
            <Parameter
                            name="count"
                            position="2"><![CDATA[if( len(trim(Fields("AgencyAccount"))) > 0 and len(trim(Fields("payment_account_tag"))) > 0 ) then
	1
else	
	0
end if]]></Parameter>
            <Parameter
                            name="buffered"
                        position="4"><![CDATA[false]]></Parameter>
          </Action>
          <Action
                            name="ClearMapPut Record">
            <Parameter
                            name="target name"
                            position="0"><![CDATA[Target]]></Parameter>
            <Parameter
                            name="record layout"
                            position="1"><![CDATA[[Request]assign-consumer-payment-tag]]></Parameter>
            <Parameter
                            name="count"
                            position="2"><![CDATA[if( len(trim(Fields("AgencyAccount"))) > 0 and len(trim(Fields("payment_account_tag"))) > 0 ) then
	1
else	
	0
end if]]></Parameter>
            <Parameter
                            name="buffered"
                    position="4"><![CDATA[false]]></Parameter>
          </Action>
        </Event>
        <Event
                        name="BeforeFirstRecord">
          <Action
                            name="ClearMapPut Record">
            <Parameter
                            name="target name"
                            position="0"><![CDATA[Target]]></Parameter>
            <Parameter
                            name="record layout"
                            position="1"><![CDATA[ETLWebServiceRequests]]></Parameter>
            <Parameter
                            name="buffered"
            position="4"><![CDATA[false]]></Parameter>
          </Action>
        </Event>
      </RecordLayoutEvents>
    </MapSource>
  </MapSources>
  <MapTargets>
    <MapTarget
                name="MapTarget1">
      <MapSchema originallocation=""
                        schemaname="New Business/Schemas/ETLWebServicesInput.ss.xml">
        <MapLockedIndicators>
          <MapLocked
                        fieldname="Request"
                        recordlayoutname="ETLWebServiceRequests"/>
          <MapLocked
                        fieldname="[Request]save-arevent-with-shortnames"
                        recordlayoutname="Request"/>
          <MapLocked
                        fieldname="[Request]assign-consumer-tag"
                        recordlayoutname="Request"/>
          <MapLocked
                        fieldname="[Request]assign-consumer-account-tag"
                        recordlayoutname="Request"/>
          <MapLocked
                        fieldname="[Request]assign-consumer-payment-tag"
                        recordlayoutname="Request"/>
        </MapLockedIndicators>
        <MapExpressions>
          <MapExpression
                        fieldname="RequestType" language="DJScript"
                        recordlayoutname="Request"><![CDATA[vRequest]]></MapExpression>
          <MapExpression
                        fieldname="consumer-agency-identifier"
                        language="DJScript"
                        recordlayoutname="[Request]save-arevent-with-shortnames"><![CDATA[Fields("AgencyID")]]></MapExpression>
          <MapExpression
                        fieldname="action-code-shortname"
                        language="DJScript"
                        recordlayoutname="[Request]save-arevent-with-shortnames"><![CDATA[Fields("Action_Code")]]></MapExpression>
          <MapExpression
                        fieldname="result-code-shortname"
                        language="DJScript"
                        recordlayoutname="[Request]save-arevent-with-shortnames"><![CDATA[Fields("result_code")]]></MapExpression>
          <MapExpression
                        fieldname="message-text" language="DJScript"
                        recordlayoutname="[Request]save-arevent-with-shortnames"><![CDATA[Fields("comment")]]></MapExpression>
          <MapExpression
                        fieldname="tag-short-name" language="DJScript"
                        recordlayoutname="[Request]assign-consumer-tag"><![CDATA[Fields("consumer_tag")]]></MapExpression>
          <MapExpression
                        fieldname="consumer-agency-identifier"
                        language="DJScript"
                        recordlayoutname="[Request]assign-consumer-tag"><![CDATA[Fields("AgencyID")]]></MapExpression>
          <MapExpression
                        fieldname="tag-short-name" language="DJScript"
                        recordlayoutname="[Request]assign-consumer-account-tag"><![CDATA[Fields("consumer_account_tag")]]></MapExpression>
          <MapExpression
                        fieldname="agency-consumer-account-id"
                        language="DJScript"
                        recordlayoutname="[Request]assign-consumer-account-tag"><![CDATA[Fields("AgencyAccount")]]></MapExpression>
          <MapExpression
                        fieldname="tag-short-name" language="DJScript"
                        recordlayoutname="[Request]assign-consumer-payment-tag"><![CDATA[Fields("payment_account_tag")]]></MapExpression>
          <MapExpression
                        fieldname="consumer-payment-id"
                        language="DJScript" recordlayoutname="[Request]assign-consumer-payment-tag"><![CDATA[Fields("AgencyAccount")]]></MapExpression>
        </MapExpressions>
      </MapSchema>
    </MapTarget>
  </MapTargets>
</Map>
