<?xml version="1.0" encoding="UTF-8"?>
<!--======  Transformation XML ======-->
<!-- <!DOCTYPE Transformation SYSTEM "DJMap.dtd"> -->
<Transformation author="702002147" creator="702002147"
    datecreated="2011-01-28T17:54:38Z"
    datemodified="2011-03-03T19:41:29Z" partial="no" schemaVersion="1.2"
        version="1.81">
	<LogManager
        loglocation="C:\Documents and Settings\702002147.USACORP\Pervasive\Logs\MapDesigner\TransformMap.log"
            messagetypemask="15"/>
	<TransformationOptions>
		<Option
            name="truncationhandling" value="0"/>
		<Option
            name="overflowhandling" value="0"/>
		<Option
            name="nonullshandling" value="0"/>
		<Option
            name="maxerrorcount" value="1"/>
		<Option
            name="logfieldcount" value="5"/>
		<Option
            name="clearlogbeforerun"
            value="no"/>
	</TransformationOptions>
	<TransformationSources>
		<TransformationSource
            connectorname="SQL Server 2008"
                    name="TransformationSource1">
			<TransformationSourceOptions>
				<Option
                    name="encoding" value="OEM"/>
				<Option
                    name="wherestmt"/>
				<Option name="systables"
                    value="False"/>
				<Option name="views"
                    value="True"/>
				<Option name="synonyms"
                    value="False"/>
				<Option name="cursortype"
                    value="client"/>
				<Option name="layoutmismatch"
                        value="0"/>
			</TransformationSourceOptions>
			<DataAccess>
				<ConnectionInfo>
					<ResMgrSession
                        name="SQLServer2008-1"
                        resourcemanager="$(DBNAME)"
                        server="$(SQLSERVER)" type="SQL Server 2008"
                        userid="$(DBUSERNAME)">
						<Password><![CDATA[AQBBAKQAwABhAHAAegA5APkA+AC9AF0ALAAGAJYA]]></Password>
					</ResMgrSession>
					<ConnectionDetail
                    querystatementfile="$(SQLDIR)TitaniumFullCycleInputAREvents.sql"/>
				</ConnectionInfo>
				<SampleInfo
                        type="All"/>
				<DataAccessOptions>
					<Option
                        name="filterrecordlimit"
                        value="2147483647"/>
					<Option
                        name="sortduplicaterecordsallowed"
            value="True"/>
				</DataAccessOptions>
			</DataAccess>
		</TransformationSource>
	</TransformationSources>
	<TransformationTargets>
		<TransformationTarget
            connectorname="XML" name="TransformationTarget1"
            outputmode="Replace" replacefullrecord="yes"
            updatemode="UpdateEvery"
                    updatewithnullfields="no">
			<TransformationTargetOptions>
				<Option
                    name="encoding" value="ISO-8859-1"/>
				<Option
                    name="byteorder" value="Auto"/>
				<Option
                    name="writexmldecl" value="True"/>
				<Option
                    name="writedtd" value="None"/>
				<Option
                    name="dtdfile"/>
				<Option
                    name="processinginstructions"/>
				<Option
                    name="footer"/>
				<Option
                    name="internalsubset"/>
				<Option
                    name="doctypename"
                    value="ETLWebServiceRequests"/>
				<Option
                    name="writeempty" value="False"/>
				<Option
                    name="writeemptyattr" value="True"/>
				<Option
                    name="useemptytag" value="False"/>
				<Option
                    name="retainrecordorder" value="False"/>
				<Option
                    name="formatted" value="True"/>
				<Option
                    name="ischildtextnode" value="True"/>
				<Option
                    name="updateaddmismatch" value="True"/>
				<Option
                    name="layoutmismatch" value="0"/>
				<Option
                    name="recordrepetitioncount"
                        value="0"/>
			</TransformationTargetOptions>
			<DataAccess>
				<ConnectionInfo>
					<ResMgrSession
                        name="" resourcemanager="" server="" type="XML"
                        userid=""/>
					<ConnectionDetail
                    location="$(WEB_SVC_INPUT_DIR)\$(WEB_SVC_INPUT_PREFILE)">
						<UExtra><![CDATA[0@@]]></UExtra>
					</ConnectionDetail>
				</ConnectionInfo>
				<SampleInfo
                        type="All"/>
				<DataAccessOptions>
					<Option
                        name="filterrecordlimit"
        value="2147483647"/>
				</DataAccessOptions>
			</DataAccess>
		</TransformationTarget>
	</TransformationTargets>
	<TransformationMap
        mapname="StandardAREvent.map.xml" originallocation=""/>
</Transformation>
