<?xml version="1.0" encoding="UTF-8"?>
<!--======  Transformation XML ======-->
<!-- <!DOCTYPE Transformation SYSTEM "DJMap.dtd"> -->
<Transformation author="Don" creator="Don"
    datecreated="2011-06-14T15:43:12Z"
    datemodified="2012-03-07T22:10:35Z" partial="no" schemaVersion="1.2"
        version="1.28">
  <LogManager loglocation="TransformMap.log"
            messagetypemask="15"/>
  <TransformationOptions>
    <Option
            name="truncationhandling" value="0"/>
    <Option
            name="overflowhandling" value="0"/>
    <Option
            name="nonullshandling" value="0"/>
    <Option
            name="maxerrorcount" value="1"/>
    <Option
            name="logfieldcount" value="5"/>
    <Option
            name="clearlogbeforerun"
            value="no"/>
  </TransformationOptions>
  <TransformationSources>
    <TransformationSource
            connectorname="ASCII (Fixed)"
                    name="TransformationSource1">
      <TransformationSourceOptions>
        <Option
                    name="codepage" value="ANSI"/>
        <Option
                    name="recsep" value="LF"/>
        <Option
                    name="lstrip" value="True"/>
        <Option
                    name="tstrip" value="True"/>
        <Option
                    name="soffset" value="0"/>
        <Option
                    name="tabex" value="0"/>
        <Option
                    name="samplesize" value="1000"/>
        <Option
                    name="datatypes" value="standard"/>
        <Option
                    name="inserteofrecsep"
                    value="False"/>
        <Option
                    name="numericformatnormalization"
                    value="False"/>
        <Option
                    name="layoutmismatch"
                        value="0"/>
      </TransformationSourceOptions>
      <DataAccess>
        <ConnectionInfo>
          <ResMgrSession
                        name="RMSession1"
                        type="ASCII (Fixed)"/>
          <ConnectionDetail
                    location="$(TITANIUM_FULL_CYCLE_INPUT_DIR)\$(TITANIUM_FULL_CYCLE_INPUT_FILE)">
            <UExtra><![CDATA[0@@]]></UExtra>
          </ConnectionDetail>
        </ConnectionInfo>
        <SampleInfo
                        type="All"/>
        <DataAccessOptions>
          <Option
                        name="filterrecordlimit"
                        value="2147483647"/>
          <Option
                        name="sortduplicaterecordsallowed"
            value="True"/>
        </DataAccessOptions>
      </DataAccess>
    </TransformationSource>
  </TransformationSources>
  <TransformationTargets>
    <TransformationTarget
            connectorname="XML" name="TransformationTarget1"
            outputmode="Replace" replacefullrecord="yes"
            updatemode="UpdateEvery"
                    updatewithnullfields="no">
      <TransformationTargetOptions>
        <Option
                    name="encoding" value="ISO-8859-1"/>
        <Option
                    name="byteorder" value="Auto"/>
        <Option
                    name="writexmldecl" value="True"/>
        <Option
                    name="writedtd" value="None"/>
        <Option
                    name="dtdfile"/>
        <Option
                    name="processinginstructions"/>
        <Option
                    name="footer"/>
        <Option
                    name="internalsubset"/>
        <Option
                    name="doctypename"/>
        <Option
                    name="writeempty" value="False"/>
        <Option
                    name="writeemptyattr"
                    value="False"/>
        <Option name="useemptytag"
                    value="False"/>
        <Option
                    name="retainrecordorder"
                    value="False"/>
        <Option name="formatted"
                    value="True"/>
        <Option
                    name="ischildtextnode"
                    value="True"/>
        <Option
                    name="updateaddmismatch"
                    value="True"/>
        <Option name="layoutmismatch"
                    value="0"/>
        <Option
                    name="recordrepetitioncount"
                        value="0"/>
      </TransformationTargetOptions>
      <DataAccess>
        <ConnectionInfo>
          <ResMgrSession
                        name="RMSession1"
                        type="XML"/>
          <ConnectionDetail
                    location="$(TITANIUM_FULL_CYCLE_OUTPUT_DIR)\$(TITANIUM_FULL_CYCLE_OUTPUT_FILE)">
            <UExtra><![CDATA[0@@]]></UExtra>
          </ConnectionDetail>
        </ConnectionInfo>
        <SampleInfo
                        type="All"/>
        <DataAccessOptions>
          <Option
                        name="filterrecordlimit"
        value="2147483647"/>
        </DataAccessOptions>
      </DataAccess>
    </TransformationTarget>
  </TransformationTargets>
  <TransformationMap
        mapname="TitaniumFullCyclePayments.map.xml" originallocation=""/>
</Transformation>
