<?xml version="1.0" encoding="UTF-8"?>
<!--======  Transformation XML ======-->
<!-- <!DOCTYPE Transformation SYSTEM "DJMap.dtd"> -->
<Transformation author="Don" creator="Don"
    datecreated="2008-09-22T18:35:11Z"
    datemodified="2010-11-09T20:01:50Z" partial="no" schemaVersion="1.2"
        version="1.11">
  <LogManager loglocation="TransformMap.log"
            messagetypemask="15"/>
  <TransformationOptions>
    <Option
            name="truncationhandling" value="0"/>
    <Option
            name="overflowhandling" value="0"/>
    <Option
            name="nonullshandling" value="0"/>
    <Option
            name="maxerrorcount" value="1"/>
    <Option
            name="logfieldcount" value="5"/>
    <Option
            name="clearlogbeforerun"
            value="no"/>
  </TransformationOptions>
  <TransformationSources>
    <TransformationSource
            connectorname="ASCII (Fixed)"
                    name="TransformationSource1">
      <TransformationSourceOptions>
        <Option
                    name="codepage" value="ANSI"/>
        <Option
                    name="recsep" value="CR-LF"/>
        <Option
                    name="lstrip" value="True"/>
        <Option
                    name="tstrip" value="True"/>
        <Option
                    name="soffset" value="0"/>
        <Option
                    name="tabex" value="0"/>
        <Option
                    name="samplesize" value="1000"/>
        <Option
                    name="datatypes" value="standard"/>
        <Option
                    name="inserteofrecsep"
                    value="False"/>
        <Option
                    name="numericformatnormalization"
                    value="False"/>
        <Option
                    name="layoutmismatch"
                        value="0"/>
      </TransformationSourceOptions>
      <DataAccess>
        <ConnectionInfo>
          <ResMgrSession
                        name="RMSession1"
                        type="ASCII (Fixed)"/>
          <ConnectionDetail
                    location="$(TITANIUM_FULL_CYCLE_INPUT_DIR)\$(TITANIUM_FULL_CYCLE_INPUT_FILE)">
            <UExtra><![CDATA[0@@]]></UExtra>
          </ConnectionDetail>
        </ConnectionInfo>
        <SampleInfo
                        type="All"/>
        <DataAccessOptions>
          <Option
                        name="filterrecordlimit"
                        value="2147483647"/>
          <Option
                        name="sortduplicaterecordsallowed"
            value="True"/>
        </DataAccessOptions>
      </DataAccess>
    </TransformationSource>
  </TransformationSources>
  <TransformationTargets>
    <TransformationTarget
            connectorname="ASCII (Delimited)"
            name="TransformationTarget1" outputmode="Replace"
            replacefullrecord="yes" updatemode="UpdateEvery"
                    updatewithnullfields="no">
      <TransformationTargetOptions>
        <Option
                    name="codepage" value="ANSI"/>
        <Option
                    name="recsep" value="CR-LF"/>
        <Option
                    name="fldsep" value=","/>
        <Option
                    name="fldsdelim" value="&quot;"/>
        <Option
                    name="fldedelim" value="&quot;"/>
        <Option
                    name="header" value="False"/>
        <Option
                    name="delimit" value="all"/>
        <Option
                    name="lstrip" value="True"/>
        <Option
                    name="tstrip" value="True"/>
        <Option
                    name="srcxlit"/>
        <Option
                    name="trgxlit"/>
        <Option name="maxdatalen"
                    value="0"/>
        <Option name="nullind"
                    value="none"/>
        <Option
                    name="updateaddmismatch"
                    value="True"/>
        <Option name="layoutmismatch"
                    value="0"/>
        <Option
                    name="recordrepetitioncount"
                        value="0"/>
      </TransformationTargetOptions>
      <DataAccess>
        <ConnectionInfo>
          <ResMgrSession
                        name="RMSession1"
                        type="ASCII (Delimited)"/>
          <ConnectionDetail
                    location="$(TITANIUM_FULL_CYCLE_OUTPUT_DIR)\Payments.tmp">
            <UExtra><![CDATA[0@@]]></UExtra>
          </ConnectionDetail>
        </ConnectionInfo>
        <SampleInfo
                        type="All"/>
        <DataAccessOptions>
          <Option
                        name="filterrecordlimit"
        value="2147483647"/>
        </DataAccessOptions>
      </DataAccess>
    </TransformationTarget>
  </TransformationTargets>
  <TransformationMap
        mapname="TitaniumFullCyclePaymentsHeader.map.xml" originallocation=""/>
</Transformation>
