<?xml version="1.0" encoding="UTF-8"?>
<!--======  Map XML ======-->
<!-- <!DOCTYPE Map SYSTEM "DJMap.dtd"> -->
<Map author="Don" creator="Don" datecreated="2008-09-22T18:35:11Z"
    datemodified="2010-11-09T20:01:50Z" schemaVersion="1.2"
            version="1.11">
  <Variables>
    <Variable
            name="numberOfPayments" public="no"
            type="Variant"/>
    <Variable name="amountOfPayments"
            public="no"
            type="Variant"/>
  </Variables>
  <MapEvents>
    <Event
                name="BeforeTransformation">
      <Action
                    name="Execute">
        <Comment><![CDATA[Clear counters]]></Comment>
        <Parameter
                    name="expression"
            position="0"><![CDATA[numberOfPayments = 0
amountOfPayments = 0]]></Parameter>
      </Action>
    </Event>
    <Event
                name="AfterTransformation">
      <Action
                    name="Execute">
        <Comment><![CDATA[Define macros for total # and $ of payments]]></Comment>
        <Parameter
                    name="expression"
                position="0"><![CDATA[DefineMacro("TITANIUM_FULL_CYCLE_NUMBER_OF_PAYMENTS", numberOfPayments, "Total # of Payments for TI Full Cycle", Type) 
DefineMacro("TITANIUM_FULL_CYCLE_AMOUNT_OF_PAYMENTS", Format(amountOfPayments, "#########.00"), "Total $ of Payments for TI Full Cycle", Type) ]]></Parameter>
      </Action>
      <Action
                    name="ClearMapPut Record">
        <Comment><![CDATA[Put header output (not used but needed some output)]]></Comment>
        <Parameter
                    name="target name"
                    position="0"><![CDATA[Target]]></Parameter>
        <Parameter
                    name="record layout"
                    position="1"><![CDATA[TitaniumFullCyclePaymentHeader]]></Parameter>
        <Parameter
                    name="buffered"
            position="4"><![CDATA[false]]></Parameter>
      </Action>
    </Event>
  </MapEvents>
  <ExpressionModuleList>cm/1/ETLConnectionStrings.rifl
cm/2/ETLCoreFunctions.rifl
cm/3/FullCyclePaymentFunctis.rifl</ExpressionModuleList>
  <MapSources>
    <MapSource
                name="MapSource1">
      <MapSchema originallocation=""
                schemaname="TitaniumFullCycle/Schemas/TitaniumFullCycle.ss.xml"/>
      <RecordLayoutEvents
                    recordlayoutname="Record70">
        <Event
                        name="AfterEveryRecord">
          <Action
                            name="Execute">
            <Comment><![CDATA[add to totals]]></Comment>
            <Parameter
                            name="expression"
            position="0"><![CDATA[dim amount

numberOfPayments = numberOfPayments + 1

select case Records("Record70").Fields("PaymentType")

	case "N", "R"

		amount = (Records("Record70").Fields("PaymentAmount") / 100) * -1
		amountOfPayments = amountOfPayments + amount

	case else

		amountOfPayments = amountOfPayments + (Records("Record70").Fields("PaymentAmount") / 100)

		
end select]]></Parameter>
          </Action>
        </Event>
      </RecordLayoutEvents>
    </MapSource>
  </MapSources>
  <MapTargets>
    <MapTarget
                name="MapTarget1">
      <MapSchema originallocation=""
                        schemaname="TitaniumFullCycle/Schemas/TitaniumFullCyclePaymentsHeader.ss.xml">
        <MapExpressions>
          <MapExpression
                        fieldname="numberOfPayments" language="DJScript"
                        recordlayoutname="TitaniumFullCyclePaymentHeader"><![CDATA[numberOfPayments]]></MapExpression>
          <MapExpression
                        fieldname="amountOfPayments" language="DJScript" recordlayoutname="TitaniumFullCyclePaymentHeader"><![CDATA[Format(amountOfPayments, "#########.00")]]></MapExpression>
        </MapExpressions>
      </MapSchema>
    </MapTarget>
  </MapTargets>
</Map>
