<?xml version="1.0" encoding="UTF-8" standalone="yes"?>
<PackageManager creator="HCLTECH\saravanan_s" datecreated="2023-02-28T10:59:56.429341+05:30" expandmacros="true" includeMacroDefinition="false" newinventory="false" updatedBy="HCLTECH\saravanan_s" updatedDate="2023-02-28T11:00:04.1323077+05:30" whichMacrosToInclude="unspecified">
    <EntryPoint>C:\DataConnect_Workspaces\Kalsec\Kalsec_REST_API\OOHEAD\Oohead_Main_Process.process</EntryPoint>
    <EntrypointFileType>PROCESSV10</EntrypointFileType>
    <FileEntry>
        <entryPoint>C:\DataConnect_Workspaces\Kalsec\Kalsec_REST_API\OOHEAD\Oohead_Main_Process.process</entryPoint>
        <fileName>Oohead_Main_Process</fileName>
        <filePath>C:/DataConnect_Workspaces/Kalsec/Kalsec_REST_API/OOHEAD/Oohead_Main_Process.process</filePath>
        <fileType>Process</fileType>
        <macroValue></macroValue>
        <mainProcess>true</mainProcess>
        <overrideTransformationPath></overrideTransformationPath>
        <version>1.76</version>
    </FileEntry>
    <FileEntry>
        <entryPoint>C:\DataConnect_Workspaces\Kalsec\Kalsec_REST_API\OOHEAD\Oohead_Main_Process.process</entryPoint>
        <fileName>Oohead_Main_Process</fileName>
        <filePath>C:/DataConnect_Workspaces/Kalsec/Kalsec_REST_API/OOHEAD/Oohead_Main_Process.process.rtc</filePath>
        <fileType>Process Configuration</fileType>
        <macroValue></macroValue>
        <mainProcess>false</mainProcess>
        <overrideTransformationPath></overrideTransformationPath>
        <referringArtifactPath>C:/DataConnect_Workspaces/Kalsec/Kalsec_REST_API/OOHEAD/Oohead_Main_Process.process</referringArtifactPath>
        <version>1.76</version>
    </FileEntry>
    <FileEntry>
        <entryPoint>C:\DataConnect_Workspaces\Kalsec\Kalsec_REST_API\OOHEAD\Oohead_Main_Process.process</entryPoint>
        <fileName>Oohead_Error_Process_Replace</fileName>
        <filePath>C:/DataConnect_Workspaces/Kalsec/Kalsec_REST_API/OOHEAD/Oohead_Error_Process_Replace.process</filePath>
        <fileType>Process</fileType>
        <macroValue></macroValue>
        <mainProcess>false</mainProcess>
        <overrideTransformationPath></overrideTransformationPath>
        <referringArtifactPath>C:/DataConnect_Workspaces/Kalsec/Kalsec_REST_API/OOHEAD/Oohead_Main_Process.process</referringArtifactPath>
        <version>1.79</version>
    </FileEntry>
    <FileEntry>
        <entryPoint>C:\DataConnect_Workspaces\Kalsec\Kalsec_REST_API\OOHEAD\Oohead_Main_Process.process</entryPoint>
        <fileName>Oohead_Error_Process_Replace</fileName>
        <filePath>C:/DataConnect_Workspaces/Kalsec/Kalsec_REST_API/OOHEAD/Oohead_Error_Process_Replace.process.rtc</filePath>
        <fileType>Process Configuration</fileType>
        <macroValue></macroValue>
        <mainProcess>false</mainProcess>
        <overrideTransformationPath></overrideTransformationPath>
        <referringArtifactPath>C:/DataConnect_Workspaces/Kalsec/Kalsec_REST_API/OOHEAD/Oohead_Error_Process_Replace.process</referringArtifactPath>
        <version>1.79</version>
    </FileEntry>
    <FileEntry>
        <entryPoint>C:\DataConnect_Workspaces\Kalsec\Kalsec_REST_API\OOHEAD\Oohead_Main_Process.process</entryPoint>
        <fileName>Schema_Oohead.schema</fileName>
        <filePath>C:/DataConnect_Workspaces/Kalsec/Local_Job_SPEC/Input/Schema_Oohead.schema</filePath>
        <fileType>External Schema</fileType>
        <macroValue>$(LOCAL_JOB_SPEC_DIR)Schema_Oohead.schema</macroValue>
        <mainProcess>false</mainProcess>
        <overrideTransformationPath></overrideTransformationPath>
        <version>1.4</version>
    </FileEntry>
    <FileEntry>
        <entryPoint>C:\DataConnect_Workspaces\Kalsec\Kalsec_REST_API\OOHEAD\Oohead_Main_Process.process</entryPoint>
        <fileName>GetAdd_ExistingRecord_Oohead_Add</fileName>
        <filePath>C:/DataConnect_Workspaces/Kalsec/Kalsec_REST_API/OOHEAD/GetAdd_ExistingRecord_Oohead_Add.map</filePath>
        <fileType>Map</fileType>
        <macroValue></macroValue>
        <mainProcess>false</mainProcess>
        <overrideTransformationPath>C:\DataConnect_Workspaces\Kalsec\Kalsec_REST_API\OOHEAD\GetAdd_ExistingRecord_Oohead_Add.map.rtc</overrideTransformationPath>
        <version>1.52</version>
    </FileEntry>
    <FileEntry>
        <entryPoint>C:\DataConnect_Workspaces\Kalsec\Kalsec_REST_API\OOHEAD\Oohead_Main_Process.process</entryPoint>
        <fileName>GetAdd_ExistingRecord_Oohead_Add</fileName>
        <filePath>C:/DataConnect_Workspaces/Kalsec/Kalsec_REST_API/OOHEAD/GetAdd_ExistingRecord_Oohead_Add.map.rtc</filePath>
        <fileType>Map Configuration</fileType>
        <macroValue></macroValue>
        <mainProcess>false</mainProcess>
        <overrideTransformationPath></overrideTransformationPath>
        <referringArtifactPath>C:/DataConnect_Workspaces/Kalsec/Kalsec_REST_API/OOHEAD/Oohead_Error_Process_Replace.process</referringArtifactPath>
        <version>1.52</version>
    </FileEntry>
    <FileEntry>
        <entryPoint>C:\DataConnect_Workspaces\Kalsec\Kalsec_REST_API\OOHEAD\Oohead_Main_Process.process</entryPoint>
        <fileName>Replace_Oohead</fileName>
        <filePath>C:/DataConnect_Workspaces/Kalsec/Kalsec_REST_API/OOHEAD/Replace_Oohead.map</filePath>
        <fileType>Map</fileType>
        <macroValue></macroValue>
        <mainProcess>false</mainProcess>
        <overrideTransformationPath>C:\DataConnect_Workspaces\Kalsec\Kalsec_REST_API\OOHEAD\Replace_Oohead.map.rtc</overrideTransformationPath>
        <version>1.75</version>
    </FileEntry>
    <FileEntry>
        <entryPoint>C:\DataConnect_Workspaces\Kalsec\Kalsec_REST_API\OOHEAD\Oohead_Main_Process.process</entryPoint>
        <fileName>Replace_Oohead</fileName>
        <filePath>C:/DataConnect_Workspaces/Kalsec/Kalsec_REST_API/OOHEAD/Replace_Oohead.map.rtc</filePath>
        <fileType>Map Configuration</fileType>
        <macroValue></macroValue>
        <mainProcess>false</mainProcess>
        <overrideTransformationPath></overrideTransformationPath>
        <referringArtifactPath>C:/DataConnect_Workspaces/Kalsec/Kalsec_REST_API/OOHEAD/Oohead_Error_Process_Replace.process</referringArtifactPath>
        <version>1.75</version>
    </FileEntry>
    <FileEntry>
        <entryPoint>C:\DataConnect_Workspaces\Kalsec\Kalsec_REST_API\OOHEAD\Oohead_Main_Process.process</entryPoint>
        <fileName>UpdateFlagMsg_Oohead</fileName>
        <filePath>C:/DataConnect_Workspaces/Kalsec/Kalsec_REST_API/OOHEAD/UpdateFlagMsg_Oohead.map</filePath>
        <fileType>Map</fileType>
        <macroValue></macroValue>
        <mainProcess>false</mainProcess>
        <overrideTransformationPath>C:\DataConnect_Workspaces\Kalsec\Kalsec_REST_API\OOHEAD\UpdateFlagMsg_Oohead.map.rtc</overrideTransformationPath>
        <version>1.70</version>
    </FileEntry>
    <FileEntry>
        <entryPoint>C:\DataConnect_Workspaces\Kalsec\Kalsec_REST_API\OOHEAD\Oohead_Main_Process.process</entryPoint>
        <fileName>UpdateFlagMsg_Oohead</fileName>
        <filePath>C:/DataConnect_Workspaces/Kalsec/Kalsec_REST_API/OOHEAD/UpdateFlagMsg_Oohead.map.rtc</filePath>
        <fileType>Map Configuration</fileType>
        <macroValue></macroValue>
        <mainProcess>false</mainProcess>
        <overrideTransformationPath></overrideTransformationPath>
        <referringArtifactPath>C:/DataConnect_Workspaces/Kalsec/Kalsec_REST_API/OOHEAD/Oohead_Error_Process_Replace.process</referringArtifactPath>
        <version>1.70</version>
    </FileEntry>
    <FileEntry>
        <entryPoint>C:\DataConnect_Workspaces\Kalsec\Kalsec_REST_API\OOHEAD\Oohead_Main_Process.process</entryPoint>
        <fileName>Oohead_Error_Process_Add</fileName>
        <filePath>C:/DataConnect_Workspaces/Kalsec/Kalsec_REST_API/OOHEAD/Oohead_Error_Process_Add.process</filePath>
        <fileType>Process</fileType>
        <macroValue></macroValue>
        <mainProcess>false</mainProcess>
        <overrideTransformationPath></overrideTransformationPath>
        <referringArtifactPath>C:/DataConnect_Workspaces/Kalsec/Kalsec_REST_API/OOHEAD/Oohead_Main_Process.process</referringArtifactPath>
        <version>1.77</version>
    </FileEntry>
    <FileEntry>
        <entryPoint>C:\DataConnect_Workspaces\Kalsec\Kalsec_REST_API\OOHEAD\Oohead_Main_Process.process</entryPoint>
        <fileName>Oohead_Error_Process_Add</fileName>
        <filePath>C:/DataConnect_Workspaces/Kalsec/Kalsec_REST_API/OOHEAD/Oohead_Error_Process_Add.process.rtc</filePath>
        <fileType>Process Configuration</fileType>
        <macroValue></macroValue>
        <mainProcess>false</mainProcess>
        <overrideTransformationPath></overrideTransformationPath>
        <referringArtifactPath>C:/DataConnect_Workspaces/Kalsec/Kalsec_REST_API/OOHEAD/Oohead_Error_Process_Add.process</referringArtifactPath>
        <version>1.77</version>
    </FileEntry>
    <FileEntry>
        <entryPoint>C:\DataConnect_Workspaces\Kalsec\Kalsec_REST_API\OOHEAD\Oohead_Main_Process.process</entryPoint>
        <fileName>GetDelete_ExistingRecord_Oohead</fileName>
        <filePath>C:/DataConnect_Workspaces/Kalsec/Kalsec_REST_API/OOHEAD/GetDelete_ExistingRecord_Oohead.map</filePath>
        <fileType>Map</fileType>
        <macroValue></macroValue>
        <mainProcess>false</mainProcess>
        <overrideTransformationPath>C:\DataConnect_Workspaces\Kalsec\Kalsec_REST_API\OOHEAD\GetDelete_ExistingRecord_Oohead.map.rtc</overrideTransformationPath>
        <version>1.65</version>
    </FileEntry>
    <FileEntry>
        <entryPoint>C:\DataConnect_Workspaces\Kalsec\Kalsec_REST_API\OOHEAD\Oohead_Main_Process.process</entryPoint>
        <fileName>GetDelete_ExistingRecord_Oohead</fileName>
        <filePath>C:/DataConnect_Workspaces/Kalsec/Kalsec_REST_API/OOHEAD/GetDelete_ExistingRecord_Oohead.map.rtc</filePath>
        <fileType>Map Configuration</fileType>
        <macroValue></macroValue>
        <mainProcess>false</mainProcess>
        <overrideTransformationPath></overrideTransformationPath>
        <referringArtifactPath>C:/DataConnect_Workspaces/Kalsec/Kalsec_REST_API/OOHEAD/Oohead_Error_Process_Add.process</referringArtifactPath>
        <version>1.65</version>
    </FileEntry>
    <FileEntry>
        <entryPoint>C:\DataConnect_Workspaces\Kalsec\Kalsec_REST_API\OOHEAD\Oohead_Main_Process.process</entryPoint>
        <fileName>Add_Oohead</fileName>
        <filePath>C:/DataConnect_Workspaces/Kalsec/Kalsec_REST_API/OOHEAD/Add_Oohead.map</filePath>
        <fileType>Map</fileType>
        <macroValue></macroValue>
        <mainProcess>false</mainProcess>
        <overrideTransformationPath>C:\DataConnect_Workspaces\Kalsec\Kalsec_REST_API\OOHEAD\Add_Oohead.map.rtc</overrideTransformationPath>
        <version>1.108</version>
    </FileEntry>
    <FileEntry>
        <entryPoint>C:\DataConnect_Workspaces\Kalsec\Kalsec_REST_API\OOHEAD\Oohead_Main_Process.process</entryPoint>
        <fileName>Add_Oohead</fileName>
        <filePath>C:/DataConnect_Workspaces/Kalsec/Kalsec_REST_API/OOHEAD/Add_Oohead.map.rtc</filePath>
        <fileType>Map Configuration</fileType>
        <macroValue></macroValue>
        <mainProcess>false</mainProcess>
        <overrideTransformationPath></overrideTransformationPath>
        <referringArtifactPath>C:/DataConnect_Workspaces/Kalsec/Kalsec_REST_API/OOHEAD/Oohead_Error_Process_Add.process</referringArtifactPath>
        <version>1.108</version>
    </FileEntry>
    <FileEntry>
        <entryPoint>C:\DataConnect_Workspaces\Kalsec\Kalsec_REST_API\OOHEAD\Oohead_Main_Process.process</entryPoint>
        <fileName>Oohead_Error_Process_Delete</fileName>
        <filePath>C:/DataConnect_Workspaces/Kalsec/Kalsec_REST_API/OOHEAD/Oohead_Error_Process_Delete.process</filePath>
        <fileType>Process</fileType>
        <macroValue></macroValue>
        <mainProcess>false</mainProcess>
        <overrideTransformationPath></overrideTransformationPath>
        <referringArtifactPath>C:/DataConnect_Workspaces/Kalsec/Kalsec_REST_API/OOHEAD/Oohead_Main_Process.process</referringArtifactPath>
        <version>1.51</version>
    </FileEntry>
    <FileEntry>
        <entryPoint>C:\DataConnect_Workspaces\Kalsec\Kalsec_REST_API\OOHEAD\Oohead_Main_Process.process</entryPoint>
        <fileName>Oohead_Error_Process_Delete</fileName>
        <filePath>C:/DataConnect_Workspaces/Kalsec/Kalsec_REST_API/OOHEAD/Oohead_Error_Process_Delete.process.rtc</filePath>
        <fileType>Process Configuration</fileType>
        <macroValue></macroValue>
        <mainProcess>false</mainProcess>
        <overrideTransformationPath></overrideTransformationPath>
        <referringArtifactPath>C:/DataConnect_Workspaces/Kalsec/Kalsec_REST_API/OOHEAD/Oohead_Error_Process_Delete.process</referringArtifactPath>
        <version>1.51</version>
    </FileEntry>
    <FileEntry>
        <entryPoint>C:\DataConnect_Workspaces\Kalsec\Kalsec_REST_API\OOHEAD\Oohead_Main_Process.process</entryPoint>
        <fileName>Delete_Oohead</fileName>
        <filePath>C:/DataConnect_Workspaces/Kalsec/Kalsec_REST_API/OOHEAD/Delete_Oohead.map</filePath>
        <fileType>Map</fileType>
        <macroValue></macroValue>
        <mainProcess>false</mainProcess>
        <overrideTransformationPath>C:\DataConnect_Workspaces\Kalsec\Kalsec_REST_API\OOHEAD\Delete_Oohead.map.rtc</overrideTransformationPath>
        <version>1.84</version>
    </FileEntry>
    <FileEntry>
        <entryPoint>C:\DataConnect_Workspaces\Kalsec\Kalsec_REST_API\OOHEAD\Oohead_Main_Process.process</entryPoint>
        <fileName>Delete_Oohead</fileName>
        <filePath>C:/DataConnect_Workspaces/Kalsec/Kalsec_REST_API/OOHEAD/Delete_Oohead.map.rtc</filePath>
        <fileType>Map Configuration</fileType>
        <macroValue></macroValue>
        <mainProcess>false</mainProcess>
        <overrideTransformationPath></overrideTransformationPath>
        <referringArtifactPath>C:/DataConnect_Workspaces/Kalsec/Kalsec_REST_API/OOHEAD/Oohead_Error_Process_Delete.process</referringArtifactPath>
        <version>1.84</version>
    </FileEntry>
    <PackageName>RestApi_Oohead6</PackageName>
    <packageversion>1.0</packageversion>
</PackageManager>
