<?xml version="1.0" encoding="UTF-8" standalone="yes"?>
<PackageManager creator="HCLTECH\abishek-a" datecreated="2023-02-16T23:12:55.842756+05:30" expandmacros="true" includeMacroDefinition="true" newinventory="false" updatedBy="HCLTECH\abishek-a" updatedDate="2023-02-16T23:13:02.0738837+05:30" whichMacrosToInclude="configuration">
    <EntryPoint>C:\DataConnect_Workspaces\Kalsec\Kalsec_REST_API\OOHEAD\Oohead_Main_Process.process</EntryPoint>
    <EntrypointFileType>PROCESSV10</EntrypointFileType>
    <FileEntry>
        <entryPoint>C:\DataConnect_Workspaces\Kalsec\Kalsec_REST_API\OOHEAD\Oohead_Main_Process.process</entryPoint>
        <fileName>Oohead_Main_Process</fileName>
        <filePath>C:/DataConnect_Workspaces/Kalsec/Kalsec_REST_API/OOHEAD/Oohead_Main_Process.process</filePath>
        <fileType>Process</fileType>
        <macroValue></macroValue>
        <mainProcess>true</mainProcess>
        <overrideTransformationPath></overrideTransformationPath>
        <version>1.62</version>
    </FileEntry>
    <FileEntry>
        <entryPoint>C:\DataConnect_Workspaces\Kalsec\Kalsec_REST_API\OOHEAD\Oohead_Main_Process.process</entryPoint>
        <fileName>Oohead_Main_Process</fileName>
        <filePath>C:/DataConnect_Workspaces/Kalsec/Kalsec_REST_API/OOHEAD/Oohead_Main_Process.process.rtc</filePath>
        <fileType>Process Configuration</fileType>
        <macroValue></macroValue>
        <mainProcess>false</mainProcess>
        <overrideTransformationPath></overrideTransformationPath>
        <referringArtifactPath>C:/DataConnect_Workspaces/Kalsec/Kalsec_REST_API/OOHEAD/Oohead_Main_Process.process</referringArtifactPath>
        <version>1.62</version>
    </FileEntry>
    <FileEntry>
        <entryPoint>C:\DataConnect_Workspaces\Kalsec\Kalsec_REST_API\OOHEAD\Oohead_Main_Process.process</entryPoint>
        <fileName>Oohead_Error_Process_Replace</fileName>
        <filePath>C:/DataConnect_Workspaces/Kalsec/Kalsec_REST_API/OOHEAD/Oohead_Error_Process_Replace.process</filePath>
        <fileType>Process</fileType>
        <macroValue></macroValue>
        <mainProcess>false</mainProcess>
        <overrideTransformationPath></overrideTransformationPath>
        <referringArtifactPath>C:/DataConnect_Workspaces/Kalsec/Kalsec_REST_API/OOHEAD/Oohead_Main_Process.process</referringArtifactPath>
        <version>1.77</version>
    </FileEntry>
    <FileEntry>
        <entryPoint>C:\DataConnect_Workspaces\Kalsec\Kalsec_REST_API\OOHEAD\Oohead_Main_Process.process</entryPoint>
        <fileName>Oohead_Error_Process_Replace</fileName>
        <filePath>C:/DataConnect_Workspaces/Kalsec/Kalsec_REST_API/OOHEAD/Oohead_Error_Process_Replace.process.rtc</filePath>
        <fileType>Process Configuration</fileType>
        <macroValue></macroValue>
        <mainProcess>false</mainProcess>
        <overrideTransformationPath></overrideTransformationPath>
        <referringArtifactPath>C:/DataConnect_Workspaces/Kalsec/Kalsec_REST_API/OOHEAD/Oohead_Error_Process_Replace.process</referringArtifactPath>
        <version>1.77</version>
    </FileEntry>
    <FileEntry>
        <entryPoint>C:\DataConnect_Workspaces\Kalsec\Kalsec_REST_API\OOHEAD\Oohead_Main_Process.process</entryPoint>
        <fileName>Schema_Oohead.schema</fileName>
        <filePath>C:/DataConnect_Workspaces/Kalsec/Local_Job_SPEC/Input/Schema_Oohead.schema</filePath>
        <fileType>External Schema</fileType>
        <macroValue></macroValue>
        <mainProcess>false</mainProcess>
        <overrideTransformationPath></overrideTransformationPath>
        <version>1.0</version>
    </FileEntry>
    <FileEntry>
        <entryPoint>C:\DataConnect_Workspaces\Kalsec\Kalsec_REST_API\OOHEAD\Oohead_Main_Process.process</entryPoint>
        <fileName>GetAdd_ExistingRecord_Oohead_Add</fileName>
        <filePath>C:/DataConnect_Workspaces/Kalsec/Kalsec_REST_API/OOHEAD/GetAdd_ExistingRecord_Oohead_Add.map</filePath>
        <fileType>Map</fileType>
        <macroValue></macroValue>
        <mainProcess>false</mainProcess>
        <overrideTransformationPath>C:\DataConnect_Workspaces\Kalsec\Kalsec_REST_API\OOHEAD\GetAdd_ExistingRecord_Oohead_Add.map.rtc</overrideTransformationPath>
        <version>1.50</version>
    </FileEntry>
    <FileEntry>
        <entryPoint>C:\DataConnect_Workspaces\Kalsec\Kalsec_REST_API\OOHEAD\Oohead_Main_Process.process</entryPoint>
        <fileName>GetAdd_ExistingRecord_Oohead_Add</fileName>
        <filePath>C:/DataConnect_Workspaces/Kalsec/Kalsec_REST_API/OOHEAD/GetAdd_ExistingRecord_Oohead_Add.map.rtc</filePath>
        <fileType>Map Configuration</fileType>
        <macroValue></macroValue>
        <mainProcess>false</mainProcess>
        <overrideTransformationPath></overrideTransformationPath>
        <referringArtifactPath>C:/DataConnect_Workspaces/Kalsec/Kalsec_REST_API/OOHEAD/Oohead_Error_Process_Replace.process</referringArtifactPath>
        <version>1.50</version>
    </FileEntry>
    <FileEntry>
        <entryPoint>C:\DataConnect_Workspaces\Kalsec\Kalsec_REST_API\OOHEAD\Oohead_Main_Process.process</entryPoint>
        <fileName>Replace_Oohead</fileName>
        <filePath>C:/DataConnect_Workspaces/Kalsec/Kalsec_REST_API/OOHEAD/Replace_Oohead.map</filePath>
        <fileType>Map</fileType>
        <macroValue></macroValue>
        <mainProcess>false</mainProcess>
        <overrideTransformationPath>C:\DataConnect_Workspaces\Kalsec\Kalsec_REST_API\OOHEAD\Replace_Oohead.map.rtc</overrideTransformationPath>
        <version>1.72</version>
    </FileEntry>
    <FileEntry>
        <entryPoint>C:\DataConnect_Workspaces\Kalsec\Kalsec_REST_API\OOHEAD\Oohead_Main_Process.process</entryPoint>
        <fileName>Replace_Oohead</fileName>
        <filePath>C:/DataConnect_Workspaces/Kalsec/Kalsec_REST_API/OOHEAD/Replace_Oohead.map.rtc</filePath>
        <fileType>Map Configuration</fileType>
        <macroValue></macroValue>
        <mainProcess>false</mainProcess>
        <overrideTransformationPath></overrideTransformationPath>
        <referringArtifactPath>C:/DataConnect_Workspaces/Kalsec/Kalsec_REST_API/OOHEAD/Oohead_Error_Process_Replace.process</referringArtifactPath>
        <version>1.72</version>
    </FileEntry>
    <FileEntry>
        <entryPoint>C:\DataConnect_Workspaces\Kalsec\Kalsec_REST_API\OOHEAD\Oohead_Main_Process.process</entryPoint>
        <fileName>UpdateFlagMsg_Oohead</fileName>
        <filePath>C:/DataConnect_Workspaces/Kalsec/Kalsec_REST_API/OOHEAD/UpdateFlagMsg_Oohead.map</filePath>
        <fileType>Map</fileType>
        <macroValue></macroValue>
        <mainProcess>false</mainProcess>
        <overrideTransformationPath>C:\DataConnect_Workspaces\Kalsec\Kalsec_REST_API\OOHEAD\UpdateFlagMsg_Oohead.map.rtc</overrideTransformationPath>
        <version>1.68</version>
    </FileEntry>
    <FileEntry>
        <entryPoint>C:\DataConnect_Workspaces\Kalsec\Kalsec_REST_API\OOHEAD\Oohead_Main_Process.process</entryPoint>
        <fileName>UpdateFlagMsg_Oohead</fileName>
        <filePath>C:/DataConnect_Workspaces/Kalsec/Kalsec_REST_API/OOHEAD/UpdateFlagMsg_Oohead.map.rtc</filePath>
        <fileType>Map Configuration</fileType>
        <macroValue></macroValue>
        <mainProcess>false</mainProcess>
        <overrideTransformationPath></overrideTransformationPath>
        <referringArtifactPath>C:/DataConnect_Workspaces/Kalsec/Kalsec_REST_API/OOHEAD/Oohead_Error_Process_Replace.process</referringArtifactPath>
        <version>1.68</version>
    </FileEntry>
    <FileEntry>
        <entryPoint>C:\DataConnect_Workspaces\Kalsec\Kalsec_REST_API\OOHEAD\Oohead_Main_Process.process</entryPoint>
        <fileName>Oohead_Error_Process_Add</fileName>
        <filePath>C:/DataConnect_Workspaces/Kalsec/Kalsec_REST_API/OOHEAD/Oohead_Error_Process_Add.process</filePath>
        <fileType>Process</fileType>
        <macroValue></macroValue>
        <mainProcess>false</mainProcess>
        <overrideTransformationPath></overrideTransformationPath>
        <referringArtifactPath>C:/DataConnect_Workspaces/Kalsec/Kalsec_REST_API/OOHEAD/Oohead_Main_Process.process</referringArtifactPath>
        <version>1.74</version>
    </FileEntry>
    <FileEntry>
        <entryPoint>C:\DataConnect_Workspaces\Kalsec\Kalsec_REST_API\OOHEAD\Oohead_Main_Process.process</entryPoint>
        <fileName>Oohead_Error_Process_Add</fileName>
        <filePath>C:/DataConnect_Workspaces/Kalsec/Kalsec_REST_API/OOHEAD/Oohead_Error_Process_Add.process.rtc</filePath>
        <fileType>Process Configuration</fileType>
        <macroValue></macroValue>
        <mainProcess>false</mainProcess>
        <overrideTransformationPath></overrideTransformationPath>
        <referringArtifactPath>C:/DataConnect_Workspaces/Kalsec/Kalsec_REST_API/OOHEAD/Oohead_Error_Process_Add.process</referringArtifactPath>
        <version>1.74</version>
    </FileEntry>
    <FileEntry>
        <entryPoint>C:\DataConnect_Workspaces\Kalsec\Kalsec_REST_API\OOHEAD\Oohead_Main_Process.process</entryPoint>
        <fileName>GetDelete_ExistingRecord_Oohead</fileName>
        <filePath>C:/DataConnect_Workspaces/Kalsec/Kalsec_REST_API/OOHEAD/GetDelete_ExistingRecord_Oohead.map</filePath>
        <fileType>Map</fileType>
        <macroValue></macroValue>
        <mainProcess>false</mainProcess>
        <overrideTransformationPath>C:\DataConnect_Workspaces\Kalsec\Kalsec_REST_API\OOHEAD\GetDelete_ExistingRecord_Oohead.map.rtc</overrideTransformationPath>
        <version>1.63</version>
    </FileEntry>
    <FileEntry>
        <entryPoint>C:\DataConnect_Workspaces\Kalsec\Kalsec_REST_API\OOHEAD\Oohead_Main_Process.process</entryPoint>
        <fileName>GetDelete_ExistingRecord_Oohead</fileName>
        <filePath>C:/DataConnect_Workspaces/Kalsec/Kalsec_REST_API/OOHEAD/GetDelete_ExistingRecord_Oohead.map.rtc</filePath>
        <fileType>Map Configuration</fileType>
        <macroValue></macroValue>
        <mainProcess>false</mainProcess>
        <overrideTransformationPath></overrideTransformationPath>
        <referringArtifactPath>C:/DataConnect_Workspaces/Kalsec/Kalsec_REST_API/OOHEAD/Oohead_Error_Process_Add.process</referringArtifactPath>
        <version>1.63</version>
    </FileEntry>
    <FileEntry>
        <entryPoint>C:\DataConnect_Workspaces\Kalsec\Kalsec_REST_API\OOHEAD\Oohead_Main_Process.process</entryPoint>
        <fileName>Add_Oohead</fileName>
        <filePath>C:/DataConnect_Workspaces/Kalsec/Kalsec_REST_API/OOHEAD/Add_Oohead.map</filePath>
        <fileType>Map</fileType>
        <macroValue></macroValue>
        <mainProcess>false</mainProcess>
        <overrideTransformationPath>C:\DataConnect_Workspaces\Kalsec\Kalsec_REST_API\OOHEAD\Add_Oohead.map.rtc</overrideTransformationPath>
        <version>1.98</version>
    </FileEntry>
    <FileEntry>
        <entryPoint>C:\DataConnect_Workspaces\Kalsec\Kalsec_REST_API\OOHEAD\Oohead_Main_Process.process</entryPoint>
        <fileName>Add_Oohead</fileName>
        <filePath>C:/DataConnect_Workspaces/Kalsec/Kalsec_REST_API/OOHEAD/Add_Oohead.map.rtc</filePath>
        <fileType>Map Configuration</fileType>
        <macroValue></macroValue>
        <mainProcess>false</mainProcess>
        <overrideTransformationPath></overrideTransformationPath>
        <referringArtifactPath>C:/DataConnect_Workspaces/Kalsec/Kalsec_REST_API/OOHEAD/Oohead_Error_Process_Add.process</referringArtifactPath>
        <version>1.98</version>
    </FileEntry>
    <FileEntry>
        <entryPoint>C:\DataConnect_Workspaces\Kalsec\Kalsec_REST_API\OOHEAD\Oohead_Main_Process.process</entryPoint>
        <fileName>Oohead_Error_Process_Delete</fileName>
        <filePath>C:/DataConnect_Workspaces/Kalsec/Kalsec_REST_API/OOHEAD/Oohead_Error_Process_Delete.process</filePath>
        <fileType>Process</fileType>
        <macroValue></macroValue>
        <mainProcess>false</mainProcess>
        <overrideTransformationPath></overrideTransformationPath>
        <referringArtifactPath>C:/DataConnect_Workspaces/Kalsec/Kalsec_REST_API/OOHEAD/Oohead_Main_Process.process</referringArtifactPath>
        <version>1.48</version>
    </FileEntry>
    <FileEntry>
        <entryPoint>C:\DataConnect_Workspaces\Kalsec\Kalsec_REST_API\OOHEAD\Oohead_Main_Process.process</entryPoint>
        <fileName>Oohead_Error_Process_Delete</fileName>
        <filePath>C:/DataConnect_Workspaces/Kalsec/Kalsec_REST_API/OOHEAD/Oohead_Error_Process_Delete.process.rtc</filePath>
        <fileType>Process Configuration</fileType>
        <macroValue></macroValue>
        <mainProcess>false</mainProcess>
        <overrideTransformationPath></overrideTransformationPath>
        <referringArtifactPath>C:/DataConnect_Workspaces/Kalsec/Kalsec_REST_API/OOHEAD/Oohead_Error_Process_Delete.process</referringArtifactPath>
        <version>1.48</version>
    </FileEntry>
    <FileEntry>
        <entryPoint>C:\DataConnect_Workspaces\Kalsec\Kalsec_REST_API\OOHEAD\Oohead_Main_Process.process</entryPoint>
        <fileName>Delete_Oohead</fileName>
        <filePath>C:/DataConnect_Workspaces/Kalsec/Kalsec_REST_API/OOHEAD/Delete_Oohead.map</filePath>
        <fileType>Map</fileType>
        <macroValue></macroValue>
        <mainProcess>false</mainProcess>
        <overrideTransformationPath>C:\DataConnect_Workspaces\Kalsec\Kalsec_REST_API\OOHEAD\Delete_Oohead.map.rtc</overrideTransformationPath>
        <version>1.81</version>
    </FileEntry>
    <FileEntry>
        <entryPoint>C:\DataConnect_Workspaces\Kalsec\Kalsec_REST_API\OOHEAD\Oohead_Main_Process.process</entryPoint>
        <fileName>Delete_Oohead</fileName>
        <filePath>C:/DataConnect_Workspaces/Kalsec/Kalsec_REST_API/OOHEAD/Delete_Oohead.map.rtc</filePath>
        <fileType>Map Configuration</fileType>
        <macroValue></macroValue>
        <mainProcess>false</mainProcess>
        <overrideTransformationPath></overrideTransformationPath>
        <referringArtifactPath>C:/DataConnect_Workspaces/Kalsec/Kalsec_REST_API/OOHEAD/Oohead_Error_Process_Delete.process</referringArtifactPath>
        <version>1.81</version>
    </FileEntry>
    <FileEntry>
        <fileName>Oohead_Main_Process_macros.json</fileName>
        <filePath>C:/DataConnect_Workspaces/Kalsec/Oohead_Main_Process_macros.json</filePath>
        <fileType>Macro</fileType>
        <macroValue></macroValue>
        <mainProcess>false</mainProcess>
        <overrideTransformationPath></overrideTransformationPath>
    </FileEntry>
    <PackageName>RestApi_Oohead</PackageName>
    <packageversion>1.0</packageversion>
</PackageManager>
