<?xml version="1.0" encoding="UTF-8" standalone="yes"?>
<PackageManager creator="HCLTECH\saravanan_s" datecreated="2023-03-14T16:19:38.924904+05:30" expandmacros="true" includeMacroDefinition="false" newinventory="false" updatedBy="HCLTECH\saravanan_s" updatedDate="2023-03-14T16:19:45.1449087+05:30" whichMacrosToInclude="unspecified">
    <EntryPoint>C:\DataConnect_Workspaces\Kalsec\Kalsec_REST_API\OOHEAD_PROD\Oohead_Main_Process.process</EntryPoint>
    <EntrypointFileType>PROCESSV10</EntrypointFileType>
    <FileEntry>
        <entryPoint>C:\DataConnect_Workspaces\Kalsec\Kalsec_REST_API\OOHEAD_PROD\Oohead_Main_Process.process</entryPoint>
        <fileName>Oohead_Main_Process</fileName>
        <filePath>C:/DataConnect_Workspaces/Kalsec/Kalsec_REST_API/OOHEAD_PROD/Oohead_Main_Process.process</filePath>
        <fileType>Process</fileType>
        <macroValue></macroValue>
        <mainProcess>true</mainProcess>
        <overrideTransformationPath></overrideTransformationPath>
        <version>1.133</version>
    </FileEntry>
    <FileEntry>
        <entryPoint>C:\DataConnect_Workspaces\Kalsec\Kalsec_REST_API\OOHEAD_PROD\Oohead_Main_Process.process</entryPoint>
        <fileName>Oohead_Main_Process</fileName>
        <filePath>C:/DataConnect_Workspaces/Kalsec/Kalsec_REST_API/OOHEAD_PROD/Oohead_Main_Process.process.rtc</filePath>
        <fileType>Process Configuration</fileType>
        <macroValue></macroValue>
        <mainProcess>false</mainProcess>
        <overrideTransformationPath></overrideTransformationPath>
        <referringArtifactPath>C:/DataConnect_Workspaces/Kalsec/Kalsec_REST_API/OOHEAD_PROD/Oohead_Main_Process.process</referringArtifactPath>
        <version>1.133</version>
    </FileEntry>
    <FileEntry>
        <entryPoint>C:\DataConnect_Workspaces\Kalsec\Kalsec_REST_API\OOHEAD_PROD\Oohead_Main_Process.process</entryPoint>
        <fileName>Oohead_Error_Process_Replace</fileName>
        <filePath>C:/DataConnect_Workspaces/Kalsec/Kalsec_REST_API/OOHEAD_PROD/Oohead_Error_Process_Replace.process</filePath>
        <fileType>Process</fileType>
        <macroValue></macroValue>
        <mainProcess>false</mainProcess>
        <overrideTransformationPath></overrideTransformationPath>
        <referringArtifactPath>C:/DataConnect_Workspaces/Kalsec/Kalsec_REST_API/OOHEAD_PROD/Oohead_Main_Process.process</referringArtifactPath>
        <version>1.84</version>
    </FileEntry>
    <FileEntry>
        <entryPoint>C:\DataConnect_Workspaces\Kalsec\Kalsec_REST_API\OOHEAD_PROD\Oohead_Main_Process.process</entryPoint>
        <fileName>Oohead_Error_Process_Replace</fileName>
        <filePath>C:/DataConnect_Workspaces/Kalsec/Kalsec_REST_API/OOHEAD_PROD/Oohead_Error_Process_Replace.process.rtc</filePath>
        <fileType>Process Configuration</fileType>
        <macroValue></macroValue>
        <mainProcess>false</mainProcess>
        <overrideTransformationPath></overrideTransformationPath>
        <referringArtifactPath>C:/DataConnect_Workspaces/Kalsec/Kalsec_REST_API/OOHEAD_PROD/Oohead_Error_Process_Replace.process</referringArtifactPath>
        <version>1.84</version>
    </FileEntry>
    <FileEntry>
        <entryPoint>C:\DataConnect_Workspaces\Kalsec\Kalsec_REST_API\OOHEAD_PROD\Oohead_Main_Process.process</entryPoint>
        <fileName>Schema_Oohead.schema</fileName>
        <filePath>C:/DataConnect_Workspaces/Kalsec/Local_Job_SPEC/Input/Schema_Oohead.schema</filePath>
        <fileType>External Schema</fileType>
        <macroValue>$(SCHEMA_LOC)Schema_Oohead.schema</macroValue>
        <mainProcess>false</mainProcess>
        <overrideTransformationPath></overrideTransformationPath>
        <version>1.4</version>
    </FileEntry>
    <FileEntry>
        <entryPoint>C:\DataConnect_Workspaces\Kalsec\Kalsec_REST_API\OOHEAD_PROD\Oohead_Main_Process.process</entryPoint>
        <fileName>GetAdd_ExistingRecord_Oohead_Add</fileName>
        <filePath>C:/DataConnect_Workspaces/Kalsec/Kalsec_REST_API/OOHEAD_PROD/GetAdd_ExistingRecord_Oohead_Add.map</filePath>
        <fileType>Map</fileType>
        <macroValue></macroValue>
        <mainProcess>false</mainProcess>
        <overrideTransformationPath>C:\DataConnect_Workspaces\Kalsec\Kalsec_REST_API\OOHEAD_PROD\GetAdd_ExistingRecord_Oohead_Add.map.rtc</overrideTransformationPath>
        <version>1.57</version>
    </FileEntry>
    <FileEntry>
        <entryPoint>C:\DataConnect_Workspaces\Kalsec\Kalsec_REST_API\OOHEAD_PROD\Oohead_Main_Process.process</entryPoint>
        <fileName>GetAdd_ExistingRecord_Oohead_Add</fileName>
        <filePath>C:/DataConnect_Workspaces/Kalsec/Kalsec_REST_API/OOHEAD_PROD/GetAdd_ExistingRecord_Oohead_Add.map.rtc</filePath>
        <fileType>Map Configuration</fileType>
        <macroValue></macroValue>
        <mainProcess>false</mainProcess>
        <overrideTransformationPath></overrideTransformationPath>
        <referringArtifactPath>C:/DataConnect_Workspaces/Kalsec/Kalsec_REST_API/OOHEAD_PROD/Oohead_Error_Process_Replace.process</referringArtifactPath>
        <version>1.57</version>
    </FileEntry>
    <FileEntry>
        <entryPoint>C:\DataConnect_Workspaces\Kalsec\Kalsec_REST_API\OOHEAD_PROD\Oohead_Main_Process.process</entryPoint>
        <fileName>Replace_Oohead</fileName>
        <filePath>C:/DataConnect_Workspaces/Kalsec/Kalsec_REST_API/OOHEAD_PROD/Replace_Oohead.map</filePath>
        <fileType>Map</fileType>
        <macroValue></macroValue>
        <mainProcess>false</mainProcess>
        <overrideTransformationPath>C:\DataConnect_Workspaces\Kalsec\Kalsec_REST_API\OOHEAD_PROD\Replace_Oohead.map.rtc</overrideTransformationPath>
        <version>1.76</version>
    </FileEntry>
    <FileEntry>
        <entryPoint>C:\DataConnect_Workspaces\Kalsec\Kalsec_REST_API\OOHEAD_PROD\Oohead_Main_Process.process</entryPoint>
        <fileName>Replace_Oohead</fileName>
        <filePath>C:/DataConnect_Workspaces/Kalsec/Kalsec_REST_API/OOHEAD_PROD/Replace_Oohead.map.rtc</filePath>
        <fileType>Map Configuration</fileType>
        <macroValue></macroValue>
        <mainProcess>false</mainProcess>
        <overrideTransformationPath></overrideTransformationPath>
        <referringArtifactPath>C:/DataConnect_Workspaces/Kalsec/Kalsec_REST_API/OOHEAD_PROD/Oohead_Error_Process_Replace.process</referringArtifactPath>
        <version>1.76</version>
    </FileEntry>
    <FileEntry>
        <entryPoint>C:\DataConnect_Workspaces\Kalsec\Kalsec_REST_API\OOHEAD_PROD\Oohead_Main_Process.process</entryPoint>
        <fileName>UpdateFlagMsg_Oohead</fileName>
        <filePath>C:/DataConnect_Workspaces/Kalsec/Kalsec_REST_API/OOHEAD_PROD/UpdateFlagMsg_Oohead.map</filePath>
        <fileType>Map</fileType>
        <macroValue></macroValue>
        <mainProcess>false</mainProcess>
        <overrideTransformationPath>C:\DataConnect_Workspaces\Kalsec\Kalsec_REST_API\OOHEAD_PROD\UpdateFlagMsg_Oohead.map.rtc</overrideTransformationPath>
        <version>1.73</version>
    </FileEntry>
    <FileEntry>
        <entryPoint>C:\DataConnect_Workspaces\Kalsec\Kalsec_REST_API\OOHEAD_PROD\Oohead_Main_Process.process</entryPoint>
        <fileName>UpdateFlagMsg_Oohead</fileName>
        <filePath>C:/DataConnect_Workspaces/Kalsec/Kalsec_REST_API/OOHEAD_PROD/UpdateFlagMsg_Oohead.map.rtc</filePath>
        <fileType>Map Configuration</fileType>
        <macroValue></macroValue>
        <mainProcess>false</mainProcess>
        <overrideTransformationPath></overrideTransformationPath>
        <referringArtifactPath>C:/DataConnect_Workspaces/Kalsec/Kalsec_REST_API/OOHEAD_PROD/Oohead_Error_Process_Replace.process</referringArtifactPath>
        <version>1.73</version>
    </FileEntry>
    <FileEntry>
        <entryPoint>C:\DataConnect_Workspaces\Kalsec\Kalsec_REST_API\OOHEAD_PROD\Oohead_Main_Process.process</entryPoint>
        <fileName>Oohead_Error_Process_Add</fileName>
        <filePath>C:/DataConnect_Workspaces/Kalsec/Kalsec_REST_API/OOHEAD_PROD/Oohead_Error_Process_Add.process</filePath>
        <fileType>Process</fileType>
        <macroValue></macroValue>
        <mainProcess>false</mainProcess>
        <overrideTransformationPath></overrideTransformationPath>
        <referringArtifactPath>C:/DataConnect_Workspaces/Kalsec/Kalsec_REST_API/OOHEAD_PROD/Oohead_Main_Process.process</referringArtifactPath>
        <version>1.101</version>
    </FileEntry>
    <FileEntry>
        <entryPoint>C:\DataConnect_Workspaces\Kalsec\Kalsec_REST_API\OOHEAD_PROD\Oohead_Main_Process.process</entryPoint>
        <fileName>Oohead_Error_Process_Add</fileName>
        <filePath>C:/DataConnect_Workspaces/Kalsec/Kalsec_REST_API/OOHEAD_PROD/Oohead_Error_Process_Add.process.rtc</filePath>
        <fileType>Process Configuration</fileType>
        <macroValue></macroValue>
        <mainProcess>false</mainProcess>
        <overrideTransformationPath></overrideTransformationPath>
        <referringArtifactPath>C:/DataConnect_Workspaces/Kalsec/Kalsec_REST_API/OOHEAD_PROD/Oohead_Error_Process_Add.process</referringArtifactPath>
        <version>1.101</version>
    </FileEntry>
    <FileEntry>
        <entryPoint>C:\DataConnect_Workspaces\Kalsec\Kalsec_REST_API\OOHEAD_PROD\Oohead_Main_Process.process</entryPoint>
        <fileName>GetDelete_ExistingRecord_Oohead</fileName>
        <filePath>C:/DataConnect_Workspaces/Kalsec/Kalsec_REST_API/OOHEAD_PROD/GetDelete_ExistingRecord_Oohead.map</filePath>
        <fileType>Map</fileType>
        <macroValue></macroValue>
        <mainProcess>false</mainProcess>
        <overrideTransformationPath>C:\DataConnect_Workspaces\Kalsec\Kalsec_REST_API\OOHEAD_PROD\GetDelete_ExistingRecord_Oohead.map.rtc</overrideTransformationPath>
        <version>1.66</version>
    </FileEntry>
    <FileEntry>
        <entryPoint>C:\DataConnect_Workspaces\Kalsec\Kalsec_REST_API\OOHEAD_PROD\Oohead_Main_Process.process</entryPoint>
        <fileName>GetDelete_ExistingRecord_Oohead</fileName>
        <filePath>C:/DataConnect_Workspaces/Kalsec/Kalsec_REST_API/OOHEAD_PROD/GetDelete_ExistingRecord_Oohead.map.rtc</filePath>
        <fileType>Map Configuration</fileType>
        <macroValue></macroValue>
        <mainProcess>false</mainProcess>
        <overrideTransformationPath></overrideTransformationPath>
        <referringArtifactPath>C:/DataConnect_Workspaces/Kalsec/Kalsec_REST_API/OOHEAD_PROD/Oohead_Error_Process_Add.process</referringArtifactPath>
        <version>1.66</version>
    </FileEntry>
    <FileEntry>
        <entryPoint>C:\DataConnect_Workspaces\Kalsec\Kalsec_REST_API\OOHEAD_PROD\Oohead_Main_Process.process</entryPoint>
        <fileName>Add_Oohead</fileName>
        <filePath>C:/DataConnect_Workspaces/Kalsec/Kalsec_REST_API/OOHEAD_PROD/Add_Oohead.map</filePath>
        <fileType>Map</fileType>
        <macroValue></macroValue>
        <mainProcess>false</mainProcess>
        <overrideTransformationPath>C:\DataConnect_Workspaces\Kalsec\Kalsec_REST_API\OOHEAD_PROD\Add_Oohead.map.rtc</overrideTransformationPath>
        <version>1.109</version>
    </FileEntry>
    <FileEntry>
        <entryPoint>C:\DataConnect_Workspaces\Kalsec\Kalsec_REST_API\OOHEAD_PROD\Oohead_Main_Process.process</entryPoint>
        <fileName>Add_Oohead</fileName>
        <filePath>C:/DataConnect_Workspaces/Kalsec/Kalsec_REST_API/OOHEAD_PROD/Add_Oohead.map.rtc</filePath>
        <fileType>Map Configuration</fileType>
        <macroValue></macroValue>
        <mainProcess>false</mainProcess>
        <overrideTransformationPath></overrideTransformationPath>
        <referringArtifactPath>C:/DataConnect_Workspaces/Kalsec/Kalsec_REST_API/OOHEAD_PROD/Oohead_Error_Process_Add.process</referringArtifactPath>
        <version>1.109</version>
    </FileEntry>
    <FileEntry>
        <entryPoint>C:\DataConnect_Workspaces\Kalsec\Kalsec_REST_API\OOHEAD_PROD\Oohead_Main_Process.process</entryPoint>
        <fileName>Oohead_Error_Process_Delete</fileName>
        <filePath>C:/DataConnect_Workspaces/Kalsec/Kalsec_REST_API/OOHEAD_PROD/Oohead_Error_Process_Delete.process</filePath>
        <fileType>Process</fileType>
        <macroValue></macroValue>
        <mainProcess>false</mainProcess>
        <overrideTransformationPath></overrideTransformationPath>
        <referringArtifactPath>C:/DataConnect_Workspaces/Kalsec/Kalsec_REST_API/OOHEAD_PROD/Oohead_Main_Process.process</referringArtifactPath>
        <version>1.56</version>
    </FileEntry>
    <FileEntry>
        <entryPoint>C:\DataConnect_Workspaces\Kalsec\Kalsec_REST_API\OOHEAD_PROD\Oohead_Main_Process.process</entryPoint>
        <fileName>Oohead_Error_Process_Delete</fileName>
        <filePath>C:/DataConnect_Workspaces/Kalsec/Kalsec_REST_API/OOHEAD_PROD/Oohead_Error_Process_Delete.process.rtc</filePath>
        <fileType>Process Configuration</fileType>
        <macroValue></macroValue>
        <mainProcess>false</mainProcess>
        <overrideTransformationPath></overrideTransformationPath>
        <referringArtifactPath>C:/DataConnect_Workspaces/Kalsec/Kalsec_REST_API/OOHEAD_PROD/Oohead_Error_Process_Delete.process</referringArtifactPath>
        <version>1.56</version>
    </FileEntry>
    <FileEntry>
        <entryPoint>C:\DataConnect_Workspaces\Kalsec\Kalsec_REST_API\OOHEAD_PROD\Oohead_Main_Process.process</entryPoint>
        <fileName>Delete_Oohead</fileName>
        <filePath>C:/DataConnect_Workspaces/Kalsec/Kalsec_REST_API/OOHEAD_PROD/Delete_Oohead.map</filePath>
        <fileType>Map</fileType>
        <macroValue></macroValue>
        <mainProcess>false</mainProcess>
        <overrideTransformationPath>C:\DataConnect_Workspaces\Kalsec\Kalsec_REST_API\OOHEAD_PROD\Delete_Oohead.map.rtc</overrideTransformationPath>
        <version>1.86</version>
    </FileEntry>
    <FileEntry>
        <entryPoint>C:\DataConnect_Workspaces\Kalsec\Kalsec_REST_API\OOHEAD_PROD\Oohead_Main_Process.process</entryPoint>
        <fileName>Delete_Oohead</fileName>
        <filePath>C:/DataConnect_Workspaces/Kalsec/Kalsec_REST_API/OOHEAD_PROD/Delete_Oohead.map.rtc</filePath>
        <fileType>Map Configuration</fileType>
        <macroValue></macroValue>
        <mainProcess>false</mainProcess>
        <overrideTransformationPath></overrideTransformationPath>
        <referringArtifactPath>C:/DataConnect_Workspaces/Kalsec/Kalsec_REST_API/OOHEAD_PROD/Oohead_Error_Process_Delete.process</referringArtifactPath>
        <version>1.86</version>
    </FileEntry>
    <PackageName>RestApi_Oohead_Prod1</PackageName>
    <packageversion>1.0</packageversion>
</PackageManager>
