<?xml version="1.0" encoding="UTF-8"?>
<!--======  Integration  XML ======-->
<!-- <!DOCTYPE Process SYSTEM "DJProcess.dtd"> -->
<Process author="chrish" creator="chrish"
    datecreated="2010-02-04T00:11:00Z"
    datemodified="2012-11-12T15:54:38Z" maxconcurrentthreads="1"
    name="CreateSendNBRequest.ip.xml" schemaVersion="1.2"
        version="1.27">
  
  <LogManager
        loglocation="C:\Users\jzhao\Pervasive\CreateSendNBRequest.log"
            messagetypemask="15"/>
  <ProcessOptions>
    <Option
            name="logging" value="True"/>
    <Option name="clearlog"
            value="False"/>
    <Option name="breakonerror"
            value="True"/>
    <Option name="useeventlog"
            value="False"/>
  </ProcessOptions>
  <Sessions>
    <Session
            name="Session-1" resourcemanager="$(DBNAME)"
            server="$(SQLSERVER)" transactionindicator="False"
            type="SQL Server 2005"
                    userid="$(DBUSERNAME)">
      <Password><![CDATA[AQBBAKQAwABhAHAAegA5APkA+AC9AF0ALAAGAJYA]]></Password>
      <SessionOptions>
        <Option
                    name="txnisolation"
            value="serializable"/>
      </SessionOptions>
    </Session>
  </Sessions>
  <Components>
    <Component
            componenttype="Invoker" componentversion="1.1.0"
            name="NB Invoker" transactionindicator="False"
                    type="Web Service Invoker Component">
      <ComponentOptions>
        <Option
                    name="WSDL-URL" value="$(NB_WSDL)"/>
        <Option
                    name="SchemaDir"
                    value="$(WEB_SVC_INPUT_DIR)"/>
        <Option
                    name="username"/>
        <Option name="password"
                    value="\U+0002"/>
        <Option name="Timeout"
                    value="60"/>
        <Option name="RetryLimit"
            value="3"/>
      </ComponentOptions>
    </Component>
  </Components>
  <Steps>
    <Step
            location="" name="Start" type="Start"/>
    <Step
            location="" name="Stop"
                    type="Stop">
      <Predecessors>
        <Predecessor
                    condition="Unconditional"
                    name="Pause for Release"/>
        <Predecessor
                    condition="False"
            name="Pause?"/>
      </Predecessors>
    </Step>
    <Step
            name="Generate SOAP Request"
            source="$(WEB_SVC_INPUT_DIR)/TmpNBSOAP.xml"
            stylesheet="$(NB_STYLESHEET)" target="djmessage:///request"
                    type="XSLT">
      <Predecessors>
        <Predecessor
                    condition="Unconditional"
            name="Create Input File"/>
      </Predecessors>
    </Step>
    <Step
            component="NB Invoker" name="NB Invoker"
                    type="Invoker">
      <Actions>
        <Action
                        name="Execute">
          <Parameter
                        name="SourceMessage"
                        position="0"><![CDATA[request]]></Parameter>
          <Parameter
                        name="TargetMessage"
                    position="1"><![CDATA[response]]></Parameter>
        </Action>
      </Actions>
      <StepOptions>
        <Option
                    name="Service"
                    value="NewBusinessUploadReleaseService"/>
        <Option
                    name="Binding"
                    value="NewBusinessUploadReleaseServiceSOAP"/>
        <Option
                    name="Port"
                    value="$(NB_SERVICE_ENDPOINT)"/>
        <Option
                    name="Operation"
                    value="NewBusinessUploadReleaseOperation"/>
        <Option
                    name="RequestSchema"
                    value="C:\ETL\R4.1\WebServices\sample-data\NewBusinessUploadReleaseServiceSOAP.NewBusinessUploadReleaseService.NewBusinessUploadReleaseOperation.request.xsd"/>
        <Option
                    name="ResponseSchema"
                    value="C:\ETL\R4.1\WebServices\sample-data\NewBusinessUploadReleaseServiceSOAP.NewBusinessUploadReleaseService.NewBusinessUploadReleaseOperation.response.xsd"/>
      </StepOptions>
      <Predecessors>
        <Predecessor
                    condition="Unconditional"
            name="Generate SOAP Request"/>
      </Predecessors>
    </Step>
    <Step
            copytransformationfile="False" location=""
            name="Create Input File"
            processname="../Maps/CreateNBReqInfo.map.xml"
                    type="Transformation">
      <Predecessors>
        <Predecessor
                    condition="Unconditional"
            name="Start"/>
      </Predecessors>
    </Step>
    <Step
            name="Pause?"
                    type="Decision">
      <Expression><![CDATA[/* ONLY allow the pause to occur if auto release is set to true.
   Otherwise we'd be looping forever or at least until the batch is manually released. */
MacroValue("PAUSE_FOR_RELEASE") == "Y" AND MacroValue("AUTO_RELEASE") == "Y"]]></Expression>
      <Description><![CDATA[Check PAUSE_FOR_RELEASE macro.  If "Y", halt the ETL until the created batch is either released or fails.]]></Description>
      <Predecessors>
        <Predecessor
                    condition="Unconditional"
            name="NB Invoker"/>
      </Predecessors>
    </Step>
    <Step
            location="$(WS_SQL_DIR)\NB_Release_Pause.sql"
            name="Pause for Release" sqlsession="Session-1"
                    type="SQL">
      <Description><![CDATA[This step will pause until the batch has been released.  This step should be used whenever we run ANY post-process step after the New Business File load.  If nothing runs after the file load, this step can and should be skipped, otherwise the ETL will hang for no reason.]]></Description>
      <Predecessors>
        <Predecessor
                    condition="True" name="Pause?"/>
      </Predecessors>
    </Step>
  </Steps>
</Process>
