"name","phone","line","city","state","postalCode","country","latitude","longitude"
"SIGNATURE HEALTHCARE BROCKTON HOSPITAL","5089417000","680 CENTER STREET","BROCKTON","MA","02302","US","",""
"SIGNATURE HEALTHCARE BROCKTON HOSPITAL","5089417000","680 CENTER STREET","BROCKTON","MA","02302","US","42","-71"
"GOOD SAMARITAN MEDICAL CENTER","5084273000","235 NORTH PEARL STREET","BROCKTON","MA","02301","US","42","-71"
"GOOD SAMARITAN MEDICAL CENTER","5084273000","235 NORTH PEARL STREET","BROCKTON","MA","02301","US","42","-71"
"PCP166078","508-232-4012","120 STOCKWELL DR","AVON","MA","02322-1149","US","42","-71"
"PCP166078","508-232-4012","120 STOCKWELL DR","AVON","MA","02322-1149","US","42","-71"
"BRAEMOOR HEALTH CENTER","5085863696","34 NORTH PEARL STREET","BROCKTON","MA","02301","US","42","-71"
"BRAEMOOR HEALTH CENTER","5085863696","34 NORTH PEARL STREET","BROCKTON","MA","02301","US","42","-71"
