"patient_id","patient_name","practitioner","start_period","end_period","hospitalname","clinical_status","verification_status","category","insurer"
"1","Mr. Andrew29 Ham","","","","","","","",""
"1","Mr. Andrew29 Ham","Dr. Gaston250 Ha","2008-03-01T22:52","2008-03-01T23:07","PCP33126","","","",""
"1","Mr. Andrew29 Ham","Dr. Gaston250 Ha","2008-03-01T22:52","2008-03-01T23:07","PCP33126","active","confirmed","Encounter Diagno",""
"1","Mr. Andrew29 Ham","Dr. Gaston250 Ha","2008-03-01T22:52","2008-03-01T23:07","PCP33126","resolved","confirmed","Encounter Diagno",""
"1","Mr. Andrew29 Ham","Dr. Gaston250 Ha","2008-03-01T22:52","2008-03-01T23:07","PCP33126","resolved","confirmed","Encounter Diagno",""
"1","Mr. Andrew29 Ham","Dr. Gaston250 Ha","2008-03-01T22:52","2008-03-01T23:07","PCP33126","resolved","confirmed","Evaluation+Plan ",""
"1","Mr. Andrew29 Ham","Dr. Gaston250 Ha","2008-03-01T22:52","2008-03-01T23:07","PCP33126","resolved","confirmed","Clinical Note",""
"1","Mr. Andrew29 Ham","Dr. Gaston250 Ha","2008-03-01T22:52","2008-03-01T23:07","PCP33126","resolved","confirmed","Clinical Note",""
"1","Mr. Andrew29 Ham","Dr. Gaston250 Ha","2008-03-01T22:52","2008-03-01T23:07","PCP33126","resolved","confirmed","Clinical Note",""
"1","Mr. Andrew29 Ham","Dr. Gaston250 Ha","2009-03-07T22:52","2009-03-07T23:07","PCP33126","resolved","confirmed","Clinical Note",""
"1","Mr. Andrew29 Ham","Dr. Gaston250 Ha","2009-03-07T22:52","2009-03-07T23:07","PCP33126","resolved","confirmed","Encounter Diagno",""
"1","Mr. Andrew29 Ham","Dr. Gaston250 Ha","2009-03-07T22:52","2009-03-07T23:07","PCP33126","resolved","confirmed","Evaluation+Plan ",""
"1","Mr. Andrew29 Ham","Dr. Gaston250 Ha","2009-03-07T22:52","2009-03-07T23:07","PCP33126","resolved","confirmed","Clinical Note",""
"1","Mr. Andrew29 Ham","Dr. Gaston250 Ha","2009-03-07T22:52","2009-03-07T23:07","PCP33126","resolved","confirmed","Clinical Note",""
"1","Mr. Andrew29 Ham","Dr. Gaston250 Ha","2009-03-07T22:52","2009-03-07T23:07","PCP33126","resolved","confirmed","Clinical Note",""
"1","Mr. Andrew29 Ham","Dr. Gaston250 Ha","2012-03-10T22:52","2012-03-10T23:07","PCP33126","resolved","confirmed","Clinical Note",""
"1","Mr. Andrew29 Ham","Dr. Gaston250 Ha","2012-03-10T22:52","2012-03-10T23:07","PCP33126","resolved","confirmed","Encounter Diagno",""
"1","Mr. Andrew29 Ham","Dr. Gaston250 Ha","2012-03-10T22:52","2012-03-10T23:07","PCP33126","resolved","confirmed","Encounter Diagno",""
"1","Mr. Andrew29 Ham","Dr. Gaston250 Ha","2012-03-10T22:52","2012-03-10T23:07","PCP33126","resolved","confirmed","Evaluation+Plan ",""
"1","Mr. Andrew29 Ham","Dr. Gaston250 Ha","2012-03-10T22:52","2012-03-10T23:07","PCP33126","resolved","confirmed","Clinical Note",""
"1","Mr. Andrew29 Ham","Dr. Gaston250 Ha","2012-03-10T22:52","2012-03-10T23:07","PCP33126","resolved","confirmed","Clinical Note",""
"1","Mr. Andrew29 Ham","Dr. Gaston250 Ha","2012-03-10T22:52","2012-03-10T23:07","PCP33126","resolved","confirmed","Clinical Note",""
"1","Mr. Andrew29 Ham","Dr. Amos720 Jaco","2013-10-20T01:52","2013-10-20T02:07","BETH ISRAEL DEAC","resolved","confirmed","Clinical Note",""
"1","Mr. Andrew29 Ham","Dr. Amos720 Jaco","2013-10-20T01:52","2013-10-20T02:07","BETH ISRAEL DEAC","resolved","confirmed","Encounter Diagno",""
"1","Mr. Andrew29 Ham","Dr. Amos720 Jaco","2013-10-20T01:52","2013-10-20T02:07","BETH ISRAEL DEAC","resolved","confirmed","Evaluation+Plan ",""
"1","Mr. Andrew29 Ham","Dr. Amos720 Jaco","2013-10-20T01:52","2013-10-20T02:07","BETH ISRAEL DEAC","resolved","confirmed","Clinical Note",""
"1","Mr. Andrew29 Ham","Dr. Amos720 Jaco","2013-10-20T01:52","2013-10-20T02:07","BETH ISRAEL DEAC","resolved","confirmed","Clinical Note",""
"1","Mr. Andrew29 Ham","Dr. Amos720 Jaco","2013-10-20T01:52","2013-10-20T02:07","BETH ISRAEL DEAC","resolved","confirmed","Clinical Note",""
"1","Mr. Andrew29 Ham","Dr. Gaston250 Ha","2015-03-14T22:52","2015-03-14T23:07","PCP33126","resolved","confirmed","Clinical Note",""
"1","Mr. Andrew29 Ham","Dr. Gaston250 Ha","2015-03-14T22:52","2015-03-14T23:07","PCP33126","resolved","confirmed","Encounter Diagno",""
"1","Mr. Andrew29 Ham","Dr. Gaston250 Ha","2015-03-14T22:52","2015-03-14T23:07","PCP33126","resolved","confirmed","vital-signs",""
"1","Mr. Andrew29 Ham","Dr. Gaston250 Ha","2015-03-14T22:52","2015-03-14T23:07","PCP33126","resolved","confirmed","vital-signs",""
"1","Mr. Andrew29 Ham","Dr. Gaston250 Ha","2015-03-14T22:52","2015-03-14T23:07","PCP33126","resolved","confirmed","vital-signs",""
"1","Mr. Andrew29 Ham","Dr. Gaston250 Ha","2015-03-14T22:52","2015-03-14T23:07","PCP33126","resolved","confirmed","vital-signs",""
"1","Mr. Andrew29 Ham","Dr. Gaston250 Ha","2015-03-14T22:52","2015-03-14T23:07","PCP33126","resolved","confirmed","vital-signs",""
"1","Mr. Andrew29 Ham","Dr. Gaston250 Ha","2015-03-14T22:52","2015-03-14T23:07","PCP33126","resolved","confirmed","vital-signs",""
"1","Mr. Andrew29 Ham","Dr. Gaston250 Ha","2015-03-14T22:52","2015-03-14T23:07","PCP33126","resolved","confirmed","vital-signs",""
"1","Mr. Andrew29 Ham","Dr. Gaston250 Ha","2015-03-14T22:52","2015-03-14T23:07","PCP33126","resolved","confirmed","survey",""
"1","Mr. Andrew29 Ham","Dr. Gaston250 Ha","2015-03-14T22:52","2015-03-14T23:07","PCP33126","resolved","confirmed","survey",""
"1","Mr. Andrew29 Ham","Dr. Gaston250 Ha","2015-03-14T22:52","2015-03-14T23:07","PCP33126","resolved","confirmed","survey",""
"1","Mr. Andrew29 Ham","Dr. Gaston250 Ha","2015-03-14T22:52","2015-03-14T23:07","PCP33126","resolved","confirmed","survey",""
"1","Mr. Andrew29 Ham","Dr. Gaston250 Ha","2015-03-14T22:52","2015-03-14T23:07","PCP33126","resolved","confirmed","survey",""
"1","Mr. Andrew29 Ham","Dr. Gaston250 Ha","2015-03-14T22:52","2015-03-14T23:07","PCP33126","resolved","confirmed","survey",""
"1","Mr. Andrew29 Ham","Dr. Gaston250 Ha","2015-03-14T22:52","2015-03-14T23:07","PCP33126","resolved","confirmed","survey",""
"1","Mr. Andrew29 Ham","Dr. Gaston250 Ha","2015-03-14T22:52","2015-03-14T23:07","PCP33126","resolved","confirmed","survey",""
"1","Mr. Andrew29 Ham","Dr. Gaston250 Ha","2015-03-14T22:52","2015-03-14T23:07","PCP33126","resolved","confirmed","survey",""
"1","Mr. Andrew29 Ham","Dr. Gaston250 Ha","2015-03-14T22:52","2015-03-14T23:07","PCP33126","resolved","confirmed","survey",""
"1","Mr. Andrew29 Ham","Dr. Gaston250 Ha","2015-03-14T22:52","2015-03-14T23:07","PCP33126","resolved","confirmed","survey",""
"1","Mr. Andrew29 Ham","Dr. Gaston250 Ha","2015-03-14T22:52","2015-03-14T23:07","PCP33126","resolved","confirmed","survey",""
"1","Mr. Andrew29 Ham","Dr. Gaston250 Ha","2015-03-14T22:52","2015-03-14T23:07","PCP33126","resolved","confirmed","Laboratory",""
"1","Mr. Andrew29 Ham","Dr. Gaston250 Ha","2015-03-14T22:52","2015-03-14T23:07","PCP33126","resolved","confirmed","Laboratory",""
"1","Mr. Andrew29 Ham","Dr. Gaston250 Ha","2015-03-14T22:52","2015-03-14T23:07","PCP33126","resolved","confirmed","Laboratory",""
"1","Mr. Andrew29 Ham","Dr. Gaston250 Ha","2015-03-14T22:52","2015-03-14T23:07","PCP33126","resolved","confirmed","Evaluation+Plan ",""
"1","Mr. Andrew29 Ham","Dr. Gaston250 Ha","2015-03-14T22:52","2015-03-14T23:07","PCP33126","resolved","confirmed","Clinical Note",""
"1","Mr. Andrew29 Ham","Dr. Gaston250 Ha","2015-03-14T22:52","2015-03-14T23:07","PCP33126","resolved","confirmed","Clinical Note",""
"1","Mr. Andrew29 Ham","Dr. Gaston250 Ha","2015-03-14T22:52","2015-03-14T23:07","PCP33126","resolved","confirmed","Clinical Note",""
"1","Mr. Andrew29 Ham","Dr. Amos720 Jaco","2016-09-18T02:52","2016-09-18T03:07","BETH ISRAEL DEAC","resolved","confirmed","Clinical Note",""
"1","Mr. Andrew29 Ham","Dr. Amos720 Jaco","2016-09-18T02:52","2016-09-18T03:07","BETH ISRAEL DEAC","resolved","confirmed","Encounter Diagno",""
"1","Mr. Andrew29 Ham","Dr. Amos720 Jaco","2016-09-18T02:52","2016-09-18T03:07","BETH ISRAEL DEAC","resolved","confirmed","Evaluation+Plan ",""
"1","Mr. Andrew29 Ham","Dr. Amos720 Jaco","2016-09-18T02:52","2016-09-18T03:07","BETH ISRAEL DEAC","resolved","confirmed","Clinical Note",""
"1","Mr. Andrew29 Ham","Dr. Amos720 Jaco","2016-09-18T02:52","2016-09-18T03:07","BETH ISRAEL DEAC","resolved","confirmed","Clinical Note",""
"1","Mr. Andrew29 Ham","Dr. Amos720 Jaco","2016-09-18T02:52","2016-09-18T03:07","BETH ISRAEL DEAC","resolved","confirmed","Clinical Note",""
"1","Mr. Andrew29 Ham","Dr. Gaston250 Ha","2018-03-17T22:52","2018-03-17T23:07","PCP33126","resolved","confirmed","Clinical Note",""
"1","Mr. Andrew29 Ham","Dr. Gaston250 Ha","2018-03-17T22:52","2018-03-17T23:07","PCP33126","resolved","confirmed","Encounter Diagno",""
"1","Mr. Andrew29 Ham","Dr. Gaston250 Ha","2018-03-17T22:52","2018-03-17T23:07","PCP33126","active","confirmed","Encounter Diagno",""
"1","Mr. Andrew29 Ham","Dr. Gaston250 Ha","2018-03-17T22:52","2018-03-17T23:07","PCP33126","active","confirmed","Encounter Diagno",""
"1","Mr. Andrew29 Ham","Dr. Gaston250 Ha","2018-03-17T22:52","2018-03-17T23:07","PCP33126","active","confirmed","vital-signs",""
"1","Mr. Andrew29 Ham","Dr. Gaston250 Ha","2018-03-17T22:52","2018-03-17T23:07","PCP33126","active","confirmed","vital-signs",""
"1","Mr. Andrew29 Ham","Dr. Gaston250 Ha","2018-03-17T22:52","2018-03-17T23:07","PCP33126","active","confirmed","vital-signs",""
"1","Mr. Andrew29 Ham","Dr. Gaston250 Ha","2018-03-17T22:52","2018-03-17T23:07","PCP33126","active","confirmed","vital-signs",""
"1","Mr. Andrew29 Ham","Dr. Gaston250 Ha","2018-03-17T22:52","2018-03-17T23:07","PCP33126","active","confirmed","vital-signs",""
"1","Mr. Andrew29 Ham","Dr. Gaston250 Ha","2018-03-17T22:52","2018-03-17T23:07","PCP33126","active","confirmed","vital-signs",""
"1","Mr. Andrew29 Ham","Dr. Gaston250 Ha","2018-03-17T22:52","2018-03-17T23:07","PCP33126","active","confirmed","vital-signs",""
"1","Mr. Andrew29 Ham","Dr. Gaston250 Ha","2018-03-17T22:52","2018-03-17T23:07","PCP33126","active","confirmed","laboratory",""
"1","Mr. Andrew29 Ham","Dr. Gaston250 Ha","2018-03-17T22:52","2018-03-17T23:07","PCP33126","active","confirmed","laboratory",""
"1","Mr. Andrew29 Ham","Dr. Gaston250 Ha","2018-03-17T22:52","2018-03-17T23:07","PCP33126","active","confirmed","laboratory",""
"1","Mr. Andrew29 Ham","Dr. Gaston250 Ha","2018-03-17T22:52","2018-03-17T23:07","PCP33126","active","confirmed","laboratory",""
"1","Mr. Andrew29 Ham","Dr. Gaston250 Ha","2018-03-17T22:52","2018-03-17T23:07","PCP33126","active","confirmed","laboratory",""
"1","Mr. Andrew29 Ham","Dr. Gaston250 Ha","2018-03-17T22:52","2018-03-17T23:07","PCP33126","active","confirmed","laboratory",""
"1","Mr. Andrew29 Ham","Dr. Gaston250 Ha","2018-03-17T22:52","2018-03-17T23:07","PCP33126","active","confirmed","laboratory",""
"1","Mr. Andrew29 Ham","Dr. Gaston250 Ha","2018-03-17T22:52","2018-03-17T23:07","PCP33126","active","confirmed","laboratory",""
"1","Mr. Andrew29 Ham","Dr. Gaston250 Ha","2018-03-17T22:52","2018-03-17T23:07","PCP33126","active","confirmed","laboratory",""
"1","Mr. Andrew29 Ham","Dr. Gaston250 Ha","2018-03-17T22:52","2018-03-17T23:07","PCP33126","active","confirmed","laboratory",""
"1","Mr. Andrew29 Ham","Dr. Gaston250 Ha","2018-03-17T22:52","2018-03-17T23:07","PCP33126","active","confirmed","laboratory",""
"1","Mr. Andrew29 Ham","Dr. Gaston250 Ha","2018-03-17T22:52","2018-03-17T23:07","PCP33126","active","confirmed","survey",""
"1","Mr. Andrew29 Ham","Dr. Gaston250 Ha","2018-03-17T22:52","2018-03-17T23:07","PCP33126","active","confirmed","survey",""
"1","Mr. Andrew29 Ham","Dr. Gaston250 Ha","2018-03-17T22:52","2018-03-17T23:07","PCP33126","active","confirmed","survey",""
"1","Mr. Andrew29 Ham","Dr. Gaston250 Ha","2018-03-17T22:52","2018-03-17T23:07","PCP33126","active","confirmed","survey",""
"1","Mr. Andrew29 Ham","Dr. Gaston250 Ha","2018-03-17T22:52","2018-03-17T23:07","PCP33126","active","confirmed","survey",""
"1","Mr. Andrew29 Ham","Dr. Gaston250 Ha","2018-03-17T22:52","2018-03-17T23:07","PCP33126","active","confirmed","survey",""
"1","Mr. Andrew29 Ham","Dr. Gaston250 Ha","2018-03-17T22:52","2018-03-17T23:07","PCP33126","active","confirmed","survey",""
"1","Mr. Andrew29 Ham","Dr. Gaston250 Ha","2018-03-17T22:52","2018-03-17T23:07","PCP33126","active","confirmed","Laboratory",""
"1","Mr. Andrew29 Ham","Dr. Gaston250 Ha","2018-03-17T22:52","2018-03-17T23:07","PCP33126","active","confirmed","Laboratory",""
"1","Mr. Andrew29 Ham","Dr. Gaston250 Ha","2018-03-17T22:52","2018-03-17T23:07","PCP33126","active","confirmed","Evaluation+Plan ",""
"1","Mr. Andrew29 Ham","Dr. Gaston250 Ha","2018-03-17T22:52","2018-03-17T23:07","PCP33126","active","confirmed","Clinical Note",""
"1","Mr. Andrew29 Ham","Dr. Gaston250 Ha","2018-03-17T22:52","2018-03-17T23:07","PCP33126","active","confirmed","Clinical Note",""
"1","Mr. Andrew29 Ham","Dr. Gaston250 Ha","2018-03-17T22:52","2018-03-17T23:07","PCP33126","active","confirmed","Clinical Note",""
"1","Mr. Andrew29 Ham","Dr. Amos720 Jaco","2020-03-22T22:52","2020-03-22T23:07","BETH ISRAEL DEAC","active","confirmed","Clinical Note",""
"1","Mr. Andrew29 Ham","Dr. Amos720 Jaco","2020-03-22T22:52","2020-03-22T23:07","BETH ISRAEL DEAC","resolved","confirmed","Encounter Diagno",""
"1","Mr. Andrew29 Ham","Dr. Amos720 Jaco","2020-03-22T22:52","2020-03-22T23:07","BETH ISRAEL DEAC","resolved","confirmed","Evaluation+Plan ",""
"1","Mr. Andrew29 Ham","Dr. Amos720 Jaco","2020-03-22T22:52","2020-03-22T23:07","BETH ISRAEL DEAC","resolved","confirmed","Clinical Note",""
"1","Mr. Andrew29 Ham","Dr. Amos720 Jaco","2020-03-22T22:52","2020-03-22T23:07","BETH ISRAEL DEAC","resolved","confirmed","Clinical Note",""
"1","Mr. Andrew29 Ham","Dr. Amos720 Jaco","2020-03-22T22:52","2020-03-22T23:07","BETH ISRAEL DEAC","resolved","confirmed","Clinical Note",""
"1","Mr. Andrew29 Ham","Dr. Gaston250 Ha","2021-03-20T22:52","2021-03-20T23:07","PCP33126","resolved","confirmed","Clinical Note",""
"1","Mr. Andrew29 Ham","Dr. Gaston250 Ha","2021-03-20T22:52","2021-03-20T23:07","PCP33126","active","confirmed","Encounter Diagno",""
"1","Mr. Andrew29 Ham","Dr. Gaston250 Ha","2021-03-20T22:52","2021-03-20T23:07","PCP33126","active","confirmed","Encounter Diagno",""
"1","Mr. Andrew29 Ham","Dr. Gaston250 Ha","2021-03-20T22:52","2021-03-20T23:07","PCP33126","active","confirmed","Encounter Diagno",""
"1","Mr. Andrew29 Ham","Dr. Gaston250 Ha","2021-03-20T22:52","2021-03-20T23:07","PCP33126","active","confirmed","vital-signs",""
"1","Mr. Andrew29 Ham","Dr. Gaston250 Ha","2021-03-20T22:52","2021-03-20T23:07","PCP33126","active","confirmed","vital-signs",""
"1","Mr. Andrew29 Ham","Dr. Gaston250 Ha","2021-03-20T22:52","2021-03-20T23:07","PCP33126","active","confirmed","vital-signs",""
"1","Mr. Andrew29 Ham","Dr. Gaston250 Ha","2021-03-20T22:52","2021-03-20T23:07","PCP33126","active","confirmed","vital-signs",""
"1","Mr. Andrew29 Ham","Dr. Gaston250 Ha","2021-03-20T22:52","2021-03-20T23:07","PCP33126","active","confirmed","vital-signs",""
"1","Mr. Andrew29 Ham","Dr. Gaston250 Ha","2021-03-20T22:52","2021-03-20T23:07","PCP33126","active","confirmed","vital-signs",""
"1","Mr. Andrew29 Ham","Dr. Gaston250 Ha","2021-03-20T22:52","2021-03-20T23:07","PCP33126","active","confirmed","vital-signs",""
"1","Mr. Andrew29 Ham","Dr. Gaston250 Ha","2021-03-20T22:52","2021-03-20T23:07","PCP33126","active","confirmed","laboratory",""
"1","Mr. Andrew29 Ham","Dr. Gaston250 Ha","2021-03-20T22:52","2021-03-20T23:07","PCP33126","active","confirmed","laboratory",""
"1","Mr. Andrew29 Ham","Dr. Gaston250 Ha","2021-03-20T22:52","2021-03-20T23:07","PCP33126","active","confirmed","laboratory",""
"1","Mr. Andrew29 Ham","Dr. Gaston250 Ha","2021-03-20T22:52","2021-03-20T23:07","PCP33126","active","confirmed","laboratory",""
"1","Mr. Andrew29 Ham","Dr. Gaston250 Ha","2021-03-20T22:52","2021-03-20T23:07","PCP33126","active","confirmed","survey",""
"1","Mr. Andrew29 Ham","Dr. Gaston250 Ha","2021-03-20T22:52","2021-03-20T23:07","PCP33126","active","confirmed","survey",""
"1","Mr. Andrew29 Ham","Dr. Gaston250 Ha","2021-03-20T22:52","2021-03-20T23:07","PCP33126","active","confirmed","survey",""
"1","Mr. Andrew29 Ham","Dr. Gaston250 Ha","2021-03-20T22:52","2021-03-20T23:07","PCP33126","active","confirmed","survey",""
"1","Mr. Andrew29 Ham","Dr. Gaston250 Ha","2021-03-20T22:52","2021-03-20T23:07","PCP33126","active","confirmed","survey",""
"1","Mr. Andrew29 Ham","Dr. Gaston250 Ha","2021-03-20T22:52","2021-03-20T23:07","PCP33126","active","confirmed","survey",""
"1","Mr. Andrew29 Ham","Dr. Gaston250 Ha","2021-03-20T22:52","2021-03-20T23:07","PCP33126","active","confirmed","survey",""
"1","Mr. Andrew29 Ham","Dr. Gaston250 Ha","2021-03-20T22:52","2021-03-20T23:07","PCP33126","active","confirmed","survey",""
"1","Mr. Andrew29 Ham","Dr. Gaston250 Ha","2021-03-20T22:52","2021-03-20T23:07","PCP33126","active","confirmed","survey",""
"1","Mr. Andrew29 Ham","Dr. Gaston250 Ha","2021-03-20T22:52","2021-03-20T23:07","PCP33126","active","confirmed","survey",""
"1","Mr. Andrew29 Ham","Dr. Gaston250 Ha","2021-03-20T22:52","2021-03-20T23:07","PCP33126","active","confirmed","survey",""
"1","Mr. Andrew29 Ham","Dr. Gaston250 Ha","2021-03-20T22:52","2021-03-20T23:07","PCP33126","active","confirmed","survey",""
"1","Mr. Andrew29 Ham","Dr. Gaston250 Ha","2021-03-20T22:52","2021-03-20T23:07","PCP33126","active","confirmed","survey",""
"1","Mr. Andrew29 Ham","Dr. Gaston250 Ha","2021-03-20T22:52","2021-03-20T23:07","PCP33126","active","confirmed","survey",""
"1","Mr. Andrew29 Ham","Dr. Gaston250 Ha","2021-03-20T22:52","2021-03-20T23:07","PCP33126","active","confirmed","Laboratory",""
"1","Mr. Andrew29 Ham","Dr. Gaston250 Ha","2021-03-20T22:52","2021-03-20T23:07","PCP33126","active","confirmed","Laboratory",""
"1","Mr. Andrew29 Ham","Dr. Gaston250 Ha","2021-03-20T22:52","2021-03-20T23:07","PCP33126","active","confirmed","Laboratory",""
"1","Mr. Andrew29 Ham","Dr. Gaston250 Ha","2021-03-20T22:52","2021-03-20T23:07","PCP33126","active","confirmed","Laboratory",""
"1","Mr. Andrew29 Ham","Dr. Gaston250 Ha","2021-03-20T22:52","2021-03-20T23:07","PCP33126","active","confirmed","Evaluation+Plan ",""
"1","Mr. Andrew29 Ham","Dr. Gaston250 Ha","2021-03-20T22:52","2021-03-20T23:07","PCP33126","active","confirmed","Clinical Note",""
"1","Mr. Andrew29 Ham","Dr. Gaston250 Ha","2021-03-20T22:52","2021-03-20T23:07","PCP33126","active","confirmed","Clinical Note",""
"1","Mr. Andrew29 Ham","Dr. Gaston250 Ha","2021-03-20T22:52","2021-03-20T23:07","PCP33126","active","confirmed","Clinical Note",""
"1","Mr. Andrew29 Ham","Dr. Gaston250 Ha","2021-03-20T22:52","2021-03-20T23:07","PCP33126","active","confirmed","Clinical Note",""
